63 6f 6e 73 74 20 7b 20  75 73 65 53 74 61 74 65
2c 20 75 73 65 52 65 66  2c 20 75 73 65 45 66 66
65 63 74 2c 20 75 73 65  43 61 6c 6c 62 61 63 6b
2c 20 75 73 65 4d 65 6d  6f 20 7d 20 3d 20 52 65
61 63 74 3b 0a 0a 2f 2a  20 2d 2d 2d 2d 2d 2d 2d
2d 2d 2d 2d 2d 2d 2d 2d  2d 2d 2d 2d 2d 2d 2d 2d
2d 2d 2d 2d 2d 2d 20 49  63 6f 6e 73 20 2d 2d 2d
2d 2d 2d 2d 2d 2d 2d 2d  2d 2d 2d 2d 2d 2d 2d 2d
2d 2d 2d 2d 2d 2d 2d 2d  2d 2d 20 2a 2f 0a 63 6f
6e 73 74 20 49 63 6f 6e  20 3d 20 7b 0a 20 20 73
70 61 72 6b 3a 20 28 70  29 20 3d 3e 20 28 0a 20
20 20 20 3c 73 76 67 20  76 69 65 77 42 6f 78 3d
22 30 20 30 20 32 34 20  32 34 22 20 66 69 6c 6c
3d 22 6e 6f 6e 65 22 20  7b 2e 2e 2e 70 7d 3e 0a
20 20 20 20 20 20 3c 70  61 74 68 0a 20 20 20 20
20 20 20 20 64 3d 22 4d  31 32 20 32 2e 35 6c 31
2e 39 20 35 2e 31 20 35  2e 31 20 31 2e 39 2d 35
2e 31 20 31 2e 39 4c 31  32 20 31 36 2e 35 6c 2d
31 2e 39 2d 35 2e 31 4c  35 20 39 2e 35 6c 35 2e
31 2d 31 2e 39 4c 31 32  20 32 2e 35 7a 22 0a 20
20 20 20 20 20 20 20 66  69 6c 6c 3d 22 63 75 72
72 65 6e 74 43 6f 6c 6f  72 22 0a 20 20 20 20 20
20 2f 3e 0a 20 20 20 20  20 20 3c 70 61 74 68 0a
20 20 20 20 20 20 20 20  64 3d 22 4d 31 38 2e 35
20 31 34 2e 35 6c 2e 39  20 32 2e 34 20 32 2e 34
2e 39 2d 32 2e 34 2e 39  2d 2e 39 20 32 2e 34 2d
2e 39 2d 32 2e 34 2d 32  2e 34 2d 2e 39 20 32 2e
34 2d 2e 39 2e 39 2d 32  2e 34 7a 22 0a 20 20 20
20 20 20 20 20 66 69 6c  6c 3d 22 63 75 72 72 65
6e 74 43 6f 6c 6f 72 22  0a 20 20 20 20 20 20 20
20 6f 70 61 63 69 74 79  3d 22 30 2e 37 22 0a 20
20 20 20 20 20 2f 3e 0a  20 20 20 20 3c 2f 73 76
67 3e 0a 20 20 29 2c 0a  20 20 63 61 72 65 74 3a
20 28 70 29 20 3d 3e 20  28 0a 20 20 20 20 3c 73
76 67 20 76 69 65 77 42  6f 78 3d 22 30 20 30 20
32 34 20 32 34 22 20 66  69 6c 6c 3d 22 6e 6f 6e
65 22 20 7b 2e 2e 2e 70  7d 3e 0a 20 20 20 20 20
20 3c 70 61 74 68 0a 20  20 20 20 20 20 20 20 64
3d 22 4d 36 20 39 6c 36  20 36 20 36 2d 36 22 0a
20 20 20 20 20 20 20 20  73 74 72 6f 6b 65 3d 22
63 75 72 72 65 6e 74 43  6f 6c 6f 72 22 0a 20 20
20 20 20 20 20 20 73 74  72 6f 6b 65 57 69 64 74
68 3d 22 32 22 0a 20 20  20 20 20 20 20 20 73 74
72 6f 6b 65 4c 69 6e 65  63 61 70 3d 22 72 6f 75
6e 64 22 0a 20 20 20 20  20 20 20 20 73 74 72 6f
6b 65 4c 69 6e 65 6a 6f  69 6e 3d 22 72 6f 75 6e
64 22 0a 20 20 20 20 20  20 2f 3e 0a 20 20 20 20
3c 2f 73 76 67 3e 0a 20  20 29 2c 0a 20 20 63 68
65 76 3a 20 28 70 29 20  3d 3e 20 28 0a 20 20 20
20 3c 73 76 67 20 76 69  65 77 42 6f 78 3d 22 30
20 30 20 32 34 20 32 34  22 20 66 69 6c 6c 3d 22
6e 6f 6e 65 22 20 7b 2e  2e 2e 70 7d 3e 0a 20 20
20 20 20 20 3c 70 61 74  68 0a 20 20 20 20 20 20
20 20 64 3d 22 4d 36 20  39 6c 36 20 36 20 36 2d
36 22 0a 20 20 20 20 20  20 20 20 73 74 72 6f 6b
65 3d 22 63 75 72 72 65  6e 74 43 6f 6c 6f 72 22
0a 20 20 20 20 20 20 20  20 73 74 72 6f 6b 65 57
69 64 74 68 3d 22 32 22  0a 20 20 20 20 20 20 20
20 73 74 72 6f 6b 65 4c  69 6e 65 63 61 70 3d 22
72 6f 75 6e 64 22 0a 20  20 20 20 20 20 20 20 73
74 72 6f 6b 65 4c 69 6e  65 6a 6f 69 6e 3d 22 72
6f 75 6e 64 22 0a 20 20  20 20 20 20 2f 3e 0a 20
20 20 20 3c 2f 73 76 67  3e 0a 20 20 29 2c 0a 20
20 72 65 73 65 74 3a 20  28 70 29 20 3d 3e 20 28
0a 20 20 20 20 3c 73 76  67 20 76 69 65 77 42 6f
78 3d 22 30 20 30 20 32  34 20 32 34 22 20 66 69
6c 6c 3d 22 6e 6f 6e 65  22 20 7b 2e 2e 2e 70 7d
3e 0a 20 20 20 20 20 20  3c 70 61 74 68 0a 20 20
20 20 20 20 20 20 64 3d  22 4d 33 20 31 32 61 39
20 39 20 30 20 31 30 39  2d 39 20 39 20 39 20 30
20 30 30 2d 37 20 33 2e  33 4d 33 20 34 76 33 2e
33 68 33 2e 33 22 0a 20  20 20 20 20 20 20 20 73
74 72 6f 6b 65 3d 22 63  75 72 72 65 6e 74 43 6f
6c 6f 72 22 0a 20 20 20  20 20 20 20 20 73 74 72
6f 6b 65 57 69 64 74 68  3d 22 32 22 0a 20 20 20
20 20 20 20 20 73 74 72  6f 6b 65 4c 69 6e 65 63
61 70 3d 22 72 6f 75 6e  64 22 0a 20 20 20 20 20
20 20 20 73 74 72 6f 6b  65 4c 69 6e 65 6a 6f 69
6e 3d 22 72 6f 75 6e 64  22 0a 20 20 20 20 20 20
2f 3e 0a 20 20 20 20 3c  2f 73 76 67 3e 0a 20 20
29 2c 0a 20 20 63 6f 70  79 3a 20 28 70 29 20 3d
3e 20 28 0a 20 20 20 20  3c 73 76 67 20 76 69 65
77 42 6f 78 3d 22 30 20  30 20 32 34 20 32 34 22
20 66 69 6c 6c 3d 22 6e  6f 6e 65 22 20 7b 2e 2e
2e 70 7d 3e 0a 20 20 20  20 20 20 3c 72 65 63 74
0a 20 20 20 20 20 20 20  20 78 3d 22 39 22 0a 20
20 20 20 20 20 20 20 79  3d 22 39 22 0a 20 20 20
20 20 20 20 20 77 69 64  74 68 3d 22 31 31 22 0a
20 20 20 20 20 20 20 20  68 65 69 67 68 74 3d 22
31 31 22 0a 20 20 20 20  20 20 20 20 72 78 3d 22
32 22 0a 20 20 20 20 20  20 20 20 73 74 72 6f 6b
65 3d 22 63 75 72 72 65  6e 74 43 6f 6c 6f 72 22
0a 20 20 20 20 20 20 20  20 73 74 72 6f 6b 65 57
69 64 74 68 3d 22 32 22  0a 20 20 20 20 20 20 2f
3e 0a 20 20 20 20 20 20  3c 70 61 74 68 0a 20 20
20 20 20 20 20 20 64 3d  22 4d 35 20 31 35 56 35
61 32 20 32 20 30 20 30  31 32 2d 32 68 31 30 22
0a 20 20 20 20 20 20 20  20 73 74 72 6f 6b 65 3d
22 63 75 72 72 65 6e 74  43 6f 6c 6f 72 22 0a 20
20 20 20 20 20 20 20 73  74 72 6f 6b 65 57 69 64
74 68 3d 22 32 22 0a 20  20 20 20 20 20 20 20 73
74 72 6f 6b 65 4c 69 6e  65 63 61 70 3d 22 72 6f
75 6e 64 22 0a 20 20 20  20 20 20 2f 3e 0a 20 20
20 20 3c 2f 73 76 67 3e  0a 20 20 29 2c 0a 20 20
63 68 65 63 6b 3a 20 28  70 29 20 3d 3e 20 28 0a
20 20 20 20 3c 73 76 67  20 76 69 65 77 42 6f 78
3d 22 30 20 30 20 32 34  20 32 34 22 20 66 69 6c
6c 3d 22 6e 6f 6e 65 22  20 7b 2e 2e 2e 70 7d 3e
0a 20 20 20 20 20 20 3c  70 61 74 68 0a 20 20 20
20 20 20 20 20 64 3d 22  4d 35 20 31 33 6c 34 20
34 4c 31 39 20 37 22 0a  20 20 20 20 20 20 20 20
73 74 72 6f 6b 65 3d 22  63 75 72 72 65 6e 74 43
6f 6c 6f 72 22 0a 20 20  20 20 20 20 20 20 73 74
72 6f 6b 65 57 69 64 74  68 3d 22 32 2e 32 22 0a
20 20 20 20 20 20 20 20  73 74 72 6f 6b 65 4c 69
6e 65 63 61 70 3d 22 72  6f 75 6e 64 22 0a 20 20
20 20 20 20 20 20 73 74  72 6f 6b 65 4c 69 6e 65
6a 6f 69 6e 3d 22 72 6f  75 6e 64 22 0a 20 20 20
20 20 20 2f 3e 0a 20 20  20 20 3c 2f 73 76 67 3e
0a 20 20 29 2c 0a 20 20  73 65 6e 64 3a 20 28 70
29 20 3d 3e 20 28 0a 20  20 20 20 3c 73 76 67 20
76 69 65 77 42 6f 78 3d  22 30 20 30 20 32 34 20
32 34 22 20 66 69 6c 6c  3d 22 6e 6f 6e 65 22 20
7b 2e 2e 2e 70 7d 3e 0a  20 20 20 20 20 20 3c 70
61 74 68 20 64 3d 22 4d  34 20 31 32 6c 31 36 2d
38 2d 35 20 31 36 2d 33  2e 35 2d 36 4c 34 20 31
32 7a 22 20 66 69 6c 6c  3d 22 63 75 72 72 65 6e
74 43 6f 6c 6f 72 22 20  2f 3e 0a 20 20 20 20 3c
2f 73 76 67 3e 0a 20 20  29 2c 0a 20 20 74 61 72
67 65 74 3a 20 28 70 29  20 3d 3e 20 28 0a 20 20
20 20 3c 73 76 67 20 76  69 65 77 42 6f 78 3d 22
30 20 30 20 32 34 20 32  34 22 20 66 69 6c 6c 3d
22 6e 6f 6e 65 22 20 7b  2e 2e 2e 70 7d 3e 0a 20
20 20 20 20 20 3c 63 69  72 63 6c 65 20 63 78 3d
22 31 32 22 20 63 79 3d  22 31 32 22 20 72 3d 22
38 22 20 73 74 72 6f 6b  65 3d 22 63 75 72 72 65
6e 74 43 6f 6c 6f 72 22  20 73 74 72 6f 6b 65 57
69 64 74 68 3d 22 32 22  20 2f 3e 0a 20 20 20 20
20 20 3c 63 69 72 63 6c  65 20 63 78 3d 22 31 32
22 20 63 79 3d 22 31 32  22 20 72 3d 22 33 2e 32
22 20 66 69 6c 6c 3d 22  63 75 72 72 65 6e 74 43
6f 6c 6f 72 22 20 2f 3e  0a 20 20 20 20 3c 2f 73
76 67 3e 0a 20 20 29 2c  0a 20 20 61 72 72 6f 77
3a 20 28 70 29 20 3d 3e  20 28 0a 20 20 20 20 3c
73 76 67 20 76 69 65 77  42 6f 78 3d 22 30 20 30
20 32 34 20 32 34 22 20  66 69 6c 6c 3d 22 6e 6f
6e 65 22 20 7b 2e 2e 2e  70 7d 3e 0a 20 20 20 20
20 20 3c 70 61 74 68 0a  20 20 20 20 20 20 20 20
64 3d 22 4d 39 20 36 6c  36 20 36 2d 36 20 36 22
0a 20 20 20 20 20 20 20  20 73 74 72 6f 6b 65 3d
22 63 75 72 72 65 6e 74  43 6f 6c 6f 72 22 0a 20
20 20 20 20 20 20 20 73  74 72 6f 6b 65 57 69 64
74 68 3d 22 32 22 0a 20  20 20 20 20 20 20 20 73
74 72 6f 6b 65 4c 69 6e  65 63 61 70 3d 22 72 6f
75 6e 64 22 0a 20 20 20  20 20 20 20 20 73 74 72
6f 6b 65 4c 69 6e 65 6a  6f 69 6e 3d 22 72 6f 75
6e 64 22 0a 20 20 20 20  20 20 2f 3e 0a 20 20 20
20 3c 2f 73 76 67 3e 0a  20 20 29 2c 0a 20 20 70
6c 61 79 3a 20 28 70 29  20 3d 3e 20 28 0a 20 20
20 20 3c 73 76 67 20 76  69 65 77 42 6f 78 3d 22
30 20 30 20 32 34 20 32  34 22 20 66 69 6c 6c 3d
22 6e 6f 6e 65 22 20 7b  2e 2e 2e 70 7d 3e 0a 20
20 20 20 20 20 3c 70 61  74 68 20 64 3d 22 4d 37
20 35 6c 31 32 20 37 2d  31 32 20 37 56 35 7a 22
20 66 69 6c 6c 3d 22 63  75 72 72 65 6e 74 43 6f
6c 6f 72 22 20 2f 3e 0a  20 20 20 20 3c 2f 73 76
67 3e 0a 20 20 29 2c 0a  20 20 70 65 6e 63 69 6c
3a 20 28 70 29 20 3d 3e  20 28 0a 20 20 20 20 3c
73 76 67 20 76 69 65 77  42 6f 78 3d 22 30 20 30
20 32 34 20 32 34 22 20  66 69 6c 6c 3d 22 6e 6f
6e 65 22 20 7b 2e 2e 2e  70 7d 3e 0a 20 20 20 20
20 20 3c 70 61 74 68 0a  20 20 20 20 20 20 20 20
64 3d 22 4d 31 34 2e 35  20 35 2e 35 6c 34 20 34
4d 34 20 32 30 6c 31 2d  34 4c 31 36 2e 35 20 34
2e 35 61 32 2e 31 20 32  2e 31 20 30 20 30 31 33
20 33 4c 38 20 31 39 6c  2d 34 20 31 7a 22 0a 20
20 20 20 20 20 20 20 73  74 72 6f 6b 65 3d 22 63
75 72 72 65 6e 74 43 6f  6c 6f 72 22 0a 20 20 20
20 20 20 20 20 73 74 72  6f 6b 65 57 69 64 74 68
3d 22 32 22 0a 20 20 20  20 20 20 20 20 73 74 72
6f 6b 65 4c 69 6e 65 63  61 70 3d 22 72 6f 75 6e
64 22 0a 20 20 20 20 20  20 20 20 73 74 72 6f 6b
65 4c 69 6e 65 6a 6f 69  6e 3d 22 72 6f 75 6e 64
22 0a 20 20 20 20 20 20  2f 3e 0a 20 20 20 20 3c
2f 73 76 67 3e 0a 20 20  29 2c 0a 20 20 6c 6f 61
64 65 72 3a 20 28 70 29  20 3d 3e 20 28 0a 20 20
20 20 3c 73 76 67 20 76  69 65 77 42 6f 78 3d 22
30 20 30 20 32 34 20 32  34 22 20 66 69 6c 6c 3d
22 6e 6f 6e 65 22 20 7b  2e 2e 2e 70 7d 3e 0a 20
20 20 20 20 20 3c 70 61  74 68 0a 20 20 20 20 20
20 20 20 64 3d 22 4d 31  32 20 33 61 39 20 39 20
30 20 31 30 39 20 39 22  0a 20 20 20 20 20 20 20
20 73 74 72 6f 6b 65 3d  22 63 75 72 72 65 6e 74
43 6f 6c 6f 72 22 0a 20  20 20 20 20 20 20 20 73
74 72 6f 6b 65 57 69 64  74 68 3d 22 32 2e 34 22
0a 20 20 20 20 20 20 20  20 73 74 72 6f 6b 65 4c
69 6e 65 63 61 70 3d 22  72 6f 75 6e 64 22 0a 20
20 20 20 20 20 2f 3e 0a  20 20 20 20 3c 2f 73 76
67 3e 0a 20 20 29 2c 0a  20 20 73 75 6e 3a 20 28
70 29 20 3d 3e 20 28 0a  20 20 20 20 3c 73 76 67
20 76 69 65 77 42 6f 78  3d 22 30 20 30 20 32 34
20 32 34 22 20 66 69 6c  6c 3d 22 6e 6f 6e 65 22
20 7b 2e 2e 2e 70 7d 3e  0a 20 20 20 20 20 20 3c
63 69 72 63 6c 65 20 63  78 3d 22 31 32 22 20 63
79 3d 22 31 32 22 20 72  3d 22 34 22 20 73 74 72
6f 6b 65 3d 22 63 75 72  72 65 6e 74 43 6f 6c 6f
72 22 20 73 74 72 6f 6b  65 57 69 64 74 68 3d 22
32 22 20 2f 3e 0a 20 20  20 20 20 20 3c 70 61 74
68 0a 20 20 20 20 20 20  20 20 64 3d 22 4d 31 32
20 32 76 32 4d 31 32 20  32 30 76 32 4d 34 20 31
32 48 32 4d 32 32 20 31  32 68 2d 32 4d 35 20 35
6c 31 2e 35 20 31 2e 35  4d 31 37 2e 35 20 31 37
2e 35 4c 31 39 20 31 39  4d 31 39 20 35 6c 2d 31
2e 35 20 31 2e 35 4d 36  2e 35 20 31 37 2e 35 4c
35 20 31 39 22 0a 20 20  20 20 20 20 20 20 73 74
72 6f 6b 65 3d 22 63 75  72 72 65 6e 74 43 6f 6c
6f 72 22 0a 20 20 20 20  20 20 20 20 73 74 72 6f
6b 65 57 69 64 74 68 3d  22 32 22 0a 20 20 20 20
20 20 20 20 73 74 72 6f  6b 65 4c 69 6e 65 63 61
70 3d 22 72 6f 75 6e 64  22 0a 20 20 20 20 20 20
2f 3e 0a 20 20 20 20 3c  2f 73 76 67 3e 0a 20 20
29 2c 0a 20 20 6d 6f 6f  6e 3a 20 28 70 29 20 3d
3e 20 28 0a 20 20 20 20  3c 73 76 67 20 76 69 65
77 42 6f 78 3d 22 30 20  30 20 32 34 20 32 34 22
20 66 69 6c 6c 3d 22 6e  6f 6e 65 22 20 7b 2e 2e
2e 70 7d 3e 0a 20 20 20  20 20 20 3c 70 61 74 68
0a 20 20 20 20 20 20 20  20 64 3d 22 4d 32 31 20
31 32 2e 38 41 39 20 39  20 30 20 31 31 31 31 2e
32 20 33 61 37 20 37 20  30 20 30 30 39 2e 38 20
39 2e 38 7a 22 0a 20 20  20 20 20 20 20 20 73 74
72 6f 6b 65 3d 22 63 75  72 72 65 6e 74 43 6f 6c
6f 72 22 0a 20 20 20 20  20 20 20 20 73 74 72 6f
6b 65 57 69 64 74 68 3d  22 32 22 0a 20 20 20 20
20 20 20 20 73 74 72 6f  6b 65 4c 69 6e 65 6a 6f
69 6e 3d 22 72 6f 75 6e  64 22 0a 20 20 20 20 20
20 2f 3e 0a 20 20 20 20  3c 2f 73 76 67 3e 0a 20
20 29 2c 0a 20 20 70 6c  61 6e 3a 20 73 76 67 28
0a 20 20 20 20 3c 3e 0a  20 20 20 20 20 20 3c 70
61 74 68 20 64 3d 22 4d  31 32 20 32 4c 32 20 37
6c 31 30 20 35 20 31 30  2d 35 2d 31 30 2d 35 7a
22 20 2f 3e 0a 20 20 20  20 20 20 3c 70 61 74 68
20 64 3d 22 4d 32 20 31  37 6c 31 30 20 35 20 31
30 2d 35 22 20 2f 3e 0a  20 20 20 20 20 20 3c 70
61 74 68 20 64 3d 22 4d  32 20 31 32 6c 31 30 20
35 20 31 30 2d 35 22 20  2f 3e 0a 20 20 20 20 3c
2f 3e 0a 20 20 29 2c 0a  20 20 62 75 69 6c 64 3a
20 73 76 67 28 0a 20 20  20 20 3c 3e 0a 20 20 20
20 20 20 3c 70 61 74 68  20 64 3d 22 4d 31 30 20
32 30 68 34 22 20 2f 3e  0a 20 20 20 20 20 20 3c
70 61 74 68 20 64 3d 22  4d 31 34 20 32 76 36 68
36 22 20 2f 3e 0a 20 20  20 20 20 20 3c 70 61 74
68 20 64 3d 22 4d 34 20  35 76 31 34 61 32 20 32
20 30 20 30 30 32 20 32  68 31 32 61 32 20 32 20
30 20 30 30 32 2d 32 76  2d 37 22 20 2f 3e 0a 20
20 20 20 20 20 3c 70 61  74 68 20 64 3d 22 4d 39
20 31 68 35 76 35 48 39  7a 22 20 2f 3e 0a 20 20
20 20 3c 2f 3e 0a 20 20  29 2c 0a 7d 3b 0a 63 6f
6e 73 74 20 48 75 62 49  63 6f 6e 20 3d 20 7b 0a
20 20 62 61 63 6b 3a 20  28 70 29 20 3d 3e 20 28
0a 20 20 20 20 3c 73 76  67 20 76 69 65 77 42 6f
78 3d 22 30 20 30 20 32  34 20 32 34 22 20 66 69
6c 6c 3d 22 6e 6f 6e 65  22 20 7b 2e 2e 2e 70 7d
3e 0a 20 20 20 20 20 20  3c 70 61 74 68 0a 20 20
20 20 20 20 20 20 64 3d  22 4d 31 35 20 36 6c 2d
36 20 36 20 36 20 36 22  0a 20 20 20 20 20 20 20
20 73 74 72 6f 6b 65 3d  22 63 75 72 72 65 6e 74
43 6f 6c 6f 72 22 0a 20  20 20 20 20 20 20 20 73
74 72 6f 6b 65 57 69 64  74 68 3d 22 32 22 0a 20
20 20 20 20 20 20 20 73  74 72 6f 6b 65 4c 69 6e
65 63 61 70 3d 22 72 6f  75 6e 64 22 0a 20 20 20
20 20 20 20 20 73 74 72  6f 6b 65 4c 69 6e 65 6a
6f 69 6e 3d 22 72 6f 75  6e 64 22 0a 20 20 20 20
20 20 2f 3e 0a 20 20 20  20 3c 2f 73 76 67 3e 0a
20 20 29 2c 0a 20 20 73  65 61 72 63 68 3a 20 28
70 29 20 3d 3e 20 28 0a  20 20 20 20 3c 73 76 67
20 76 69 65 77 42 6f 78  3d 22 30 20 30 20 32 34
20 32 34 22 20 66 69 6c  6c 3d 22 6e 6f 6e 65 22
20 7b 2e 2e 2e 70 7d 3e  0a 20 20 20 20 20 20 3c
63 69 72 63 6c 65 0a 20  20 20 20 20 20 20 20 63
78 3d 22 31 30 2e 35 22  0a 20 20 20 20 20 20 20
20 63 79 3d 22 31 30 2e  35 22 0a 20 20 20 20 20
20 20 20 72 3d 22 36 2e  35 22 0a 20 20 20 20 20
20 20 20 73 74 72 6f 6b  65 3d 22 63 75 72 72 65
6e 74 43 6f 6c 6f 72 22  0a 20 20 20 20 20 20 20
20 73 74 72 6f 6b 65 57  69 64 74 68 3d 22 32 22
0a 20 20 20 20 20 20 2f  3e 0a 20 20 20 20 20 20
3c 70 61 74 68 0a 20 20  20 20 20 20 20 20 64 3d
22 4d 31 35 2e 35 20 31  35 2e 35 4c 32 30 20 32
30 22 0a 20 20 20 20 20  20 20 20 73 74 72 6f 6b
65 3d 22 63 75 72 72 65  6e 74 43 6f 6c 6f 72 22
0a 20 20 20 20 20 20 20  20 73 74 72 6f 6b 65 57
69 64 74 68 3d 22 32 22  0a 20 20 20 20 20 20 20
20 73 74 72 6f 6b 65 4c  69 6e 65 63 61 70 3d 22
72 6f 75 6e 64 22 0a 20  20 20 20 20 20 2f 3e 0a
20 20 20 20 3c 2f 73 76  67 3e 0a 20 20 29 2c 0a
20 20 64 6f 77 6e 6c 6f  61 64 3a 20 28 70 29 20
3d 3e 20 28 0a 20 20 20  20 3c 73 76 67 20 76 69
65 77 42 6f 78 3d 22 30  20 30 20 32 34 20 32 34
22 20 66 69 6c 6c 3d 22  6e 6f 6e 65 22 20 7b 2e
2e 2e 70 7d 3e 0a 20 20  20 20 20 20 3c 70 61 74
68 0a 20 20 20 20 20 20  20 20 64 3d 22 4d 31 32
20 33 76 31 32 6d 30 20  30 6c 2d 34 2d 34 6d 34
20 34 6c 34 2d 34 4d 35  20 31 37 76 32 61 32 20
32 20 30 20 30 30 32 20  32 68 31 30 61 32 20 32
20 30 20 30 30 32 2d 32  76 2d 32 22 0a 20 20 20
20 20 20 20 20 73 74 72  6f 6b 65 3d 22 63 75 72
72 65 6e 74 43 6f 6c 6f  72 22 0a 20 20 20 20 20
20 20 20 73 74 72 6f 6b  65 57 69 64 74 68 3d 22
32 22 0a 20 20 20 20 20  20 20 20 73 74 72 6f 6b
65 4c 69 6e 65 63 61 70  3d 22 72 6f 75 6e 64 22
0a 20 20 20 20 20 20 20  20 73 74 72 6f 6b 65 4c
69 6e 65 6a 6f 69 6e 3d  22 72 6f 75 6e 64 22 0a
20 20 20 20 20 20 2f 3e  0a 20 20 20 20 3c 2f 73
76 67 3e 0a 20 20 29 2c  0a 20 20 63 68 65 63 6b
3a 20 28 70 29 20 3d 3e  20 28 0a 20 20 20 20 3c
73 76 67 20 76 69 65 77  42 6f 78 3d 22 30 20 30
20 32 34 20 32 34 22 20  66 69 6c 6c 3d 22 6e 6f
6e 65 22 20 7b 2e 2e 2e  70 7d 3e 0a 20 20 20 20
20 20 3c 70 61 74 68 0a  20 20 20 20 20 20 20 20
64 3d 22 4d 35 20 31 33  6c 34 20 34 4c 31 39 20
37 22 0a 20 20 20 20 20  20 20 20 73 74 72 6f 6b
65 3d 22 63 75 72 72 65  6e 74 43 6f 6c 6f 72 22
0a 20 20 20 20 20 20 20  20 73 74 72 6f 6b 65 57
69 64 74 68 3d 22 32 2e  32 22 0a 20 20 20 20 20
20 20 20 73 74 72 6f 6b  65 4c 69 6e 65 63 61 70
3d 22 72 6f 75 6e 64 22  0a 20 20 20 20 20 20 20
20 73 74 72 6f 6b 65 4c  69 6e 65 6a 6f 69 6e 3d
22 72 6f 75 6e 64 22 0a  20 20 20 20 20 20 2f 3e
0a 20 20 20 20 3c 2f 73  76 67 3e 0a 20 20 29 2c
0a 20 20 6c 6f 61 64 65  72 3a 20 28 70 29 20 3d
3e 20 28 0a 20 20 20 20  3c 73 76 67 20 76 69 65
77 42 6f 78 3d 22 30 20  30 20 32 34 20 32 34 22
20 66 69 6c 6c 3d 22 6e  6f 6e 65 22 20 7b 2e 2e
2e 70 7d 3e 0a 20 20 20  20 20 20 3c 70 61 74 68
0a 20 20 20 20 20 20 20  20 64 3d 22 4d 31 32 20
33 61 39 20 39 20 30 20  31 30 39 20 39 22 0a 20
20 20 20 20 20 20 20 73  74 72 6f 6b 65 3d 22 63
75 72 72 65 6e 74 43 6f  6c 6f 72 22 0a 20 20 20
20 20 20 20 20 73 74 72  6f 6b 65 57 69 64 74 68
3d 22 32 2e 34 22 0a 20  20 20 20 20 20 20 20 73
74 72 6f 6b 65 4c 69 6e  65 63 61 70 3d 22 72 6f
75 6e 64 22 0a 20 20 20  20 20 20 2f 3e 0a 20 20
20 20 3c 2f 73 76 67 3e  0a 20 20 29 2c 0a 20 20
73 74 61 72 3a 20 28 70  29 20 3d 3e 20 28 0a 20
20 20 20 3c 73 76 67 20  76 69 65 77 42 6f 78 3d
22 30 20 30 20 32 34 20  32 34 22 20 66 69 6c 6c
3d 22 6e 6f 6e 65 22 20  7b 2e 2e 2e 70 7d 3e 0a
20 20 20 20 20 20 3c 70  61 74 68 0a 20 20 20 20
20 20 20 20 64 3d 22 4d  31 32 20 32 6c 32 2e 39
20 36 2e 33 4c 32 32 20  39 2e 32 6c 2d 35 20 34
2e 36 20 31 2e 33 20 36  2e 39 4c 31 32 20 31 37
2e 35 6c 2d 36 2e 33 20  33 2e 32 4c 37 20 31 33
2e 38 20 32 20 39 2e 32  6c 37 2e 31 2d 2e 39 4c
31 32 20 32 7a 22 0a 20  20 20 20 20 20 20 20 66
69 6c 6c 3d 22 63 75 72  72 65 6e 74 43 6f 6c 6f
72 22 0a 20 20 20 20 20  20 2f 3e 0a 20 20 20 20
3c 2f 73 76 67 3e 0a 20  20 29 2c 0a 20 20 64 6c
3a 20 28 70 29 20 3d 3e  20 28 0a 20 20 20 20 3c
73 76 67 20 76 69 65 77  42 6f 78 3d 22 30 20 30
20 32 34 20 32 34 22 20  66 69 6c 6c 3d 22 6e 6f
6e 65 22 20 7b 2e 2e 2e  70 7d 3e 0a 20 20 20 20
20 20 3c 70 61 74 68 0a  20 20 20 20 20 20 20 20
64 3d 22 4d 31 32 20 35  76 31 30 6d 30 20 30 6c
2d 33 2d 33 6d 33 20 33  6c 33 2d 33 4d 36 20 31
37 68 31 32 22 0a 20 20  20 20 20 20 20 20 73 74
72 6f 6b 65 3d 22 63 75  72 72 65 6e 74 43 6f 6c
6f 72 22 0a 20 20 20 20  20 20 20 20 73 74 72 6f
6b 65 57 69 64 74 68 3d  22 32 22 0a 20 20 20 20
20 20 20 20 73 74 72 6f  6b 65 4c 69 6e 65 63 61
70 3d 22 72 6f 75 6e 64  22 0a 20 20 20 20 20 20
2f 3e 0a 20 20 20 20 3c  2f 73 76 67 3e 0a 20 20
29 2c 0a 20 20 68 66 3a  20 28 70 29 20 3d 3e 20
28 0a 20 20 20 20 3c 73  76 67 20 76 69 65 77 42
6f 78 3d 22 30 20 30 20  32 34 20 32 34 22 20 66
69 6c 6c 3d 22 6e 6f 6e  65 22 20 7b 2e 2e 2e 70
7d 3e 0a 20 20 20 20 20  20 3c 70 61 74 68 0a 20
20 20 20 20 20 20 20 64  3d 22 4d 37 2e 35 20 37
2e 35 61 32 2e 35 20 32  2e 35 20 30 20 30 31 35
20 30 76 33 68 2d 35 76  2d 33 7a 6d 34 20 30 61
32 2e 35 20 32 2e 35 20  30 20 30 31 35 20 30 76
33 68 2d 35 76 2d 33 7a  6d 2d 35 20 35 68 35 76
34 61 32 20 32 20 30 20  30 31 2d 32 20 32 68 2d
31 61 32 20 32 20 30 20  30 31 2d 32 2d 32 76 2d
34 7a 6d 36 20 30 68 35  76 34 61 32 20 32 20 30
20 30 31 2d 32 20 32 68  2d 31 61 32 20 32 20 30
20 30 31 2d 32 2d 32 76  2d 34 7a 22 0a 20 20 20
20 20 20 20 20 66 69 6c  6c 3d 22 63 75 72 72 65
6e 74 43 6f 6c 6f 72 22  0a 20 20 20 20 20 20 2f
3e 0a 20 20 20 20 3c 2f  73 76 67 3e 0a 20 20 29
2c 0a 20 20 65 6d 70 74  79 3a 20 28 70 29 20 3d
3e 20 28 0a 20 20 20 20  3c 73 76 67 20 76 69 65
77 42 6f 78 3d 22 30 20  30 20 32 34 20 32 34 22
20 66 69 6c 6c 3d 22 6e  6f 6e 65 22 20 7b 2e 2e
2e 70 7d 3e 0a 20 20 20  20 20 20 3c 72 65 63 74
0a 20 20 20 20 20 20 20  20 78 3d 22 33 22 0a 20
20 20 20 20 20 20 20 79  3d 22 35 22 0a 20 20 20
20 20 20 20 20 77 69 64  74 68 3d 22 31 38 22 0a
20 20 20 20 20 20 20 20  68 65 69 67 68 74 3d 22
31 34 22 0a 20 20 20 20  20 20 20 20 72 78 3d 22
33 22 0a 20 20 20 20 20  20 20 20 73 74 72 6f 6b
65 3d 22 63 75 72 72 65  6e 74 43 6f 6c 6f 72 22
0a 20 20 20 20 20 20 20  20 73 74 72 6f 6b 65 57
69 64 74 68 3d 22 32 22  0a 20 20 20 20 20 20 2f
3e 0a 20 20 20 20 20 20  3c 70 61 74 68 0a 20 20
20 20 20 20 20 20 64 3d  22 4d 38 20 31 32 68 38
4d 31 30 20 31 35 68 34  22 0a 20 20 20 20 20 20
20 20 73 74 72 6f 6b 65  3d 22 63 75 72 72 65 6e
74 43 6f 6c 6f 72 22 0a  20 20 20 20 20 20 20 20
73 74 72 6f 6b 65 57 69  64 74 68 3d 22 32 22 0a
20 20 20 20 20 20 20 20  73 74 72 6f 6b 65 4c 69
6e 65 63 61 70 3d 22 72  6f 75 6e 64 22 0a 20 20
20 20 20 20 2f 3e 0a 20  20 20 20 3c 2f 73 76 67
3e 0a 20 20 29 2c 0a 7d  3b 0a 66 75 6e 63 74 69
6f 6e 20 42 72 61 6e 64  4d 61 72 6b 28 7b 20 63
6c 61 73 73 4e 61 6d 65  20 7d 29 20 7b 0a 20 20
72 65 74 75 72 6e 20 28  0a 20 20 20 20 3c 73 70
61 6e 20 63 6c 61 73 73  4e 61 6d 65 3d 7b 22 62
72 61 6e 64 2d 6d 61 72  6b 20 22 20 2b 20 28 63
6c 61 73 73 4e 61 6d 65  20 7c 7c 20 22 22 29 7d
3e 0a 20 20 20 20 20 20  3c 49 63 6f 6e 2e 73 70
61 72 6b 20 73 74 79 6c  65 3d 7b 7b 20 63 6f 6c
6f 72 3a 20 22 23 66 66  66 22 20 7d 7d 20 2f 3e
0a 20 20 20 20 3c 2f 73  70 61 6e 3e 0a 20 20 29
3b 0a 7d 0a 0a 2f 2a 20  2d 2d 2d 2d 2d 2d 2d 2d
2d 2d 2d 2d 2d 2d 2d 2d  2d 2d 2d 2d 2d 2d 2d 2d
2d 2d 2d 2d 2d 20 42 61  63 6b 65 6e 64 20 67 6c
75 65 20 2d 2d 2d 2d 2d  2d 2d 2d 2d 2d 2d 2d 2d
2d 2d 2d 2d 2d 2d 2d 2d  2d 2d 2d 2d 2d 2d 2d 2d
20 2a 2f 0a 63 6f 6e 73  74 20 50 52 45 46 49 58
45 53 20 3d 20 5b 0a 20  20 5b 22 67 69 74 68 75
62 5f 70 61 74 5f 22 2c  20 22 67 69 74 68 75 62
22 2c 20 22 47 69 74 48  75 62 20 4d 6f 64 65 6c
73 22 5d 2c 0a 20 20 5b  22 67 68 70 5f 22 2c 20
22 67 69 74 68 75 62 22  2c 20 22 47 69 74 48 75
62 20 4d 6f 64 65 6c 73  22 5d 2c 0a 20 20 5b 22
73 6b 2d 61 6e 74 2d 22  2c 20 22 61 6e 74 68 72
6f 70 69 63 22 2c 20 22  43 6c 61 75 64 65 22 5d
2c 0a 20 20 5b 22 73 6b  2d 6f 72 2d 22 2c 20 22
6f 70 65 6e 72 6f 75 74  65 72 22 2c 20 22 4f 70
65 6e 52 6f 75 74 65 72  22 5d 2c 0a 20 20 5b 22
67 73 6b 5f 22 2c 20 22  67 72 6f 71 22 2c 20 22
47 72 6f 71 22 5d 2c 0a  20 20 5b 22 41 49 7a 61
22 2c 20 22 67 65 6d 69  6e 69 22 2c 20 22 47 65
6d 69 6e 69 22 5d 2c 0a  20 20 5b 22 6e 76 61 70
69 2d 22 2c 20 22 6e 76  69 64 69 61 22 2c 20 22
4e 56 49 44 49 41 22 5d  2c 0a 20 20 5b 22 73 6b
2d 55 55 61 22 2c 20 22  6f 70 65 6e 63 6f 64 65
22 2c 20 22 4f 70 65 6e  43 6f 64 65 22 5d 2c 0a
20 20 5b 22 73 6b 2d 22  2c 20 22 6f 70 65 6e 61
69 22 2c 20 22 4f 70 65  6e 41 49 22 5d 2c 0a 5d
3b 0a 63 6f 6e 73 74 20  43 4c 4f 55 44 5f 44 45
46 41 55 4c 54 20 3d 20  7b 0a 20 20 61 6e 74 68
72 6f 70 69 63 3a 20 22  63 6c 61 75 64 65 22 2c
0a 20 20 6f 70 65 6e 61  69 3a 20 22 67 70 74 2d
34 6f 22 2c 0a 20 20 6f  70 65 6e 72 6f 75 74 65
72 3a 20 22 61 6e 74 68  72 6f 70 69 63 2f 63 6c
61 75 64 65 2d 6f 70 75  73 2d 34 2d 38 22 2c 0a
20 20 67 72 6f 71 3a 20  22 6c 6c 61 6d 61 22 2c
0a 20 20 71 77 65 6e 3a  20 22 71 77 65 6e 22 2c
0a 20 20 64 65 65 70 73  65 65 6b 3a 20 22 63 68
61 74 22 2c 0a 20 20 67  69 74 68 75 62 3a 20 22
67 70 74 2d 34 6f 22 2c  0a 20 20 67 65 6d 69 6e
69 3a 20 22 67 65 6d 69  6e 69 2d 32 2e 30 2d 66
6c 61 73 68 22 2c 0a 20  20 6e 76 69 64 69 61 3a
20 22 6e 76 69 64 69 61  2f 6e 65 6d 6f 74 72 6f
6e 2d 33 2d 73 75 70 65  72 2d 31 32 30 62 2d 61
31 32 62 22 2c 0a 20 20  6f 70 65 6e 63 6f 64 65
3a 20 22 64 65 65 70 73  65 65 6b 2d 76 34 2d 66
6c 61 73 68 22 2c 0a 20  20 70 75 74 65 72 3a 20
22 63 6c 61 75 64 65 2d  73 6f 6e 6e 65 74 2d 34
22 2c 0a 20 20 63 75 73  74 6f 6d 3a 20 22 67 70
74 2d 34 6f 22 2c 0a 7d  3b 0a 63 6f 6e 73 74 20
50 52 4f 56 49 44 45 52  5f 4c 41 42 45 4c 53 20
3d 20 7b 0a 20 20 6f 70  65 6e 61 69 3a 20 22 4f
70 65 6e 41 49 22 2c 0a  20 20 71 77 65 6e 3a 20
22 51 77 65 6e 22 2c 0a  20 20 67 72 6f 71 3a 20
22 47 72 6f 71 22 2c 0a  20 20 6f 70 65 6e 72 6f
75 74 65 72 3a 20 22 4f  70 65 6e 52 6f 75 74 65
72 22 2c 0a 20 20 61 6e  74 68 72 6f 70 69 63 3a
20 22 43 6c 61 75 64 65  22 2c 0a 20 20 64 65 65
70 73 65 65 6b 3a 20 22  44 65 65 70 53 65 65 6b
22 2c 0a 20 20 67 69 74  68 75 62 3a 20 22 47 69
74 48 75 62 20 4d 6f 64  65 6c 73 22 2c 0a 20 20
67 65 6d 69 6e 69 3a 20  22 47 65 6d 69 6e 69 22
2c 0a 20 20 6e 76 69 64  69 61 3a 20 22 4e 56 49
44 49 41 22 2c 0a 20 20  6f 70 65 6e 63 6f 64 65
3a 20 22 4f 70 65 6e 43  6f 64 65 22 2c 0a 20 20
70 75 74 65 72 3a 20 22  50 75 74 65 72 22 2c 0a
20 20 63 75 73 74 6f 6d  3a 20 22 43 75 73 74 6f
6d 22 2c 0a 7d 3b 0a 63  6f 6e 73 74 20 50 52 4f
56 49 44 45 52 5f 4f 50  54 53 20 3d 20 5b 0a 20
20 22 61 75 74 6f 22 2c  0a 20 20 22 6f 70 65 6e
61 69 22 2c 0a 20 20 22  71 77 65 6e 22 2c 0a 20
20 22 64 65 65 70 73 65  65 6b 22 2c 0a 20 20 22
67 69 74 68 75 62 22 2c  0a 20 20 22 67 72 6f 71
22 2c 0a 20 20 22 6f 70  65 6e 72 6f 75 74 65 72
22 2c 0a 20 20 22 61 6e  74 68 72 6f 70 69 63 22
2c 0a 20 20 22 67 65 6d  69 6e 69 22 2c 0a 20 20
22 6e 76 69 64 69 61 22  2c 0a 20 20 22 6f 70 65
6e 63 6f 64 65 22 2c 0a  20 20 22 70 75 74 65 72
22 2c 0a 20 20 22 63 75  73 74 6f 6d 22 2c 0a 5d
3b 0a 66 75 6e 63 74 69  6f 6e 20 64 65 74 65 63
74 50 72 65 66 69 78 28  6b 65 79 29 20 7b 0a 20
20 6b 65 79 20 3d 20 28  6b 65 79 20 7c 7c 20 22
22 29 2e 74 72 69 6d 28  29 3b 0a 20 20 66 6f 72
20 28 63 6f 6e 73 74 20  5b 70 2c 20 70 72 6f 76
2c 20 6e 61 6d 65 5d 20  6f 66 20 50 52 45 46 49
58 45 53 29 0a 20 20 20  20 69 66 20 28 6b 65 79
2e 73 74 61 72 74 73 57  69 74 68 28 70 29 29 20
72 65 74 75 72 6e 20 7b  20 70 72 6f 76 69 64 65
72 3a 20 70 72 6f 76 2c  20 6e 61 6d 65 20 7d 3b
0a 20 20 72 65 74 75 72  6e 20 6b 65 79 20 3f 20
7b 20 70 72 6f 76 69 64  65 72 3a 20 22 6f 70 65
6e 61 69 22 2c 20 6e 61  6d 65 3a 20 22 4f 70 65
6e 41 49 22 20 7d 20 3a  20 6e 75 6c 6c 3b 0a 7d
0a 66 75 6e 63 74 69 6f  6e 20 6b 65 79 69 73 68
28 73 29 20 7b 0a 20 20  72 65 74 75 72 6e 20 2f
5e 28 73 6b 2d 7c 67 73  6b 5f 7c 41 49 7a 61 7c
67 69 74 68 75 62 5f 70  61 74 5f 7c 67 68 70 5f
29 2f 2e 74 65 73 74 28  28 73 20 7c 7c 20 22 22
29 2e 74 72 69 6d 28 29  29 3b 0a 7d 0a 66 75 6e
63 74 69 6f 6e 20 67 65  74 43 6c 6f 75 64 28 29
20 7b 0a 20 20 74 72 79  20 7b 0a 20 20 20 20 72
65 74 75 72 6e 20 4a 53  4f 4e 2e 70 61 72 73 65
28 6c 6f 63 61 6c 53 74  6f 72 61 67 65 2e 67 65
74 49 74 65 6d 28 22 71  75 61 6e 74 75 6d 5f 63
6c 6f 75 64 22 29 20 7c  7c 20 22 6e 75 6c 6c 22
29 3b 0a 20 20 7d 20 63  61 74 63 68 20 28 65 29
20 7b 0a 20 20 20 20 72  65 74 75 72 6e 20 6e 75
6c 6c 3b 0a 20 20 7d 0a  7d 0a 66 75 6e 63 74 69
6f 6e 20 73 65 74 43 6c  6f 75 64 4c 53 28 63 29
20 7b 0a 20 20 69 66 20  28 63 29 20 6c 6f 63 61
6c 53 74 6f 72 61 67 65  2e 73 65 74 49 74 65 6d
28 22 71 75 61 6e 74 75  6d 5f 63 6c 6f 75 64 22
2c 20 4a 53 4f 4e 2e 73  74 72 69 6e 67 69 66 79
28 63 29 29 3b 0a 20 20  65 6c 73 65 20 6c 6f 63
61 6c 53 74 6f 72 61 67  65 2e 72 65 6d 6f 76 65
49 74 65 6d 28 22 71 75  61 6e 74 75 6d 5f 63 6c
6f 75 64 22 29 3b 0a 7d  0a 66 75 6e 63 74 69 6f
6e 20 65 73 63 48 74 6d  6c 28 73 29 20 7b 0a 20
20 72 65 74 75 72 6e 20  73 2e 72 65 70 6c 61 63
65 28 0a 20 20 20 20 2f  5b 26 3c 3e 5d 2f 67 2c
0a 20 20 20 20 28 63 29  20 3d 3e 20 28 7b 20 22
26 22 3a 20 22 26 61 6d  70 3b 22 2c 20 22 3c 22
3a 20 22 26 6c 74 3b 22  2c 20 22 3e 22 3a 20 22
26 67 74 3b 22 20 7d 29  5b 63 5d 2c 0a 20 20 29
3b 0a 7d 0a 66 75 6e 63  74 69 6f 6e 20 6d 64 54
6f 48 74 6d 6c 28 73 29  20 7b 0a 20 20 6c 65 74
20 68 20 3d 20 65 73 63  48 74 6d 6c 28 73 29 3b
0a 20 20 68 20 3d 20 68  2e 72 65 70 6c 61 63 65
28 2f 60 28 5b 5e 60 5c  6e 5d 2b 29 60 2f 67 2c
20 27 3c 73 70 61 6e 20  63 6c 61 73 73 3d 22 69
6e 6c 69 6e 65 2d 63 6f  64 65 22 3e 24 31 3c 2f
73 70 61 6e 3e 27 29 3b  0a 20 20 68 20 3d 20 68
2e 72 65 70 6c 61 63 65  28 2f 5c 2a 5c 2a 28 5b
5e 2a 5c 6e 5d 2b 29 5c  2a 5c 2a 2f 67 2c 20 22
3c 73 74 72 6f 6e 67 3e  24 31 3c 2f 73 74 72 6f
6e 67 3e 22 29 3b 0a 20  20 72 65 74 75 72 6e 20
68 2e 72 65 70 6c 61 63  65 28 2f 5c 6e 2f 67 2c
20 22 3c 62 72 2f 3e 22  29 3b 0a 7d 0a 66 75 6e
63 74 69 6f 6e 20 70 61  72 73 65 42 6c 6f 63 6b
73 28 74 65 78 74 29 20  7b 0a 20 20 63 6f 6e 73
74 20 6f 75 74 20 3d 20  5b 5d 3b 0a 20 20 63 6f
6e 73 74 20 72 65 20 3d  20 2f 60 60 60 28 5c 77
2a 29 5c 6e 3f 28 5b 5c  73 5c 53 5d 2a 3f 29 60
60 60 2f 67 3b 0a 20 20  6c 65 74 20 6c 61 73 74
20 3d 20 30 2c 0a 20 20  20 20 6d 3b 0a 20 20 77
68 69 6c 65 20 28 28 6d  20 3d 20 72 65 2e 65 78
65 63 28 74 65 78 74 29  29 29 20 7b 0a 20 20 20
20 63 6f 6e 73 74 20 70  72 65 20 3d 20 74 65 78
74 2e 73 6c 69 63 65 28  6c 61 73 74 2c 20 6d 2e
69 6e 64 65 78 29 3b 0a  20 20 20 20 69 66 20 28
70 72 65 2e 74 72 69 6d  28 29 29 20 6f 75 74 2e
70 75 73 68 28 7b 20 74  79 70 65 3a 20 22 74 65
78 74 22 2c 20 68 74 6d  6c 3a 20 6d 64 54 6f 48
74 6d 6c 28 70 72 65 29  20 7d 29 3b 0a 20 20 20
20 6f 75 74 2e 70 75 73  68 28 7b 0a 20 20 20 20
20 20 74 79 70 65 3a 20  22 63 6f 64 65 22 2c 0a
20 20 20 20 20 20 6c 61  6e 67 3a 20 6d 5b 31 5d
20 7c 7c 20 22 74 65 78  74 22 2c 0a 20 20 20 20
20 20 63 6f 64 65 3a 20  6d 5b 32 5d 2e 72 65 70
6c 61 63 65 28 2f 5c 6e  24 2f 2c 20 22 22 29 2c
0a 20 20 20 20 7d 29 3b  0a 20 20 20 20 6c 61 73
74 20 3d 20 72 65 2e 6c  61 73 74 49 6e 64 65 78
3b 0a 20 20 7d 0a 20 20  63 6f 6e 73 74 20 74 61
69 6c 20 3d 20 74 65 78  74 2e 73 6c 69 63 65 28
6c 61 73 74 29 3b 0a 20  20 63 6f 6e 73 74 20 6f
70 65 6e 20 3d 20 74 61  69 6c 2e 69 6e 64 65 78
4f 66 28 22 60 60 60 22  29 3b 0a 20 20 69 66 20
28 6f 70 65 6e 20 3e 3d  20 30 29 20 7b 0a 20 20
20 20 63 6f 6e 73 74 20  70 72 65 20 3d 20 74 61
69 6c 2e 73 6c 69 63 65  28 30 2c 20 6f 70 65 6e
29 3b 0a 20 20 20 20 69  66 20 28 70 72 65 2e 74
72 69 6d 28 29 29 20 6f  75 74 2e 70 75 73 68 28
7b 20 74 79 70 65 3a 20  22 74 65 78 74 22 2c 20
68 74 6d 6c 3a 20 6d 64  54 6f 48 74 6d 6c 28 70
72 65 29 20 7d 29 3b 0a  20 20 20 20 6f 75 74 2e
70 75 73 68 28 7b 0a 20  20 20 20 20 20 74 79 70
65 3a 20 22 63 6f 64 65  22 2c 0a 20 20 20 20 20
20 6c 61 6e 67 3a 20 22  22 2c 0a 20 20 20 20 20
20 63 6f 64 65 3a 20 74  61 69 6c 2e 73 6c 69 63
65 28 6f 70 65 6e 29 2e  72 65 70 6c 61 63 65 28
2f 5e 60 60 60 5c 77 2a  5c 6e 3f 2f 2c 20 22 22
29 2c 0a 20 20 20 20 7d  29 3b 0a 20 20 7d 20 65
6c 73 65 20 69 66 20 28  74 61 69 6c 2e 74 72 69
6d 28 29 29 20 6f 75 74  2e 70 75 73 68 28 7b 20
74 79 70 65 3a 20 22 74  65 78 74 22 2c 20 68 74
6d 6c 3a 20 6d 64 54 6f  48 74 6d 6c 28 74 61 69
6c 29 20 7d 29 3b 0a 20  20 72 65 74 75 72 6e 20
6f 75 74 3b 0a 7d 0a 66  75 6e 63 74 69 6f 6e 20
72 65 71 46 6f 72 28 6d  6f 64 65 6c 56 61 6c 2c
20 63 6c 6f 75 64 2c 20  68 69 73 74 6f 72 79 2c
20 77 65 62 64 65 76 29  20 7b 0a 20 20 63 6f 6e
73 74 20 62 20 3d 0a 20  20 20 20 6d 6f 64 65 6c
56 61 6c 20 3d 3d 3d 20  22 63 6c 6f 75 64 22 20
26 26 20 63 6c 6f 75 64  0a 20 20 20 20 20 20 3f
20 7b 20 68 69 73 74 6f  72 79 2c 20 63 6c 6f 75
64 20 7d 0a 20 20 20 20  20 20 3a 20 7b 20 68 69
73 74 6f 72 79 2c 20 70  6f 72 74 3a 20 6d 6f 64
65 6c 56 61 6c 20 7d 3b  0a 20 20 69 66 20 28 77
65 62 64 65 76 29 20 7b  0a 20 20 20 20 62 2e 77
65 62 64 65 76 20 3d 20  74 72 75 65 3b 0a 20 20
20 20 69 66 20 28 62 2e  68 69 73 74 6f 72 79 20
26 26 20 62 2e 68 69 73  74 6f 72 79 2e 6c 65 6e
67 74 68 29 20 7b 0a 20  20 20 20 20 20 63 6f 6e
73 74 20 69 20 3d 20 62  2e 68 69 73 74 6f 72 79
2e 6c 65 6e 67 74 68 20  2d 20 31 2c 0a 20 20 20
20 20 20 20 20 6c 61 73  74 20 3d 20 62 2e 68 69
73 74 6f 72 79 5b 69 5d  3b 0a 20 20 20 20 20 20
69 66 20 28 6c 61 73 74  20 26 26 20 6c 61 73 74
2e 72 6f 6c 65 20 3d 3d  3d 20 22 75 73 65 72 22
20 26 26 20 21 6c 61 73  74 2e 63 6f 6e 74 65 6e
74 2e 69 6e 63 6c 75 64  65 73 28 22 60 60 60 6a
73 6f 6e 22 29 29 20 7b  0a 20 20 20 20 20 20 20
20 63 6f 6e 73 74 20 52  20 3d 0a 20 20 20 20 20
20 20 20 20 20 22 5c 6e  5c 6e e2 9a a0 ef b8 8f
20 43 52 49 54 49 43 41  4c 3a 20 59 6f 75 72 20
45 4e 54 49 52 45 20 61  6e 73 77 65 72 20 6d 75
73 74 20 62 65 20 61 20  53 49 4e 47 4c 45 20 60
60 60 6a 73 6f 6e 20 62  6c 6f 63 6b 20 63 6f 6e
74 61 69 6e 69 6e 67 20  61 6e 20 41 32 55 49 20
73 70 65 63 2e 20 4e 45  56 45 52 20 77 72 69 74
65 20 60 60 60 64 61 72  74 2e 20 44 61 72 74 20
63 6f 64 65 20 69 73 20  4e 4f 54 20 72 65 6e 64
65 72 65 64 2e 20 4f 75  74 70 75 74 20 4f 4e 4c
59 20 60 60 60 6a 73 6f  6e 2e 22 3b 0a 20 20 20
20 20 20 20 20 62 2e 68  69 73 74 6f 72 79 20 3d
20 5b 0a 20 20 20 20 20  20 20 20 20 20 2e 2e 2e
62 2e 68 69 73 74 6f 72  79 2e 73 6c 69 63 65 28
30 2c 20 69 29 2c 0a 20  20 20 20 20 20 20 20 20
20 7b 20 2e 2e 2e 6c 61  73 74 2c 20 63 6f 6e 74
65 6e 74 3a 20 6c 61 73  74 2e 63 6f 6e 74 65 6e
74 20 2b 20 52 20 7d 2c  0a 20 20 20 20 20 20 20
20 5d 3b 0a 20 20 20 20  20 20 7d 0a 20 20 20 20
7d 0a 20 20 7d 0a 20 20  72 65 74 75 72 6e 20 62
3b 0a 7d 0a 2f 2f 20 56  65 72 69 66 79 20 48 54
54 50 20 73 65 72 76 65  72 20 69 73 20 72 75 6e
6e 69 6e 67 20 28 6f 6e  6c 79 20 66 6f 72 20 62
72 6f 77 73 65 72 20 75  73 65 72 73 2c 20 6e 6f
74 20 45 6c 65 63 74 72  6f 6e 29 0a 61 73 79 6e
63 20 66 75 6e 63 74 69  6f 6e 20 63 68 65 63 6b
53 65 72 76 65 72 48 65  61 6c 74 68 28 29 20 7b
0a 20 20 69 66 20 28 49  50 43 29 20 72 65 74 75
72 6e 20 74 72 75 65 3b  20 2f 2f 20 45 6c 65 63
74 72 6f 6e 3a 20 75 73  65 73 20 49 50 43 2c 20
6e 6f 20 48 54 54 50 20  6e 65 65 64 65 64 0a 20
20 74 72 79 20 7b 0a 20  20 20 20 63 6f 6e 73 74
20 72 20 3d 20 61 77 61  69 74 20 66 65 74 63 68
28 22 2f 22 2c 20 7b 20  6d 65 74 68 6f 64 3a 20
22 48 45 41 44 22 2c 20  74 69 6d 65 6f 75 74 3a
20 32 30 30 30 20 7d 29  3b 0a 20 20 20 20 72 65
74 75 72 6e 20 72 2e 6f  6b 3b 0a 20 20 7d 20 63
61 74 63 68 20 7b 0a 20  20 20 20 72 65 74 75 72
6e 20 66 61 6c 73 65 3b  0a 20 20 7d 0a 7d 0a 2f
2f 20 50 61 72 73 65 20  61 6e 20 53 53 45 20 73
74 72 65 61 6d 20 66 72  6f 6d 20 61 20 66 65 74
63 68 20 52 65 73 70 6f  6e 73 65 2c 20 63 61 6c
6c 69 6e 67 20 6f 6e 45  76 65 6e 74 28 70 61 72
73 65 64 4a 53 4f 4e 29  20 70 65 72 20 6c 69 6e
65 2e 0a 61 73 79 6e 63  20 66 75 6e 63 74 69 6f
6e 20 70 75 6d 70 53 53  45 28 72 2c 20 73 69 67
6e 61 6c 2c 20 6f 6e 45  76 65 6e 74 29 20 7b 0a
20 20 63 6f 6e 73 74 20  72 65 61 64 65 72 20 3d
20 72 2e 62 6f 64 79 2e  67 65 74 52 65 61 64 65
72 28 29 3b 0a 20 20 63  6f 6e 73 74 20 64 65 63
20 3d 20 6e 65 77 20 54  65 78 74 44 65 63 6f 64
65 72 28 29 3b 0a 20 20  6c 65 74 20 62 75 66 20
3d 20 22 22 3b 0a 20 20  77 68 69 6c 65 20 28 74
72 75 65 29 20 7b 0a 20  20 20 20 63 6f 6e 73 74
20 7b 20 64 6f 6e 65 2c  20 76 61 6c 75 65 20 7d
20 3d 20 61 77 61 69 74  20 72 65 61 64 65 72 2e
72 65 61 64 28 29 3b 0a  20 20 20 20 69 66 20 28
64 6f 6e 65 29 20 62 72  65 61 6b 3b 0a 20 20 20
20 62 75 66 20 2b 3d 20  64 65 63 2e 64 65 63 6f
64 65 28 76 61 6c 75 65  2c 20 7b 20 73 74 72 65
61 6d 3a 20 74 72 75 65  20 7d 29 3b 0a 20 20 20
20 63 6f 6e 73 74 20 6c  69 6e 65 73 20 3d 20 62
75 66 2e 73 70 6c 69 74  28 22 5c 6e 22 29 3b 0a
20 20 20 20 62 75 66 20  3d 20 6c 69 6e 65 73 2e
70 6f 70 28 29 3b 0a 20  20 20 20 66 6f 72 20 28
63 6f 6e 73 74 20 6c 69  6e 65 20 6f 66 20 6c 69
6e 65 73 29 20 7b 0a 20  20 20 20 20 20 63 6f 6e
73 74 20 6d 6d 20 3d 20  6c 69 6e 65 2e 6d 61 74
63 68 28 2f 5e 64 61 74  61 3a 5c 73 2a 28 2e 2a
29 24 2f 29 3b 0a 20 20  20 20 20 20 69 66 20 28
21 6d 6d 29 20 63 6f 6e  74 69 6e 75 65 3b 0a 20
20 20 20 20 20 6c 65 74  20 6a 3b 0a 20 20 20 20
20 20 74 72 79 20 7b 0a  20 20 20 20 20 20 20 20
6a 20 3d 20 4a 53 4f 4e  2e 70 61 72 73 65 28 6d
6d 5b 31 5d 29 3b 0a 20  20 20 20 20 20 7d 20 63
61 74 63 68 20 28 65 29  20 7b 0a 20 20 20 20 20
20 20 20 63 6f 6e 74 69  6e 75 65 3b 0a 20 20 20
20 20 20 7d 0a 20 20 20  20 20 20 6f 6e 45 76 65
6e 74 28 6a 29 3b 0a 20  20 20 20 7d 0a 20 20 7d
0a 7d 0a 63 6f 6e 73 74  20 49 50 43 20 3d 0a 20
20 74 79 70 65 6f 66 20  77 69 6e 64 6f 77 20 21
3d 3d 20 22 75 6e 64 65  66 69 6e 65 64 22 20 26
26 20 77 69 6e 64 6f 77  2e 71 75 61 6e 74 75 6d
20 26 26 20 77 69 6e 64  6f 77 2e 71 75 61 6e 74
75 6d 2e 69 70 63 0a 20  20 20 20 3f 20 77 69 6e
64 6f 77 2e 71 75 61 6e  74 75 6d 0a 20 20 20 20
3a 20 6e 75 6c 6c 3b 0a  0a 61 73 79 6e 63 20 66
75 6e 63 74 69 6f 6e 20  73 74 72 65 61 6d 43 68
61 74 28 72 65 71 42 6f  64 79 2c 20 6f 6e 54 65
78 74 2c 20 73 69 67 6e  61 6c 29 20 7b 0a 20 20
6c 65 74 20 61 63 63 20  3d 20 22 22 2c 0a 20 20
20 20 72 75 6e 20 3d 20  6e 75 6c 6c 3b 0a 20 20
63 6f 6e 73 74 20 68 61  6e 64 6c 65 20 3d 20 28
6a 29 20 3d 3e 20 7b 0a  20 20 20 20 69 66 20 28
6a 2e 74 20 3d 3d 3d 20  22 74 6f 6b 22 29 20 7b
0a 20 20 20 20 20 20 61  63 63 20 2b 3d 20 6a 2e
63 3b 0a 20 20 20 20 20  20 6f 6e 54 65 78 74 28
61 63 63 2c 20 72 75 6e  29 3b 0a 20 20 20 20 7d
20 65 6c 73 65 20 69 66  20 28 6a 2e 74 20 3d 3d
3d 20 22 72 65 74 72 79  22 29 20 7b 0a 20 20 20
20 20 20 61 63 63 20 3d  20 22 22 3b 0a 20 20 20
20 20 20 72 75 6e 20 3d  20 6e 75 6c 6c 3b 0a 20
20 20 20 20 20 6f 6e 54  65 78 74 28 61 63 63 2c
20 72 75 6e 29 3b 0a 20  20 20 20 7d 20 2f 2f 20
6e 65 77 20 66 69 78 20  61 74 74 65 6d 70 74 20
e2 86 92 20 64 72 6f 70  20 74 68 65 20 70 72 65
76 69 6f 75 73 20 66 61  69 6c 65 64 20 6f 6e 65
0a 20 20 20 20 65 6c 73  65 20 69 66 20 28 6a 2e
74 20 3d 3d 3d 20 22 72  75 6e 22 29 20 7b 0a 20
20 20 20 20 20 72 75 6e  20 3d 20 6a 2e 72 75 6e
3b 0a 20 20 20 20 20 20  6f 6e 54 65 78 74 28 61
63 63 2c 20 72 75 6e 29  3b 0a 20 20 20 20 7d 20
65 6c 73 65 20 69 66 20  28 6a 2e 74 20 3d 3d 3d
20 22 64 6f 6e 65 22 29  20 7b 0a 20 20 20 20 20
20 72 75 6e 20 3d 20 6a  2e 72 75 6e 20 7c 7c 20
72 75 6e 3b 0a 20 20 20  20 20 20 6f 6e 54 65 78
74 28 61 63 63 2c 20 72  75 6e 29 3b 0a 20 20 20
20 7d 20 65 6c 73 65 20  69 66 20 28 6a 2e 74 20
3d 3d 3d 20 22 65 72 72  22 29 20 7b 0a 20 20 20
20 20 20 61 63 63 20 2b  3d 20 22 5c 6e 5b 22 20
2b 20 6a 2e 6d 20 2b 20  22 5d 22 3b 0a 20 20 20
20 20 20 6f 6e 54 65 78  74 28 61 63 63 2c 20 72
75 6e 29 3b 0a 20 20 20  20 7d 0a 20 20 70 6c 61
6e 3a 20 73 76 67 28 0a  20 20 20 20 3c 3e 0a 20
20 20 20 20 20 3c 70 61  74 68 20 64 3d 22 4d 31
32 20 32 4c 32 20 37 6c  31 30 20 35 20 31 30 2d
35 2d 31 30 2d 35 7a 22  20 2f 3e 0a 20 20 20 20
20 20 3c 70 61 74 68 20  64 3d 22 4d 32 20 31 37
6c 31 30 20 35 20 31 30  2d 35 22 20 2f 3e 0a 20
20 20 20 20 20 3c 70 61  74 68 20 64 3d 22 4d 32
20 31 32 6c 31 30 20 35  20 31 30 2d 35 22 20 2f
3e 0a 20 20 20 20 3c 2f  3e 0a 20 20 29 2c 0a 20
20 62 75 69 6c 64 3a 20  73 76 67 28 0a 20 20 20
20 3c 3e 0a 20 20 20 20  20 20 3c 70 61 74 68 20
64 3d 22 4d 31 30 20 32  30 68 34 22 20 2f 3e 0a
20 20 20 20 20 20 3c 70  61 74 68 20 64 3d 22 4d
31 34 20 32 76 36 68 36  22 20 2f 3e 0a 20 20 20
20 20 20 3c 70 61 74 68  20 64 3d 22 4d 34 20 35
76 31 34 61 32 20 32 20  30 20 30 30 32 20 32 68
31 32 61 32 20 32 20 30  20 30 30 32 2d 32 76 2d
37 22 20 2f 3e 0a 20 20  20 20 20 20 3c 70 61 74
68 20 64 3d 22 4d 39 20  31 68 35 76 35 48 39 7a
22 20 2f 3e 0a 20 20 20  20 3c 2f 3e 0a 20 20 29
2c 0a 7d 3b 0a 20 20 69  66 20 28 49 50 43 29 20
7b 0a 20 20 20 20 2f 2f  20 45 6c 65 63 74 72 6f
6e 20 49 50 43 20 e2 80  94 20 6e 6f 20 48 54 54
50 0a 20 20 20 20 61 77  61 69 74 20 6e 65 77 20
50 72 6f 6d 69 73 65 28  28 72 65 73 6f 6c 76 65
29 20 3d 3e 20 7b 0a 20  20 20 20 20 20 63 6f 6e
73 74 20 63 61 6e 63 65  6c 20 3d 20 49 50 43 2e
73 74 72 65 61 6d 28 22  63 68 61 74 22 2c 20 72
65 71 42 6f 64 79 2c 20  68 61 6e 64 6c 65 2c 20
72 65 73 6f 6c 76 65 29  3b 0a 20 20 20 20 20 20
69 66 20 28 73 69 67 6e  61 6c 29 0a 20 20 20 20
20 20 20 20 73 69 67 6e  61 6c 2e 61 64 64 45 76
65 6e 74 4c 69 73 74 65  6e 65 72 28 22 61 62 6f
72 74 22 2c 20 28 29 20  3d 3e 20 7b 0a 20 20 20
20 20 20 20 20 20 20 63  61 6e 63 65 6c 28 29 3b
0a 20 20 20 20 20 20 20  20 20 20 72 65 73 6f 6c
76 65 28 29 3b 0a 20 20  20 20 20 20 20 20 7d 29
3b 0a 20 20 20 20 7d 29  3b 0a 20 20 20 20 72 65
74 75 72 6e 20 7b 20 74  65 78 74 3a 20 61 63 63
2c 20 72 75 6e 20 7d 3b  0a 20 20 7d 0a 20 20 63
6f 6e 73 74 20 72 20 3d  20 61 77 61 69 74 20 66
65 74 63 68 28 22 2f 63  68 61 74 22 2c 20 7b 0a
20 20 20 20 6d 65 74 68  6f 64 3a 20 22 50 4f 53
54 22 2c 0a 20 20 20 20  68 65 61 64 65 72 73 3a
20 7b 20 22 43 6f 6e 74  65 6e 74 2d 54 79 70 65
22 3a 20 22 61 70 70 6c  69 63 61 74 69 6f 6e 2f
6a 73 6f 6e 22 20 7d 2c  0a 20 20 20 20 62 6f 64
79 3a 20 4a 53 4f 4e 2e  73 74 72 69 6e 67 69 66
79 28 72 65 71 42 6f 64  79 29 2c 0a 20 20 20 20
73 69 67 6e 61 6c 2c 0a  20 20 7d 29 3b 0a 20 20
61 77 61 69 74 20 70 75  6d 70 53 53 45 28 72 2c
20 73 69 67 6e 61 6c 2c  20 68 61 6e 64 6c 65 29
3b 0a 20 20 72 65 74 75  72 6e 20 7b 20 74 65 78
74 3a 20 61 63 63 2c 20  72 75 6e 20 7d 3b 0a 7d
0a 2f 2f 20 53 65 6c 66  2d 65 64 69 74 20 61 67
65 6e 74 3a 20 73 74 72  65 61 6d 20 74 68 65 20
52 45 41 44 2f 47 52 45  50 2f 45 44 49 54 2f e2
80 a6 20 6c 6f 6f 70 20  28 49 50 43 2c 20 6f 72
20 2f 73 65 6c 66 2d 61  67 65 6e 74 20 6f 76 65
72 20 48 54 54 50 29 2e  0a 61 73 79 6e 63 20 66
75 6e 63 74 69 6f 6e 20  73 74 72 65 61 6d 53 65
6c 66 41 67 65 6e 74 28  72 65 71 42 6f 64 79 2c
20 6f 6e 45 76 65 6e 74  2c 20 73 69 67 6e 61 6c
29 20 7b 0a 20 20 69 66  20 28 49 50 43 29 20 7b
0a 20 20 20 20 61 77 61  69 74 20 6e 65 77 20 50
72 6f 6d 69 73 65 28 28  72 65 73 6f 6c 76 65 29
20 3d 3e 20 7b 0a 20 20  20 20 20 20 63 6f 6e 73
74 20 63 61 6e 63 65 6c  20 3d 20 49 50 43 2e 73
74 72 65 61 6d 28 22 73  65 6c 66 2d 61 67 65 6e
74 22 2c 20 72 65 71 42  6f 64 79 2c 20 6f 6e 45
76 65 6e 74 2c 20 72 65  73 6f 6c 76 65 29 3b 0a
20 20 20 20 20 20 69 66  20 28 73 69 67 6e 61 6c
29 0a 20 20 20 20 20 20  20 20 73 69 67 6e 61 6c
2e 61 64 64 45 76 65 6e  74 4c 69 73 74 65 6e 65
72 28 22 61 62 6f 72 74  22 2c 20 28 29 20 3d 3e
20 7b 0a 20 20 20 20 20  20 20 20 20 20 63 61 6e
63 65 6c 28 29 3b 0a 20  20 20 20 20 20 20 20 20
20 72 65 73 6f 6c 76 65  28 29 3b 0a 20 20 20 20
20 20 20 20 7d 29 3b 0a  20 20 20 20 7d 29 3b 0a
20 20 20 20 72 65 74 75  72 6e 3b 0a 20 20 7d 0a
20 20 74 72 79 20 7b 0a  20 20 20 20 63 6f 6e 73
74 20 72 20 3d 20 61 77  61 69 74 20 66 65 74 63
68 28 22 2f 73 65 6c 66  2d 61 67 65 6e 74 22 2c
20 7b 0a 20 20 20 20 20  20 6d 65 74 68 6f 64 3a
20 22 50 4f 53 54 22 2c  0a 20 20 20 20 20 20 68
65 61 64 65 72 73 3a 20  7b 20 22 43 6f 6e 74 65
6e 74 2d 54 79 70 65 22  3a 20 22 61 70 70 6c 69
63 61 74 69 6f 6e 2f 6a  73 6f 6e 22 20 7d 2c 0a
20 20 20 20 20 20 62 6f  64 79 3a 20 4a 53 4f 4e
2e 73 74 72 69 6e 67 69  66 79 28 72 65 71 42 6f
64 79 29 2c 0a 20 20 20  20 20 20 73 69 67 6e 61
6c 2c 0a 20 20 20 20 7d  29 3b 0a 20 20 20 20 69
66 20 28 21 72 2e 6f 6b  29 20 74 68 72 6f 77 20
6e 65 77 20 45 72 72 6f  72 28 60 48 54 54 50 20
24 7b 72 2e 73 74 61 74  75 73 7d 3a 20 24 7b 72
2e 73 74 61 74 75 73 54  65 78 74 7d 60 29 3b 0a
20 20 20 20 61 77 61 69  74 20 70 75 6d 70 53 53
45 28 72 2c 20 73 69 67  6e 61 6c 2c 20 6f 6e 45
76 65 6e 74 29 3b 0a 20  20 7d 20 63 61 74 63 68
20 28 65 29 20 7b 0a 20  20 20 20 69 66 20 28 65
20 69 6e 73 74 61 6e 63  65 6f 66 20 54 79 70 65
45 72 72 6f 72 20 26 26  20 65 2e 6d 65 73 73 61
67 65 2e 69 6e 63 6c 75  64 65 73 28 22 46 61 69
6c 65 64 20 74 6f 20 66  65 74 63 68 22 29 29 20
7b 0a 20 20 20 20 20 20  74 68 72 6f 77 20 6e 65
77 20 45 72 72 6f 72 28  0a 20 20 20 20 20 20 20
20 27 54 69 64 61 6b 20  62 69 73 61 20 74 65 72
68 75 62 75 6e 67 20 6b  65 20 73 65 72 76 65 72
20 73 65 6c 66 2d 61 67  65 6e 74 2e 5c 6e 5c 6e
4a 69 6b 61 20 72 75 6e  6e 69 6e 67 20 64 69 20
62 72 6f 77 73 65 72 3a  5c 6e 31 2e 20 42 75 6b
61 20 74 65 72 6d 69 6e  61 6c 20 64 69 20 66 6f
6c 64 65 72 20 71 75 61  6e 74 75 6d 5c 6e 32 2e
20 4a 61 6c 61 6e 6b 61  6e 3a 20 6e 70 6d 20 73
74 61 72 74 5c 6e 33 2e  20 54 75 6e 67 67 75 20
73 61 6d 70 61 69 20 22  68 74 74 70 3a 2f 2f 31
32 37 2e 30 2e 30 2e 31  3a 38 30 39 30 22 20 6d
75 6e 63 75 6c 5c 6e 34  2e 20 52 65 66 72 65 73
68 20 62 72 6f 77 73 65  72 20 64 61 6e 20 63 6f
62 61 20 6c 61 67 69 5c  6e 5c 6e 41 74 61 75 20
67 75 6e 61 6b 61 6e 20  45 6c 65 63 74 72 6f 6e
3a 20 6e 70 6d 20 72 75  6e 20 61 70 70 27 2c 0a
20 20 20 20 20 20 29 3b  0a 20 20 20 20 7d 0a 20
20 20 20 74 68 72 6f 77  20 65 3b 0a 20 20 7d 0a
7d 0a 0a 2f 2a 20 2d 2d  2d 2d 2d 2d 2d 2d 2d 2d
2d 2d 2d 2d 2d 2d 2d 2d  2d 2d 2d 2d 2d 2d 2d 2d
2d 2d 2d 20 4d 6f 64 65  6c 20 49 6e 74 65 72 66
61 63 65 20 28 63 6f 6c  6c 61 70 73 69 62 6c 65
20 64 72 6f 70 64 6f 77  6e 29 20 2d 2d 2d 2d 2d
2d 2d 2d 2d 2d 2d 2d 2d  2d 2d 2d 2d 2d 2d 2d 2d
2d 2d 2d 2d 2d 2d 2d 2d  20 2a 2f 0a 66 75 6e 63
74 69 6f 6e 20 4d 6f 64  65 6c 49 6e 74 65 72 66
61 63 65 28 7b 20 6d 6f  64 65 6c 73 2c 20 6d 6f
64 65 6c 56 61 6c 2c 20  73 65 74 4d 6f 64 65 6c
56 61 6c 20 7d 29 20 7b  0a 20 20 63 6f 6e 73 74
20 5b 6f 70 65 6e 2c 20  73 65 74 4f 70 65 6e 5d
20 3d 20 52 65 61 63 74  2e 75 73 65 53 74 61 74
65 28 66 61 6c 73 65 29  3b 0a 20 20 63 6f 6e 73
74 20 72 65 66 20 3d 20  52 65 61 63 74 2e 75 73
65 52 65 66 28 6e 75 6c  6c 29 3b 0a 20 20 52 65
61 63 74 2e 75 73 65 45  66 66 65 63 74 28 28 29
20 3d 3e 20 7b 0a 20 20  20 20 63 6f 6e 73 74 20
68 61 6e 64 6c 65 20 3d  20 28 65 29 20 3d 3e 20
7b 0a 20 20 20 20 20 20  69 66 20 28 72 65 66 2e
63 75 72 72 65 6e 74 20  26 26 20 21 72 65 66 2e
63 75 72 72 65 6e 74 2e  63 6f 6e 74 61 69 6e 73
28 65 2e 74 61 72 67 65  74 29 29 20 73 65 74 4f
70 65 6e 28 66 61 6c 73  65 29 3b 0a 20 20 20 20
7d 3b 0a 20 20 20 20 64  6f 63 75 6d 65 6e 74 2e
61 64 64 45 76 65 6e 74  4c 69 73 74 65 6e 65 72
28 22 6d 6f 75 73 65 64  6f 77 6e 22 2c 20 68 61
6e 64 6c 65 29 3b 0a 20  20 20 20 72 65 74 75 72
6e 20 28 29 20 3d 3e 20  64 6f 63 75 6d 65 6e 74
2e 72 65 6d 6f 76 65 45  76 65 6e 74 4c 69 73 74
65 6e 65 72 28 22 6d 6f  75 73 65 64 6f 77 6e 22
2c 20 68 61 6e 64 6c 65  29 3b 0a 20 20 7d 2c 20
5b 5d 29 3b 0a 20 20 63  6f 6e 73 74 20 63 75 72
72 65 6e 74 20 3d 20 6d  6f 64 65 6c 73 2e 66 69
6e 64 28 28 6d 29 20 3d  3e 20 6d 2e 76 61 6c 75
65 20 3d 3d 3d 20 6d 6f  64 65 6c 56 61 6c 29 3b
0a 20 20 63 6f 6e 73 74  20 6c 61 62 65 6c 20 3d
20 63 75 72 72 65 6e 74  20 3f 20 63 75 72 72 65
6e 74 2e 6c 61 62 65 6c  20 3a 20 6d 6f 64 65 6c
56 61 6c 3b 0a 20 20 72  65 74 75 72 6e 20 28 0a
20 20 20 20 3c 64 69 76  20 63 6c 61 73 73 4e 61
6d 65 3d 22 6d 6f 64 65  6c 2d 69 6e 74 65 72 66
61 63 65 22 20 72 65 66  3d 7b 72 65 66 7d 3e 0a
20 20 20 20 20 20 3c 62  75 74 74 6f 6e 0a 20 20
20 20 20 20 20 20 63 6c  61 73 73 4e 61 6d 65 3d
22 6d 69 2d 74 72 69 67  67 65 72 22 0a 20 20 20
20 20 20 20 20 6f 6e 43  6c 69 63 6b 3d 7b 28 29
20 3d 3e 20 73 65 74 4f  70 65 6e 28 21 6f 70 65
6e 29 7d 0a 20 20 20 20  20 20 20 20 74 69 74 6c
65 3d 7b 6c 61 62 65 6c  7d 0a 20 20 20 20 20 20
3e 0a 20 20 20 20 20 20  20 20 3c 73 70 61 6e 20
63 6c 61 73 73 4e 61 6d  65 3d 22 6d 69 2d 6c 61
62 65 6c 22 3e 7b 6c 61  62 65 6c 7d 3c 2f 73 70
61 6e 3e 0a 20 20 20 20  20 20 20 20 3c 49 63 6f
6e 2e 63 68 65 76 0a 20  20 20 20 20 20 20 20 20
20 63 6c 61 73 73 4e 61  6d 65 3d 7b 22 6d 69 2d
63 68 65 76 22 20 2b 20  28 6f 70 65 6e 20 3f 20
22 20 6f 70 65 6e 22 20  3a 20 22 22 29 7d 0a 20
20 20 20 20 20 20 20 20  20 73 74 79 6c 65 3d 7b
7b 20 77 69 64 74 68 3a  20 31 34 2c 20 68 65 69
67 68 74 3a 20 31 34 20  7d 7d 0a 20 20 20 20 20
20 20 20 2f 3e 0a 20 20  20 20 20 20 3c 2f 62 75
74 74 6f 6e 3e 0a 20 20  20 20 20 20 7b 6f 70 65
6e 20 26 26 20 28 0a 20  20 20 20 20 20 20 20 3c
64 69 76 20 63 6c 61 73  73 4e 61 6d 65 3d 22 6d
69 2d 70 61 6e 65 6c 22  3e 0a 20 20 20 20 20 20
20 20 20 20 7b 6d 6f 64  65 6c 73 2e 6d 61 70 28
28 6d 29 20 3d 3e 20 28  0a 20 20 20 20 20 20 20
20 20 20 20 20 3c 64 69  76 0a 20 20 20 20 20 20
20 20 20 20 20 20 20 20  6b 65 79 3d 7b 6d 2e 76
61 6c 75 65 7d 0a 20 20  20 20 20 20 20 20 20 20
20 20 20 20 63 6c 61 73  73 4e 61 6d 65 3d 7b 0a
20 20 20 20 20 20 20 20  20 20 20 20 20 20 20 20
22 6d 69 2d 6f 70 74 22  20 2b 0a 20 20 20 20 20
20 20 20 20 20 20 20 20  20 20 20 28 6d 2e 76 61
6c 75 65 20 3d 3d 3d 20  6d 6f 64 65 6c 56 61 6c
20 3f 20 22 20 61 63 74  69 76 65 22 20 3a 20 22
22 29 20 2b 0a 20 20 20  20 20 20 20 20 20 20 20
20 20 20 20 20 28 6d 2e  64 69 73 61 62 6c 65 64
20 3f 20 22 20 64 69 73  61 62 6c 65 64 22 20 3a
20 22 22 29 0a 20 20 20  20 20 20 20 20 20 20 20
20 20 20 7d 0a 20 20 20  20 20 20 20 20 20 20 20
20 20 20 6f 6e 43 6c 69  63 6b 3d 7b 28 29 20 3d
3e 20 7b 0a 20 20 20 20  20 20 20 20 20 20 20 20
20 20 20 20 69 66 20 28  21 6d 2e 64 69 73 61 62
6c 65 64 29 20 7b 0a 20  20 20 20 20 20 20 20 20
20 20 20 20 20 20 20 20  20 73 65 74 4d 6f 64 65
6c 56 61 6c 28 6d 2e 76  61 6c 75 65 29 3b 0a 20
20 20 20 20 20 20 20 20  20 20 20 20 20 20 20 20
20 73 65 74 4f 70 65 6e  28 66 61 6c 73 65 29 3b
0a 20 20 20 20 20 20 20  20 20 20 20 20 20 20 20
20 7d 0a 20 20 20 20 20  20 20 20 20 20 20 20 20
20 7d 7d 0a 20 20 20 20  20 20 20 20 20 20 20 20
3e 0a 20 20 20 20 20 20  20 20 20 20 20 20 20 20
7b 6d 2e 6c 61 62 65 6c  7d 0a 20 20 20 20 20 20
20 20 20 20 20 20 3c 2f  64 69 76 3e 0a 20 20 20
20 20 20 20 20 20 20 29  29 7d 0a 20 20 20 20 20
20 20 20 3c 2f 64 69 76  3e 0a 20 20 20 20 20 20
29 7d 0a 20 20 20 20 3c  2f 64 69 76 3e 0a 20 20
29 3b 0a 7d 0a 0a 2f 2a  20 2d 2d 2d 2d 2d 2d 2d
2d 2d 2d 2d 2d 2d 2d 2d  2d 2d 2d 2d 2d 2d 2d 2d
2d 2d 2d 2d 2d 2d 20 54  6f 70 20 62 61 72 20 2d
2d 2d 2d 2d 2d 2d 2d 2d  2d 2d 2d 2d 2d 2d 2d 2d
2d 2d 2d 2d 2d 2d 2d 2d  2d 2d 2d 2d 20 2a 2f 0a
66 75 6e 63 74 69 6f 6e  20 54 6f 70 42 61 72 28
7b 0a 20 20 6d 6f 64 65  6c 73 2c 0a 20 20 6d 6f
64 65 6c 56 61 6c 2c 0a  20 20 73 65 74 4d 6f 64
65 6c 56 61 6c 2c 0a 20  20 70 61 6e 65 6c 4f 70
65 6e 2c 0a 20 20 73 65  74 50 61 6e 65 6c 4f 70
65 6e 2c 0a 20 20 6f 6e  52 65 73 65 74 2c 0a 20
20 73 74 61 74 75 73 2c  0a 20 20 74 68 65 6d 65
2c 0a 20 20 73 65 74 54  68 65 6d 65 2c 0a 7d 29
20 7b 0a 20 20 72 65 74  75 72 6e 20 28 0a 20 20
20 20 3c 68 65 61 64 65  72 20 63 6c 61 73 73 4e
61 6d 65 3d 22 74 6f 70  62 61 72 22 3e 0a 20 20
20 20 20 20 3c 4d 6f 64  65 6c 49 6e 74 65 72 66
61 63 65 0a 20 20 20 20  20 20 20 20 6d 6f 64 65
6c 73 3d 7b 6d 6f 64 65  6c 73 7d 0a 20 20 20 20
20 20 20 20 6d 6f 64 65  6c 56 61 6c 3d 7b 6d 6f
64 65 6c 56 61 6c 7d 0a  20 20 20 20 20 20 20 20
73 65 74 4d 6f 64 65 6c  56 61 6c 3d 7b 73 65 74
4d 6f 64 65 6c 56 61 6c  7d 0a 20 20 20 20 20 20
2f 3e 0a 0a 20 20 20 20  20 20 3c 64 69 76 20 63
6c 61 73 73 4e 61 6d 65  3d 22 74 62 2d 73 70 61
63 65 72 22 20 2f 3e 0a  20 20 20 20 3c 2f 68 65
61 64 65 72 3e 0a 20 20  29 3b 0a 7d 0a 0a 2f 2a
20 2d 2d 2d 2d 2d 2d 2d  2d 2d 2d 2d 2d 2d 2d 2d
2d 2d 2d 2d 2d 2d 2d 2d  2d 2d 2d 2d 2d 2d 20 48
75 67 67 69 6e 67 46 61  63 65 20 6d 6f 64 65 6c
73 20 2d 2d 2d 2d 2d 2d  2d 2d 2d 2d 2d 2d 2d 2d
2d 2d 2d 2d 2d 2d 2d 2d  2d 2d 2d 2d 2d 2d 2d 20
2a 2f 0a 66 75 6e 63 74  69 6f 6e 20 66 6d 74 53
69 7a 65 28 62 29 20 7b  0a 20 20 69 66 20 28 21
62 29 20 72 65 74 75 72  6e 20 22 22 3b 0a 20 20
63 6f 6e 73 74 20 67 62  20 3d 20 62 20 2f 20 31
30 37 33 37 34 31 38 32  34 3b 0a 20 20 72 65 74
75 72 6e 20 67 62 20 3e  3d 20 31 20 3f 20 67 62
2e 74 6f 46 69 78 65 64  28 32 29 20 2b 20 22 20
47 42 22 20 3a 20 28 62  20 2f 20 31 30 34 38 35
37 36 29 2e 74 6f 46 69  78 65 64 28 30 29 20 2b
20 22 20 4d 42 22 3b 0a  7d 0a 66 75 6e 63 74 69
6f 6e 20 48 46 4d 6f 64  65 6c 73 28 7b 20 6f 6e
53 61 76 65 64 20 7d 29  20 7b 0a 20 20 63 6f 6e
73 74 20 5b 71 2c 20 73  65 74 51 5d 20 3d 20 75
73 65 53 74 61 74 65 28  22 22 29 3b 0a 20 20 63
6f 6e 73 74 20 5b 72 65  73 75 6c 74 73 2c 20 73
65 74 52 65 73 75 6c 74  73 5d 20 3d 20 75 73 65
53 74 61 74 65 28 5b 5d  29 3b 0a 20 20 63 6f 6e
73 74 20 5b 73 65 6c 2c  20 73 65 74 53 65 6c 5d
20 3d 20 75 73 65 53 74  61 74 65 28 22 22 29 3b
0a 20 20 63 6f 6e 73 74  20 5b 66 69 6c 65 73 2c
20 73 65 74 46 69 6c 65  73 5d 20 3d 20 75 73 65
53 74 61 74 65 28 5b 5d  29 3b 0a 20 20 63 6f 6e
73 74 20 5b 62 75 73 79  2c 20 73 65 74 42 75 73
79 5d 20 3d 20 75 73 65  53 74 61 74 65 28 66 61
6c 73 65 29 3b 0a 20 20  63 6f 6e 73 74 20 5b 70
72 6f 67 2c 20 73 65 74  50 72 6f 67 5d 20 3d 20
75 73 65 53 74 61 74 65  28 6e 75 6c 6c 29 3b 0a
20 20 63 6f 6e 73 74 20  5b 6d 73 67 2c 20 73 65
74 4d 73 67 5d 20 3d 20  75 73 65 53 74 61 74 65
28 22 22 29 3b 0a 20 20  63 6f 6e 73 74 20 73 65
61 72 63 68 20 3d 20 61  73 79 6e 63 20 28 29 20
3d 3e 20 7b 0a 20 20 20  20 63 6f 6e 73 74 20 74
20 3d 20 71 2e 74 72 69  6d 28 29 3b 0a 20 20 20
20 69 66 20 28 21 74 29  20 72 65 74 75 72 6e 3b
0a 20 20 20 20 73 65 74  4d 73 67 28 22 6d 65 6e
63 61 72 69 e2 80 a6 22  29 3b 0a 20 20 20 20 73
65 74 52 65 73 75 6c 74  73 28 5b 5d 29 3b 0a 20
20 20 20 73 65 74 53 65  6c 28 22 22 29 3b 0a 20
20 20 20 73 65 74 46 69  6c 65 73 28 5b 5d 29 3b
0a 20 20 20 20 74 72 79  20 7b 0a 20 20 20 20 20
20 63 6f 6e 73 74 20 72  20 3d 20 61 77 61 69 74
20 28 0a 20 20 20 20 20  20 20 20 61 77 61 69 74
20 66 65 74 63 68 28 22  2f 68 66 2f 73 65 61 72
63 68 3f 71 3d 22 20 2b  20 65 6e 63 6f 64 65 55
52 49 43 6f 6d 70 6f 6e  65 6e 74 28 74 29 29 0a
20 20 20 20 20 20 29 2e  6a 73 6f 6e 28 29 3b 0a
20 20 20 20 20 20 69 66  20 28 72 2e 65 72 72 6f
72 29 20 74 68 72 6f 77  20 6e 65 77 20 45 72 72
6f 72 28 72 2e 65 72 72  6f 72 29 3b 0a 20 20 20
20 20 20 73 65 74 52 65  73 75 6c 74 73 28 72 29
3b 0a 20 20 20 20 20 20  73 65 74 4d 73 67 28 72
2e 6c 65 6e 67 74 68 20  3f 20 22 22 20 3a 20 22
74 69 64 61 6b 20 61 64  61 20 68 61 73 69 6c 22
29 3b 0a 20 20 20 20 7d  20 63 61 74 63 68 20 28
65 29 20 7b 0a 20 20 20  20 20 20 73 65 74 4d 73
67 28 22 67 61 67 61 6c  3a 20 22 20 2b 20 65 2e
6d 65 73 73 61 67 65 29  3b 0a 20 20 20 20 7d 0a
20 20 7d 3b 0a 20 20 63  6f 6e 73 74 20 70 69 63
6b 20 3d 20 61 73 79 6e  63 20 28 69 64 29 20 3d
3e 20 7b 0a 20 20 20 20  73 65 74 53 65 6c 28 69
64 29 3b 0a 20 20 20 20  73 65 74 46 69 6c 65 73
28 5b 5d 29 3b 0a 20 20  20 20 73 65 74 4d 73 67
28 22 6d 65 6d 75 61 74  20 66 69 6c 65 e2 80 a6
22 29 3b 0a 20 20 20 20  74 72 79 20 7b 0a 20 20
20 20 20 20 63 6f 6e 73  74 20 72 20 3d 20 61 77
61 69 74 20 28 0a 20 20  20 20 20 20 20 20 61 77
61 69 74 20 66 65 74 63  68 28 22 2f 68 66 2f 66
69 6c 65 73 3f 69 64 3d  22 20 2b 20 65 6e 63 6f
64 65 55 52 49 43 6f 6d  70 6f 6e 65 6e 74 28 69
64 29 29 0a 20 20 20 20  20 20 29 2e 6a 73 6f 6e
28 29 3b 0a 20 20 20 20  20 20 69 66 20 28 72 2e
65 72 72 6f 72 29 20 74  68 72 6f 77 20 6e 65 77
20 45 72 72 6f 72 28 72  2e 65 72 72 6f 72 29 3b
0a 20 20 20 20 20 20 73  65 74 46 69 6c 65 73 28
72 29 3b 0a 20 20 20 20  20 20 73 65 74 4d 73 67
28 72 2e 6c 65 6e 67 74  68 20 3f 20 22 22 20 3a
20 22 74 61 6b 20 61 64  61 20 66 69 6c 65 20 2e
67 67 75 66 20 64 69 20  72 65 70 6f 20 69 6e 69
22 29 3b 0a 20 20 20 20  7d 20 63 61 74 63 68 20
28 65 29 20 7b 0a 20 20  20 20 20 20 73 65 74 4d
73 67 28 22 67 61 67 61  6c 3a 20 22 20 2b 20 65
2e 6d 65 73 73 61 67 65  29 3b 0a 20 20 20 20 7d
0a 20 20 7d 3b 0a 20 20  63 6f 6e 73 74 20 64 6f
77 6e 6c 6f 61 64 20 3d  20 61 73 79 6e 63 20 28
66 69 6c 65 29 20 3d 3e  20 7b 0a 20 20 20 20 69
66 20 28 62 75 73 79 29  20 72 65 74 75 72 6e 3b
0a 20 20 20 20 73 65 74  42 75 73 79 28 74 72 75
65 29 3b 0a 20 20 20 20  73 65 74 50 72 6f 67 28
30 29 3b 0a 20 20 20 20  73 65 74 4d 73 67 28 22
6d 65 6e 67 75 6e 64 75  68 20 22 20 2b 20 66 69
6c 65 2e 73 70 6c 69 74  28 22 2f 22 29 2e 70 6f
70 28 29 20 2b 20 22 e2  80 a6 22 29 3b 0a 20 20
20 20 74 72 79 20 7b 0a  20 20 20 20 20 20 63 6f
6e 73 74 20 72 65 73 20  3d 20 61 77 61 69 74 20
66 65 74 63 68 28 22 2f  68 66 2f 64 6f 77 6e 6c
6f 61 64 22 2c 20 7b 0a  20 20 20 20 20 20 20 20
6d 65 74 68 6f 64 3a 20  22 50 4f 53 54 22 2c 0a
20 20 20 20 20 20 20 20  68 65 61 64 65 72 73 3a
20 7b 20 22 43 6f 6e 74  65 6e 74 2d 54 79 70 65
22 3a 20 22 61 70 70 6c  69 63 61 74 69 6f 6e 2f
6a 73 6f 6e 22 20 7d 2c  0a 20 20 20 20 20 20 20
20 62 6f 64 79 3a 20 4a  53 4f 4e 2e 73 74 72 69
6e 67 69 66 79 28 7b 20  69 64 3a 20 73 65 6c 2c
20 66 69 6c 65 20 7d 29  2c 0a 20 20 20 20 20 20
7d 29 3b 0a 20 20 20 20  20 20 63 6f 6e 73 74 20
72 65 61 64 65 72 20 3d  20 72 65 73 2e 62 6f 64
79 2e 67 65 74 52 65 61  64 65 72 28 29 3b 0a 20
20 20 20 20 20 63 6f 6e  73 74 20 64 65 63 20 3d
20 6e 65 77 20 54 65 78  74 44 65 63 6f 64 65 72
28 29 3b 0a 20 20 20 20  20 20 6c 65 74 20 62 75
66 20 3d 20 22 22 3b 0a  20 20 20 20 20 20 77 68
69 6c 65 20 28 74 72 75  65 29 20 7b 0a 20 20 20
20 20 20 20 20 63 6f 6e  73 74 20 7b 20 64 6f 6e
65 2c 20 76 61 6c 75 65  20 7d 20 3d 20 61 77 61
69 74 20 72 65 61 64 65  72 2e 72 65 61 64 28 29
3b 0a 20 20 20 20 20 20  20 20 69 66 20 28 64 6f
6e 65 29 20 62 72 65 61  6b 3b 0a 20 20 20 20 20
20 20 20 62 75 66 20 2b  3d 20 64 65 63 2e 64 65
63 6f 64 65 28 76 61 6c  75 65 2c 20 7b 20 73 74
72 65 61 6d 3a 20 74 72  75 65 20 7d 29 3b 0a 20
20 20 20 20 20 20 20 63  6f 6e 73 74 20 6c 69 6e
65 73 20 3d 20 62 75 66  2e 73 70 6c 69 74 28 22
5c 6e 22 29 3b 0a 20 20  20 20 20 20 20 20 62 75
66 20 3d 20 6c 69 6e 65  73 2e 70 6f 70 28 29 3b
0a 20 20 20 20 20 20 20  20 66 6f 72 20 28 63 6f
6e 73 74 20 6c 69 6e 65  20 6f 66 20 6c 69 6e 65
73 29 20 7b 0a 20 20 20  20 20 20 20 20 20 20 63
6f 6e 73 74 20 6d 20 3d  20 6c 69 6e 65 2e 6d 61
74 63 68 28 2f 5e 64 61  74 61 3a 5c 73 2a 28 2e
2a 29 24 2f 29 3b 0a 20  20 20 20 20 20 20 20 20
20 69 66 20 28 21 6d 29  20 63 6f 6e 74 69 6e 75
65 3b 0a 20 20 20 20 20  20 20 20 20 20 6c 65 74
20 6a 3b 0a 20 20 20 20  20 20 20 20 20 20 74 72
79 20 7b 0a 20 20 20 20  20 20 20 20 20 20 20 20
6a 20 3d 20 4a 53 4f 4e  2e 70 61 72 73 65 28 6d
5b 31 5d 29 3b 0a 20 20  20 20 20 20 20 20 20 20
7d 20 63 61 74 63 68 20  28 65 29 20 7b 0a 20 20
20 20 20 20 20 20 20 20  20 20 63 6f 6e 74 69 6e
75 65 3b 0a 20 20 20 20  20 20 20 20 20 20 7d 0a
20 20 20 20 20 20 20 20  20 20 69 66 20 28 6a 2e
74 20 3d 3d 3d 20 22 70  72 6f 67 72 65 73 73 22
29 20 73 65 74 50 72 6f  67 28 6a 2e 70 63 74 29
3b 0a 20 20 20 20 20 20  20 20 20 20 65 6c 73 65
20 69 66 20 28 6a 2e 74  20 3d 3d 3d 20 22 64 6f
6e 65 22 29 20 7b 0a 20  20 20 20 20 20 20 20 20
20 20 20 73 65 74 4d 73  67 28 0a 20 20 20 20 20
20 20 20 20 20 20 20 20  20 22 e2 9c 93 20 22 20
2b 0a 20 20 20 20 20 20  20 20 20 20 20 20 20 20
20 20 6a 2e 6d 6f 64 65  6c 2e 6e 61 6d 65 20 2b
0a 20 20 20 20 20 20 20  20 20 20 20 20 20 20 20
20 22 20 64 69 75 6e 64  75 68 20 26 20 64 69 6a
61 6c 61 6e 6b 61 6e 20  28 70 6f 72 74 20 22 20
2b 0a 20 20 20 20 20 20  20 20 20 20 20 20 20 20
20 20 6a 2e 6d 6f 64 65  6c 2e 70 6f 72 74 20 2b
0a 20 20 20 20 20 20 20  20 20 20 20 20 20 20 20
20 22 29 2e 20 54 75 6e  67 67 75 20 7e 33 30 20
64 74 6b 2c 20 6c 61 6c  75 20 70 69 6c 69 68 20
64 69 20 64 72 6f 70 64  6f 77 6e 20 4d 6f 64 65
6c 2e 22 2c 0a 20 20 20  20 20 20 20 20 20 20 20
20 29 3b 0a 20 20 20 20  20 20 20 20 20 20 20 20
6f 6e 53 61 76 65 64 20  26 26 20 6f 6e 53 61 76
65 64 28 29 3b 0a 20 20  20 20 20 20 20 20 20 20
7d 20 65 6c 73 65 20 69  66 20 28 6a 2e 74 20 3d
3d 3d 20 22 65 72 72 22  29 20 73 65 74 4d 73 67
28 22 67 61 67 61 6c 3a  20 22 20 2b 20 6a 2e 6d
29 3b 0a 20 20 20 20 20  20 20 20 7d 0a 20 20 20
20 20 20 7d 0a 20 20 20  20 7d 20 63 61 74 63 68
20 28 65 29 20 7b 0a 20  20 20 20 20 20 73 65 74
4d 73 67 28 22 67 61 67  61 6c 3a 20 22 20 2b 20
65 2e 6d 65 73 73 61 67  65 29 3b 0a 20 20 20 20
7d 0a 20 20 20 20 73 65  74 42 75 73 79 28 66 61
6c 73 65 29 3b 0a 20 20  20 20 73 65 74 50 72 6f
67 28 6e 75 6c 6c 29 3b  0a 20 20 7d 3b 0a 20 20
72 65 74 75 72 6e 20 28  0a 20 20 20 20 3c 64 69
76 20 63 6c 61 73 73 4e  61 6d 65 3d 22 68 66 22
3e 0a 20 20 20 20 20 20  3c 6c 61 62 65 6c 20 63
6c 61 73 73 4e 61 6d 65  3d 22 66 69 65 6c 64 2d
6c 61 62 65 6c 22 3e 4d  6f 64 65 6c 20 48 75 67
67 69 6e 67 46 61 63 65  3c 2f 6c 61 62 65 6c 3e
0a 20 20 20 20 20 20 3c  64 69 76 20 63 6c 61 73
73 4e 61 6d 65 3d 22 68  66 2d 73 65 61 72 63 68
22 3e 0a 20 20 20 20 20  20 20 20 3c 69 6e 70 75
74 0a 20 20 20 20 20 20  20 20 20 20 63 6c 61 73
73 4e 61 6d 65 3d 22 69  6e 70 75 74 22 0a 20 20
20 20 20 20 20 20 20 20  76 61 6c 75 65 3d 7b 71
7d 0a 20 20 20 20 20 20  20 20 20 20 6f 6e 43 68
61 6e 67 65 3d 7b 28 65  29 20 3d 3e 20 73 65 74
51 28 65 2e 74 61 72 67  65 74 2e 76 61 6c 75 65
29 7d 0a 20 20 20 20 20  20 20 20 20 20 70 6c 61
63 65 68 6f 6c 64 65 72  3d 22 63 61 72 69 20 47
47 55 46 e2 80 a6 20 28  6d 69 73 2e 20 71 77 65
6e 20 63 6f 64 65 72 29  22 0a 20 20 20 20 20 20
20 20 20 20 6f 6e 4b 65  79 44 6f 77 6e 3d 7b 28
65 29 20 3d 3e 20 7b 0a  20 20 20 20 20 20 20 20
20 20 20 20 69 66 20 28  65 2e 6b 65 79 20 3d 3d
3d 20 22 45 6e 74 65 72  22 29 20 73 65 61 72 63
68 28 29 3b 0a 20 20 20  20 20 20 20 20 20 20 7d
7d 0a 20 20 20 20 20 20  20 20 2f 3e 0a 20 20 20
20 20 20 20 20 3c 62 75  74 74 6f 6e 20 63 6c 61
73 73 4e 61 6d 65 3d 22  62 74 6e 20 62 74 6e 2d
70 72 69 6d 61 72 79 22  20 6f 6e 43 6c 69 63 6b
3d 7b 73 65 61 72 63 68  7d 3e 0a 20 20 20 20 20
20 20 20 20 20 43 61 72  69 0a 20 20 20 20 20 20
20 20 3c 2f 62 75 74 74  6f 6e 3e 0a 20 20 20 20
20 20 3c 2f 64 69 76 3e  0a 20 20 20 20 20 20 7b
72 65 73 75 6c 74 73 2e  6c 65 6e 67 74 68 20 3e
20 30 20 26 26 20 28 0a  20 20 20 20 20 20 20 20
3c 64 69 76 20 63 6c 61  73 73 4e 61 6d 65 3d 22
68 66 2d 72 65 73 22 3e  0a 20 20 20 20 20 20 20
20 20 20 7b 72 65 73 75  6c 74 73 2e 6d 61 70 28
28 6d 29 20 3d 3e 20 28  0a 20 20 20 20 20 20 20
20 20 20 20 20 3c 62 75  74 74 6f 6e 0a 20 20 20
20 20 20 20 20 20 20 20  20 20 20 6b 65 79 3d 7b
6d 2e 69 64 7d 0a 20 20  20 20 20 20 20 20 20 20
20 20 20 20 63 6c 61 73  73 4e 61 6d 65 3d 7b 22
68 66 2d 69 74 65 6d 22  20 2b 20 28 73 65 6c 20
3d 3d 3d 20 6d 2e 69 64  20 3f 20 22 20 73 65 6c
22 20 3a 20 22 22 29 7d  0a 20 20 20 20 20 20 20
20 20 20 20 20 20 20 6f  6e 43 6c 69 63 6b 3d 7b
28 29 20 3d 3e 20 70 69  63 6b 28 6d 2e 69 64 29
7d 0a 20 20 20 20 20 20  20 20 20 20 20 20 3e 0a
20 20 20 20 20 20 20 20  20 20 20 20 20 20 7b 6d
2e 69 64 7d 0a 20 20 20  20 20 20 20 20 20 20 20
20 20 20 3c 62 72 20 2f  3e 0a 20 20 20 20 20 20
20 20 20 20 20 20 20 20  3c 73 70 61 6e 20 63 6c
61 73 73 4e 61 6d 65 3d  22 6d 65 74 61 22 3e 0a
20 20 20 20 20 20 20 20  20 20 20 20 20 20 20 20
e2 86 93 20 7b 6d 2e 64  6f 77 6e 6c 6f 61 64 73
2e 74 6f 4c 6f 63 61 6c  65 53 74 72 69 6e 67 28
29 7d 20 c2 b7 20 e2 99  a5 20 7b 6d 2e 6c 69 6b
65 73 7d 0a 20 20 20 20  20 20 20 20 20 20 20 20
20 20 3c 2f 73 70 61 6e  3e 0a 20 20 20 20 20 20
20 20 20 20 20 20 3c 2f  62 75 74 74 6f 6e 3e 0a
20 20 20 20 20 20 20 20  20 20 29 29 7d 0a 20 20
20 20 20 20 20 20 3c 2f  64 69 76 3e 0a 20 20 20
20 20 20 29 7d 0a 20 20  20 20 20 20 7b 73 65 6c
20 26 26 0a 20 20 20 20  20 20 20 20 66 69 6c 65
73 2e 6d 61 70 28 28 66  29 20 3d 3e 20 7b 0a 20
20 20 20 20 20 20 20 20  20 63 6f 6e 73 74 20 68
65 61 76 79 20 3d 20 66  2e 73 69 7a 65 20 3e 20
34 20 2a 20 31 30 37 33  37 34 31 38 32 34 3b 0a
20 20 20 20 20 20 20 20  20 20 72 65 74 75 72 6e
20 28 0a 20 20 20 20 20  20 20 20 20 20 20 20 3c
64 69 76 20 63 6c 61 73  73 4e 61 6d 65 3d 22 68
66 2d 66 69 6c 65 22 20  6b 65 79 3d 7b 66 2e 70
61 74 68 7d 3e 0a 20 20  20 20 20 20 20 20 20 20
20 20 20 20 3c 73 70 61  6e 20 63 6c 61 73 73 4e
61 6d 65 3d 22 6e 6d 22  3e 7b 66 2e 70 61 74 68
2e 73 70 6c 69 74 28 22  2f 22 29 2e 70 6f 70 28
29 7d 3c 2f 73 70 61 6e  3e 0a 20 20 20 20 20 20
20 20 20 20 20 20 20 20  3c 73 70 61 6e 20 63 6c
61 73 73 4e 61 6d 65 3d  7b 22 73 7a 22 20 2b 20
28 68 65 61 76 79 20 3f  20 22 20 68 65 61 76 79
22 20 3a 20 22 22 29 7d  3e 0a 20 20 20 20 20 20
20 20 20 20 20 20 20 20  20 20 7b 66 6d 74 53 69
7a 65 28 66 2e 73 69 7a  65 29 7d 0a 20 20 20 20
20 20 20 20 20 20 20 20  20 20 20 20 7b 68 65 61
76 79 20 3f 20 22 20 e2  9a a0 22 20 3a 20 22 22
7d 0a 20 20 20 20 20 20  20 20 20 20 20 20 20 20
3c 2f 73 70 61 6e 3e 0a  20 20 20 20 20 20 20 20
20 20 20 20 20 20 3c 62  75 74 74 6f 6e 0a 20 20
20 20 20 20 20 20 20 20  20 20 20 20 20 20 63 6c
61 73 73 4e 61 6d 65 3d  22 68 66 2d 64 6c 22 0a
20 20 20 20 20 20 20 20  20 20 20 20 20 20 20 20
64 69 73 61 62 6c 65 64  3d 7b 62 75 73 79 7d 0a
20 20 20 20 20 20 20 20  20 20 20 20 20 20 20 20
6f 6e 43 6c 69 63 6b 3d  7b 28 29 20 3d 3e 20 64
6f 77 6e 6c 6f 61 64 28  66 2e 70 61 74 68 29 7d
0a 20 20 20 20 20 20 20  20 20 20 20 20 20 20 3e
0a 20 20 20 20 20 20 20  20 20 20 20 20 20 20 20
20 55 6e 64 75 68 0a 20  20 20 20 20 20 20 20 20
20 20 20 20 20 3c 2f 62  75 74 74 6f 6e 3e 0a 20
20 20 20 20 20 20 20 20  20 20 20 3c 2f 64 69 76
3e 0a 20 20 20 20 20 20  20 20 20 20 29 3b 0a 20
20 20 20 20 20 20 20 7d  29 7d 0a 20 20 20 20 20
20 7b 70 72 6f 67 20 21  3d 3d 20 6e 75 6c 6c 20
26 26 20 28 0a 20 20 20  20 20 20 20 20 3c 64 69
76 20 63 6c 61 73 73 4e  61 6d 65 3d 22 68 66 2d
62 61 72 22 3e 0a 20 20  20 20 20 20 20 20 20 20
3c 64 69 76 20 73 74 79  6c 65 3d 7b 7b 20 77 69
64 74 68 3a 20 70 72 6f  67 20 2b 20 22 25 22 20
7d 7d 20 2f 3e 0a 20 20  20 20 20 20 20 20 3c 2f
64 69 76 3e 0a 20 20 20  20 20 20 29 7d 0a 20 20
20 20 20 20 7b 6d 73 67  20 26 26 20 3c 64 69 76
20 63 6c 61 73 73 4e 61  6d 65 3d 22 68 66 2d 6d
73 67 22 3e 7b 6d 73 67  7d 3c 2f 64 69 76 3e 7d
0a 20 20 20 20 3c 2f 64  69 76 3e 0a 20 20 29 3b
0a 7d 0a 0a 2f 2a 20 2d  2d 2d 2d 2d 2d 2d 2d 2d
2d 2d 2d 2d 2d 2d 2d 2d  2d 2d 2d 2d 2d 2d 2d 2d
2d 2d 2d 2d 20 53 65 74  74 69 6e 67 73 20 28 66
75 6c 6c 20 70 61 67 65  29 20 2d 2d 2d 2d 2d 2d
2d 2d 2d 2d 2d 2d 2d 2d  2d 2d 2d 2d 2d 2d 2d 2d
2d 2d 2d 2d 2d 2d 2d 20  2a 2f 0a 66 75 6e 63 74
69 6f 6e 20 53 65 74 74  69 6e 67 73 56 69 65 77
28 7b 20 6f 6e 42 61 63  6b 2c 20 6f 6e 53 61 76
65 64 2c 20 6f 6e 43 6c  6f 75 64 43 68 61 6e 67
65 64 20 7d 29 20 7b 0a  20 20 63 6f 6e 73 74 20
73 74 6f 72 65 64 20 3d  20 67 65 74 43 6c 6f 75
64 28 29 3b 0a 20 20 63  6f 6e 73 74 20 5b 6b 65
79 2c 20 73 65 74 4b 65  79 5d 20 3d 20 75 73 65
53 74 61 74 65 28 22 22  29 3b 0a 20 20 63 6f 6e
73 74 20 5b 70 72 6f 76  69 64 65 72 2c 20 73 65
74 50 72 6f 76 69 64 65  72 5d 20 3d 20 75 73 65
53 74 61 74 65 28 0a 20  20 20 20 73 74 6f 72 65
64 20 3f 20 28 73 74 6f  72 65 64 2e 62 61 73 65
55 72 6c 20 3f 20 22 63  75 73 74 6f 6d 22 20 3a
20 73 74 6f 72 65 64 2e  70 72 6f 76 69 64 65 72
29 20 3a 20 22 61 75 74  6f 22 2c 0a 20 20 29 3b
0a 20 20 63 6f 6e 73 74  20 5b 6d 6f 64 65 6c 2c
20 73 65 74 4d 6f 64 65  6c 4e 61 6d 65 5d 20 3d
20 75 73 65 53 74 61 74  65 28 0a 20 20 20 20 73
74 6f 72 65 64 20 3f 20  28 6b 65 79 69 73 68 28
73 74 6f 72 65 64 2e 6d  6f 64 65 6c 29 20 3f 20
22 22 20 3a 20 73 74 6f  72 65 64 2e 6d 6f 64 65
6c 29 20 3a 20 22 22 2c  0a 20 20 29 3b 0a 20 20
63 6f 6e 73 74 20 5b 62  61 73 65 55 72 6c 2c 20
73 65 74 42 61 73 65 55  72 6c 5d 20 3d 20 75 73
65 53 74 61 74 65 28 73  74 6f 72 65 64 20 3f 20
73 74 6f 72 65 64 2e 62  61 73 65 55 72 6c 20 7c
7c 20 22 22 20 3a 20 22  22 29 3b 0a 20 20 63 6f
6e 73 74 20 5b 68 69 6e  74 2c 20 73 65 74 48 69
6e 74 5d 20 3d 20 75 73  65 53 74 61 74 65 28 0a
20 20 20 20 73 74 6f 72  65 64 0a 20 20 20 20 20
20 3f 20 22 70 72 6f 76  69 64 65 72 20 22 20 2b
0a 20 20 20 20 20 20 20  20 20 20 73 74 6f 72 65
64 2e 70 72 6f 76 69 64  65 72 20 2b 0a 20 20 20
20 20 20 20 20 20 20 22  20 c2 b7 22 20 2b 0a 20
20 20 20 20 20 20 20 20  20 28 73 74 6f 72 65 64
2e 6b 65 79 20 3f 20 73  74 6f 72 65 64 2e 6b 65
79 2e 73 6c 69 63 65 28  2d 34 29 20 3a 20 22 73
65 72 76 65 72 22 29 20  2b 0a 20 20 20 20 20 20
20 20 20 20 22 20 c2 b7  20 61 6b 74 69 66 22 0a
20 20 20 20 20 20 3a 20  22 54 65 6d 70 65 6c 20
41 50 49 20 6b 65 79 2c  20 6c 61 6c 75 20 44 65
74 65 6b 73 69 20 61 74  61 75 20 70 69 6c 69 68
20 70 72 6f 76 69 64 65  72 2e 22 2c 0a 20 20 29
3b 0a 0a 20 20 63 6f 6e  73 74 20 64 65 74 65 63
74 20 3d 20 61 73 79 6e  63 20 28 29 20 3d 3e 20
7b 0a 20 20 20 20 63 6f  6e 73 74 20 6b 20 3d 20
6b 65 79 2e 74 72 69 6d  28 29 20 7c 7c 20 28 73
74 6f 72 65 64 20 26 26  20 73 74 6f 72 65 64 2e
6b 65 79 29 3b 0a 20 20  20 20 69 66 20 28 21 6b
29 20 7b 0a 20 20 20 20  20 20 73 65 74 48 69 6e
74 28 22 54 65 6d 70 65  6c 20 41 50 49 20 6b 65
79 20 64 75 6c 75 2e 22  29 3b 0a 20 20 20 20 20
20 72 65 74 75 72 6e 3b  0a 20 20 20 20 7d 0a 20
20 20 20 73 65 74 48 69  6e 74 28 22 f0 9f 94 8d
20 4d 65 6e 64 65 74 65  6b 73 69 e2 80 a6 22 29
3b 0a 20 20 20 20 74 72  79 20 7b 0a 20 20 20 20
20 20 63 6f 6e 73 74 20  64 20 3d 20 61 77 61 69
74 20 28 0a 20 20 20 20  20 20 20 20 61 77 61 69
74 20 66 65 74 63 68 28  22 2f 64 65 74 65 63 74
2d 6b 65 79 22 2c 20 7b  0a 20 20 20 20 20 20 20
20 20 20 6d 65 74 68 6f  64 3a 20 22 50 4f 53 54
22 2c 0a 20 20 20 20 20  20 20 20 20 20 68 65 61
64 65 72 73 3a 20 7b 20  22 43 6f 6e 74 65 6e 74
2d 54 79 70 65 22 3a 20  22 61 70 70 6c 69 63 61
74 69 6f 6e 2f 6a 73 6f  6e 22 20 7d 2c 0a 20 20
20 20 20 20 20 20 20 20  62 6f 64 79 3a 20 4a 53
4f 4e 2e 73 74 72 69 6e  67 69 66 79 28 7b 20 6b
65 79 3a 20 6b 20 7d 29  2c 0a 20 20 20 20 20 20
20 20 7d 29 0a 20 20 20  20 20 20 29 2e 6a 73 6f
6e 28 29 3b 0a 20 20 20  20 20 20 69 66 20 28 50
52 4f 56 49 44 45 52 5f  4c 41 42 45 4c 53 5b 64
2e 70 72 6f 76 69 64 65  72 5d 29 20 73 65 74 50
72 6f 76 69 64 65 72 28  64 2e 70 72 6f 76 69 64
65 72 29 3b 0a 20 20 20  20 20 20 73 65 74 48 69
6e 74 28 0a 20 20 20 20  20 20 20 20 64 2e 76 65
72 69 66 69 65 64 0a 20  20 20 20 20 20 20 20 20
20 3f 20 22 e2 9c 93 20  54 65 72 76 65 72 69 66
69 6b 61 73 69 3a 20 22  20 2b 20 64 2e 6e 61 6d
65 0a 20 20 20 20 20 20  20 20 20 20 3a 20 22 54
65 62 61 6b 61 6e 3a 20  22 20 2b 20 64 2e 6e 61
6d 65 20 2b 20 22 20 28  62 65 6c 75 6d 20 74 65
72 76 65 72 69 66 69 6b  61 73 69 29 22 2c 0a 20
20 20 20 20 20 29 3b 0a  20 20 20 20 7d 20 63 61
74 63 68 20 28 65 29 20  7b 0a 20 20 20 20 20 20
73 65 74 48 69 6e 74 28  22 44 65 74 65 6b 73 69
20 67 61 67 61 6c 3a 20  22 20 2b 20 65 2e 6d 65
73 73 61 67 65 29 3b 0a  20 20 20 20 7d 0a 20 20
7d 3b 0a 20 20 63 6f 6e  73 74 20 73 61 76 65 20
3d 20 28 29 20 3d 3e 20  7b 0a 20 20 20 20 63 6f
6e 73 74 20 6b 20 3d 20  6b 65 79 2e 74 72 69 6d
28 29 20 7c 7c 20 28 73  74 6f 72 65 64 20 26 26
20 73 74 6f 72 65 64 2e  6b 65 79 29 3b 0a 20 20
20 20 69 66 20 28 21 6b  29 20 7b 0a 20 20 20 20
20 20 73 65 74 48 69 6e  74 28 22 54 65 6d 70 65
6c 20 41 50 49 20 6b 65  79 20 64 75 6c 75 2e 22
29 3b 0a 20 20 20 20 20  20 72 65 74 75 72 6e 3b
0a 20 20 20 20 7d 0a 20  20 20 20 6c 65 74 20 70
72 6f 76 2c 20 6e 61 6d  65 2c 20 62 75 3b 0a 20
20 20 20 69 66 20 28 70  72 6f 76 69 64 65 72 20
3d 3d 3d 20 22 61 75 74  6f 22 29 20 7b 0a 20 20
20 20 20 20 63 6f 6e 73  74 20 64 20 3d 20 64 65
74 65 63 74 50 72 65 66  69 78 28 6b 29 3b 0a 20
20 20 20 20 20 70 72 6f  76 20 3d 20 64 2e 70 72
6f 76 69 64 65 72 3b 0a  20 20 20 20 20 20 6e 61
6d 65 20 3d 20 64 2e 6e  61 6d 65 3b 0a 20 20 20
20 7d 20 65 6c 73 65 20  69 66 20 28 70 72 6f 76
69 64 65 72 20 3d 3d 3d  20 22 63 75 73 74 6f 6d
22 29 20 7b 0a 20 20 20  20 20 20 70 72 6f 76 20
3d 20 22 63 75 73 74 6f  6d 22 3b 0a 20 20 20 20
20 20 6e 61 6d 65 20 3d  20 22 43 75 73 74 6f 6d
22 3b 0a 20 20 20 20 20  20 62 75 20 3d 20 62 61
73 65 55 72 6c 2e 74 72  69 6d 28 29 3b 0a 20 20
20 20 20 20 69 66 20 28  21 62 75 29 20 7b 0a 20
20 20 20 20 20 20 20 73  65 74 48 69 6e 74 28 22
49 73 69 20 42 61 73 65  20 55 52 4c 20 75 6e 74
75 6b 20 63 75 73 74 6f  6d 2e 22 29 3b 0a 20 20
20 20 20 20 20 20 72 65  74 75 72 6e 3b 0a 20 20
20 20 20 20 7d 0a 20 20  20 20 7d 20 65 6c 73 65
20 7b 0a 20 20 20 20 20  20 70 72 6f 76 20 3d 20
70 72 6f 76 69 64 65 72  3b 0a 20 20 20 20 20 20
6e 61 6d 65 20 3d 20 50  52 4f 56 49 44 45 52 5f
4c 41 42 45 4c 53 5b 70  72 6f 76 69 64 65 72 5d
3b 0a 20 20 20 20 7d 0a  20 20 20 20 6c 65 74 20
6d 64 6c 20 3d 20 6d 6f  64 65 6c 2e 74 72 69 6d
28 29 3b 0a 20 20 20 20  69 66 20 28 73 74 6f 72
65 64 20 26 26 20 73 74  6f 72 65 64 2e 70 72 6f
76 69 64 65 72 20 21 3d  3d 20 70 72 6f 76 29 20
6d 64 6c 20 3d 20 22 22  3b 0a 20 20 20 20 69 66
20 28 21 6d 64 6c 20 7c  7c 20 6b 65 79 69 73 68
28 6d 64 6c 29 29 20 6d  64 6c 20 3d 20 43 4c 4f
55 44 5f 44 45 46 41 55  4c 54 5b 70 72 6f 76 5d
20 7c 7c 20 22 67 70 74  2d 34 6f 22 3b 0a 20 20
20 20 73 65 74 43 6c 6f  75 64 4c 53 28 7b 20 6b
65 79 3a 20 6b 2c 20 70  72 6f 76 69 64 65 72 3a
20 70 72 6f 76 2c 20 6e  61 6d 65 2c 20 6d 6f 64
65 6c 3a 20 6d 64 6c 2c  20 62 61 73 65 55 72 6c
3a 20 62 75 20 7d 29 3b  0a 20 20 20 20 2f 2f 20
6d 69 72 72 6f 72 20 74  6f 20 74 68 65 20 73 65
72 76 65 72 20 73 6f 20  74 68 65 20 62 61 63 6b
65 6e 64 20 61 67 65 6e  74 20 6c 6f 6f 70 20 63
61 6e 20 75 73 65 20 69  74 20 61 75 74 6f 6e 6f
6d 6f 75 73 6c 79 0a 20  20 20 20 66 65 74 63 68
28 22 2f 63 6c 6f 75 64  2d 73 61 76 65 22 2c 20
7b 0a 20 20 20 20 20 20  6d 65 74 68 6f 64 3a 20
22 50 4f 53 54 22 2c 0a  20 20 20 20 20 20 68 65
61 64 65 72 73 3a 20 7b  20 22 43 6f 6e 74 65 6e
74 2d 54 79 70 65 22 3a  20 22 61 70 70 6c 69 63
61 74 69 6f 6e 2f 6a 73  6f 6e 22 20 7d 2c 0a 20
20 20 20 20 20 62 6f 64  79 3a 20 4a 53 4f 4e 2e
73 74 72 69 6e 67 69 66  79 28 7b 20 6b 65 79 3a
20 6b 2c 20 70 72 6f 76  69 64 65 72 3a 20 70 72
6f 76 2c 20 6d 6f 64 65  6c 3a 20 6d 64 6c 2c 20
62 61 73 65 55 72 6c 3a  20 62 75 20 7d 29 2c 0a
20 20 20 20 7d 29 0a 20  20 20 20 20 20 2e 74 68
65 6e 28 28 72 29 20 3d  3e 20 72 2e 6a 73 6f 6e
28 29 29 0a 20 20 20 20  20 20 2e 74 68 65 6e 28
28 29 20 3d 3e 0a 20 20  20 20 20 20 20 20 73 65
74 48 69 6e 74 28 0a 20  20 20 20 20 20 20 20 20
20 22 54 65 72 73 69 6d  70 61 6e 20 28 62 72 6f
77 73 65 72 20 2b 20 73  65 72 76 65 72 29 3a 20
22 20 2b 0a 20 20 20 20  20 20 20 20 20 20 20 20
70 72 6f 76 20 2b 0a 20  20 20 20 20 20 20 20 20
20 20 20 22 20 c2 b7 22  20 2b 0a 20 20 20 20 20
20 20 20 20 20 20 20 6b  2e 73 6c 69 63 65 28 2d
34 29 20 2b 0a 20 20 20  20 20 20 20 20 20 20 20
20 22 20 e2 86 92 20 22  20 2b 0a 20 20 20 20 20
20 20 20 20 20 20 20 6d  64 6c 2c 0a 20 20 20 20
20 20 20 20 29 2c 0a 20  20 20 20 20 20 29 0a 20
20 20 20 20 20 2e 63 61  74 63 68 28 28 29 20 3d
3e 0a 20 20 20 20 20 20  20 20 73 65 74 48 69 6e
74 28 0a 20 20 20 20 20  20 20 20 20 20 22 54 65
72 73 69 6d 70 61 6e 20  64 69 20 62 72 6f 77 73
65 72 3a 20 22 20 2b 20  70 72 6f 76 20 2b 20 22
20 c2 b7 22 20 2b 20 6b  2e 73 6c 69 63 65 28 2d
34 29 20 2b 20 22 20 e2  86 92 20 22 20 2b 20 6d
64 6c 2c 0a 20 20 20 20  20 20 20 20 29 2c 0a 20
20 20 20 20 20 29 3b 0a  20 20 20 20 6f 6e 53 61
76 65 64 28 29 3b 0a 20  20 20 20 6f 6e 43 6c 6f
75 64 43 68 61 6e 67 65  64 28 29 3b 20 2f 2f 20
54 72 69 67 67 65 72 20  6d 6f 64 65 6c 20 6c 69
73 74 20 72 65 6c 6f 61  64 0a 20 20 7d 3b 0a 20
20 63 6f 6e 73 74 20 63  6c 65 61 72 20 3d 20 28
29 20 3d 3e 20 7b 0a 20  20 20 20 73 65 74 43 6c
6f 75 64 4c 53 28 6e 75  6c 6c 29 3b 0a 20 20 20
20 73 65 74 4b 65 79 28  22 22 29 3b 0a 20 20 20
20 73 65 74 4d 6f 64 65  6c 4e 61 6d 65 28 22 22
29 3b 0a 20 20 20 20 73  65 74 42 61 73 65 55 72
6c 28 22 22 29 3b 0a 20  20 20 20 73 65 74 50 72
6f 76 69 64 65 72 28 22  61 75 74 6f 22 29 3b 0a
20 20 20 20 73 65 74 48  69 6e 74 28 22 44 69 68
61 70 75 73 2e 22 29 3b  0a 20 20 20 20 6f 6e 53
61 76 65 64 28 29 3b 0a  20 20 20 20 6f 6e 43 6c
6f 75 64 43 68 61 6e 67  65 64 28 29 3b 0a 20 20
7d 3b 0a 0a 20 20 72 65  74 75 72 6e 20 28 0a 20
20 20 20 3c 64 69 76 20  63 6c 61 73 73 4e 61 6d
65 3d 22 68 75 62 22 3e  0a 20 20 20 20 20 20 3c
68 65 61 64 65 72 20 63  6c 61 73 73 4e 61 6d 65
3d 22 68 75 62 2d 68 65  61 64 65 72 22 3e 0a 20
20 20 20 20 20 20 20 3c  73 70 61 6e 20 63 6c 61
73 73 4e 61 6d 65 3d 22  74 62 2d 64 69 76 69 64
65 72 22 20 2f 3e 0a 20  20 20 20 20 20 20 20 3c
64 69 76 20 63 6c 61 73  73 4e 61 6d 65 3d 22 68
75 62 2d 74 69 74 6c 65  2d 67 72 6f 75 70 22 3e
0a 20 20 20 20 20 20 20  20 20 20 3c 73 70 61 6e
0a 20 20 20 20 20 20 20  20 20 20 20 20 63 6c 61
73 73 4e 61 6d 65 3d 22  68 75 62 2d 68 66 2d 6d
61 72 6b 22 0a 20 20 20  20 20 20 20 20 20 20 20
20 73 74 79 6c 65 3d 7b  7b 20 62 61 63 6b 67 72
6f 75 6e 64 3a 20 22 72  67 62 61 28 39 34 2c 32
33 34 2c 32 31 32 2c 2e  31 34 29 22 2c 20 63 6f
6c 6f 72 3a 20 22 23 35  65 65 61 64 34 22 20 7d
7d 0a 20 20 20 20 20 20  20 20 20 20 3e 0a 20 20
20 20 20 20 20 20 20 20  20 20 7b 53 42 2e 6b 65
79 28 7b 20 77 69 64 74  68 3a 20 31 36 2c 20 68
65 69 67 68 74 3a 20 31  36 20 7d 29 7d 0a 20 20
20 20 20 20 20 20 20 20  3c 2f 73 70 61 6e 3e 0a
20 20 20 20 20 20 20 20  20 20 3c 73 70 61 6e 20
63 6c 61 73 73 4e 61 6d  65 3d 22 68 75 62 2d 74
69 74 6c 65 22 3e 41 50  49 20 4b 65 79 3c 2f 73
70 61 6e 3e 0a 20 20 20  20 20 20 20 20 20 20 3c
73 70 61 6e 20 63 6c 61  73 73 4e 61 6d 65 3d 22
68 75 62 2d 73 75 62 74  69 74 6c 65 22 3e 43 6c
6f 75 64 20 42 59 4f 4b  20 c2 b7 20 62 61 77 61
20 6b 65 79 20 73 65 6e  64 69 72 69 3c 2f 73 70
61 6e 3e 0a 20 20 20 20  20 20 20 20 3c 2f 64 69
76 3e 0a 20 20 20 20 20  20 20 20 3c 64 69 76 20
63 6c 61 73 73 4e 61 6d  65 3d 22 74 62 2d 73 70
61 63 65 72 22 20 2f 3e  0a 20 20 20 20 20 20 3c
2f 68 65 61 64 65 72 3e  0a 20 20 20 20 20 20 3c
64 69 76 20 63 6c 61 73  73 4e 61 6d 65 3d 22 68
75 62 2d 62 6f 64 79 22  3e 0a 20 20 20 20 20 20
20 20 3c 64 69 76 20 63  6c 61 73 73 4e 61 6d 65
3d 22 68 75 62 2d 69 6e  6e 65 72 20 73 65 74 74
69 6e 67 73 2d 69 6e 6e  65 72 22 3e 0a 20 20 20
20 20 20 20 20 20 20 3c  64 69 76 20 63 6c 61 73
73 4e 61 6d 65 3d 22 73  65 74 74 69 6e 67 73 2d
63 61 72 64 22 3e 0a 20  20 20 20 20 20 20 20 20
20 20 20 3c 64 69 76 20  63 6c 61 73 73 4e 61 6d
65 3d 22 66 69 65 6c 64  22 3e 0a 20 20 20 20 20
20 20 20 20 20 20 20 20  20 3c 6c 61 62 65 6c 20
63 6c 61 73 73 4e 61 6d  65 3d 22 66 69 65 6c 64
2d 6c 61 62 65 6c 22 3e  43 6c 6f 75 64 20 41 50
49 20 4b 65 79 3c 2f 6c  61 62 65 6c 3e 0a 20 20
20 20 20 20 20 20 20 20  20 20 20 20 3c 69 6e 70
75 74 0a 20 20 20 20 20  20 20 20 20 20 20 20 20
20 20 20 63 6c 61 73 73  4e 61 6d 65 3d 22 69 6e
70 75 74 22 0a 20 20 20  20 20 20 20 20 20 20 20
20 20 20 20 20 74 79 70  65 3d 22 70 61 73 73 77
6f 72 64 22 0a 20 20 20  20 20 20 20 20 20 20 20
20 20 20 20 20 61 75 74  6f 43 6f 6d 70 6c 65 74
65 3d 22 6e 65 77 2d 70  61 73 73 77 6f 72 64 22
0a 20 20 20 20 20 20 20  20 20 20 20 20 20 20 20
20 76 61 6c 75 65 3d 7b  6b 65 79 7d 0a 20 20 20
20 20 20 20 20 20 20 20  20 20 20 20 20 6f 6e 43
68 61 6e 67 65 3d 7b 28  65 29 20 3d 3e 20 73 65
74 4b 65 79 28 65 2e 74  61 72 67 65 74 2e 76 61
6c 75 65 29 7d 0a 20 20  20 20 20 20 20 20 20 20
20 20 20 20 20 20 70 6c  61 63 65 68 6f 6c 64 65
72 3d 7b 0a 20 20 20 20  20 20 20 20 20 20 20 20
20 20 20 20 20 20 73 74  6f 72 65 64 0a 20 20 20
20 20 20 20 20 20 20 20  20 20 20 20 20 20 20 20
20 3f 20 22 4b 65 79 20  74 65 72 73 69 6d 70 61
6e 20 28 e2 80 a6 22 20  2b 0a 20 20 20 20 20 20
20 20 20 20 20 20 20 20  20 20 20 20 20 20 20 20
28 73 74 6f 72 65 64 2e  6b 65 79 20 3f 20 73 74
6f 72 65 64 2e 6b 65 79  2e 73 6c 69 63 65 28 2d
34 29 20 3a 20 22 73 65  72 76 65 72 22 29 20 2b
0a 20 20 20 20 20 20 20  20 20 20 20 20 20 20 20
20 20 20 20 20 20 20 22  29 20 e2 80 94 20 6b 6f
73 6f 6e 67 6b 61 6e 20  75 6e 74 75 6b 20 74 65
74 61 70 22 0a 20 20 20  20 20 20 20 20 20 20 20
20 20 20 20 20 20 20 20  20 3a 20 22 54 65 6d 70
65 6c 20 41 50 49 20 6b  65 79 20 61 70 61 20 73
61 6a 61 e2 80 a6 22 0a  20 20 20 20 20 20 20 20
20 20 20 20 20 20 20 20  7d 0a 20 20 20 20 20 20
20 20 20 20 20 20 20 20  2f 3e 0a 20 20 20 20 20
20 20 20 20 20 20 20 3c  2f 64 69 76 3e 0a 20 20
20 20 20 20 20 20 20 20  20 20 3c 62 75 74 74 6f
6e 20 63 6c 61 73 73 4e  61 6d 65 3d 22 62 74 6e
20 62 74 6e 2d 67 68 6f  73 74 22 20 6f 6e 43 6c
69 63 6b 3d 7b 64 65 74  65 63 74 7d 3e 0a 20 20
20 20 20 20 20 20 20 20  20 20 20 20 f0 9f 94 8d
20 44 65 74 65 6b 73 69  20 70 72 6f 76 69 64 65
72 20 64 61 72 69 20 6b  65 79 0a 20 20 20 20 20
20 20 20 20 20 20 20 3c  2f 62 75 74 74 6f 6e 3e
0a 20 20 20 20 20 20 20  20 20 20 20 20 3c 64 69
76 20 63 6c 61 73 73 4e  61 6d 65 3d 22 66 69 65
6c 64 22 3e 0a 20 20 20  20 20 20 20 20 20 20 20
20 20 20 3c 6c 61 62 65  6c 20 63 6c 61 73 73 4e
61 6d 65 3d 22 66 69 65  6c 64 2d 6c 61 62 65 6c
22 3e 50 72 6f 76 69 64  65 72 3c 2f 6c 61 62 65
6c 3e 0a 20 20 20 20 20  20 20 20 20 20 20 20 20
20 3c 64 69 76 20 63 6c  61 73 73 4e 61 6d 65 3d
22 73 65 6c 65 63 74 2d  77 72 61 70 22 3e 0a 20
20 20 20 20 20 20 20 20  20 20 20 20 20 20 20 3c
73 65 6c 65 63 74 0a 20  20 20 20 20 20 20 20 20
20 20 20 20 20 20 20 20  20 76 61 6c 75 65 3d 7b
70 72 6f 76 69 64 65 72  7d 0a 20 20 20 20 20 20
20 20 20 20 20 20 20 20  20 20 20 20 6f 6e 43 68
61 6e 67 65 3d 7b 28 65  29 20 3d 3e 20 73 65 74
50 72 6f 76 69 64 65 72  28 65 2e 74 61 72 67 65
74 2e 76 61 6c 75 65 29  7d 0a 20 20 20 20 20 20
20 20 20 20 20 20 20 20  20 20 3e 0a 20 20 20 20
20 20 20 20 20 20 20 20  20 20 20 20 20 20 3c 6f
70 74 69 6f 6e 20 76 61  6c 75 65 3d 22 61 75 74
6f 22 3e 41 75 74 6f 2d  64 65 74 65 6b 73 69 3c
2f 6f 70 74 69 6f 6e 3e  0a 20 20 20 20 20 20 20
20 20 20 20 20 20 20 20  20 20 20 7b 50 52 4f 56
49 44 45 52 5f 4f 50 54  53 2e 66 69 6c 74 65 72
28 28 70 29 20 3d 3e 20  70 20 21 3d 3d 20 22 61
75 74 6f 22 29 2e 6d 61  70 28 28 70 29 20 3d 3e
20 28 0a 20 20 20 20 20  20 20 20 20 20 20 20 20
20 20 20 20 20 20 20 3c  6f 70 74 69 6f 6e 20 6b
65 79 3d 7b 70 7d 20 76  61 6c 75 65 3d 7b 70 7d
3e 0a 20 20 20 20 20 20  20 20 20 20 20 20 20 20
20 20 20 20 20 20 20 20  7b 70 20 3d 3d 3d 20 22
63 75 73 74 6f 6d 22 0a  20 20 20 20 20 20 20 20
20 20 20 20 20 20 20 20  20 20 20 20 20 20 20 20
3f 20 22 4f 70 65 6e 41  49 2d 63 6f 6d 70 61 74
69 62 6c 65 20 28 55 52  4c 20 63 75 73 74 6f 6d
29 22 0a 20 20 20 20 20  20 20 20 20 20 20 20 20
20 20 20 20 20 20 20 20  20 20 20 3a 20 50 52 4f
56 49 44 45 52 5f 4c 41  42 45 4c 53 5b 70 5d 7d
0a 20 20 20 20 20 20 20  20 20 20 20 20 20 20 20
20 20 20 20 20 3c 2f 6f  70 74 69 6f 6e 3e 0a 20
20 20 20 20 20 20 20 20  20 20 20 20 20 20 20 20
20 29 29 7d 0a 20 20 20  20 20 20 20 20 20 20 20
20 20 20 20 20 3c 2f 73  65 6c 65 63 74 3e 0a 20
20 20 20 20 20 20 20 20  20 20 20 20 20 20 20 3c
49 63 6f 6e 2e 63 68 65  76 20 63 6c 61 73 73 4e
61 6d 65 3d 22 63 68 65  76 22 20 73 74 79 6c 65
3d 7b 7b 20 77 69 64 74  68 3a 20 31 35 2c 20 68
65 69 67 68 74 3a 20 31  35 20 7d 7d 20 2f 3e 0a
20 20 20 20 20 20 20 20  20 20 20 20 20 20 3c 2f
64 69 76 3e 0a 20 20 20  20 20 20 20 20 20 20 20
20 3c 2f 64 69 76 3e 0a  20 20 20 20 20 20 20 20
20 20 20 20 7b 70 72 6f  76 69 64 65 72 20 3d 3d
3d 20 22 63 75 73 74 6f  6d 22 20 26 26 20 28 0a
20 20 20 20 20 20 20 20  20 20 20 20 20 20 3c 64
69 76 20 63 6c 61 73 73  4e 61 6d 65 3d 22 66 69
65 6c 64 22 3e 0a 20 20  20 20 20 20 20 20 20 20
20 20 20 20 20 20 3c 6c  61 62 65 6c 20 63 6c 61
73 73 4e 61 6d 65 3d 22  66 69 65 6c 64 2d 6c 61
62 65 6c 22 3e 42 61 73  65 20 55 52 4c 3c 2f 6c
61 62 65 6c 3e 0a 20 20  20 20 20 20 20 20 20 20
20 20 20 20 20 20 3c 69  6e 70 75 74 0a 20 20 20
20 20 20 20 20 20 20 20  20 20 20 20 20 20 20 63
6c 61 73 73 4e 61 6d 65  3d 22 69 6e 70 75 74 22
0a 20 20 20 20 20 20 20  20 20 20 20 20 20 20 20
20 20 20 76 61 6c 75 65  3d 7b 62 61 73 65 55 72
6c 7d 0a 20 20 20 20 20  20 20 20 20 20 20 20 20
20 20 20 20 20 6f 6e 43  68 61 6e 67 65 3d 7b 28
65 29 20 3d 3e 20 73 65  74 42 61 73 65 55 72 6c
28 65 2e 74 61 72 67 65  74 2e 76 61 6c 75 65 29
7d 0a 20 20 20 20 20 20  20 20 20 20 20 20 20 20
20 20 20 20 70 6c 61 63  65 68 6f 6c 64 65 72 3d
22 68 74 74 70 73 3a 2f  2f 68 6f 73 74 2f 76 31
22 0a 20 20 20 20 20 20  20 20 20 20 20 20 20 20
20 20 2f 3e 0a 20 20 20  20 20 20 20 20 20 20 20
20 20 20 3c 2f 64 69 76  3e 0a 20 20 20 20 20 20
20 20 20 20 20 20 29 7d  0a 20 20 20 20 20 20 20
20 20 20 20 20 3c 64 69  76 20 63 6c 61 73 73 4e
61 6d 65 3d 22 66 69 65  6c 64 22 3e 0a 20 20 20
20 20 20 20 20 20 20 20  20 20 20 3c 6c 61 62 65
6c 20 63 6c 61 73 73 4e  61 6d 65 3d 22 66 69 65
6c 64 2d 6c 61 62 65 6c  22 3e 4d 6f 64 65 6c 3c
2f 6c 61 62 65 6c 3e 0a  20 20 20 20 20 20 20 20
20 20 20 20 20 20 3c 69  6e 70 75 74 0a 20 20 20
20 20 20 20 20 20 20 20  20 20 20 20 20 63 6c 61
73 73 4e 61 6d 65 3d 22  69 6e 70 75 74 22 0a 20
20 20 20 20 20 20 20 20  20 20 20 20 20 20 20 76
61 6c 75 65 3d 7b 6d 6f  64 65 6c 7d 0a 20 20 20
20 20 20 20 20 20 20 20  20 20 20 20 20 6f 6e 43
68 61 6e 67 65 3d 7b 28  65 29 20 3d 3e 20 73 65
74 4d 6f 64 65 6c 4e 61  6d 65 28 65 2e 74 61 72
67 65 74 2e 76 61 6c 75  65 29 7d 0a 20 20 20 20
20 20 20 20 20 20 20 20  20 20 20 20 70 6c 61 63
65 68 6f 6c 64 65 72 3d  22 6f 70 73 69 6f 6e 61
6c 20 e2 80 94 20 6d 69  73 2e 20 71 77 65 6e 2c
20 63 6f 64 65 72 2c 20  67 70 74 2d 34 6f 22 0a
20 20 20 20 20 20 20 20  20 20 20 20 20 20 2f 3e
0a 20 20 20 20 20 20 20  20 20 20 20 20 3c 2f 64
69 76 3e 0a 20 20 20 20  20 20 20 20 20 20 20 20
3c 64 69 76 20 63 6c 61  73 73 4e 61 6d 65 3d 22
70 72 6f 76 69 64 65 72  2d 73 74 61 74 75 73 22
3e 0a 20 20 20 20 20 20  20 20 20 20 20 20 20 20
3c 73 70 61 6e 20 63 6c  61 73 73 4e 61 6d 65 3d
22 73 74 61 74 75 73 2d  64 6f 74 22 20 2f 3e 0a
20 20 20 20 20 20 20 20  20 20 20 20 20 20 7b 68
69 6e 74 7d 0a 20 20 20  20 20 20 20 20 20 20 20
20 3c 2f 64 69 76 3e 0a  20 20 20 20 20 20 20 20
20 20 20 20 3c 64 69 76  20 63 6c 61 73 73 4e 61
6d 65 3d 22 62 74 6e 2d  72 6f 77 22 3e 0a 20 20
20 20 20 20 20 20 20 20  20 20 20 20 3c 62 75 74
74 6f 6e 20 63 6c 61 73  73 4e 61 6d 65 3d 22 62
74 6e 20 62 74 6e 2d 70  72 69 6d 61 72 79 22 20
6f 6e 43 6c 69 63 6b 3d  7b 73 61 76 65 7d 3e 0a
20 20 20 20 20 20 20 20  20 20 20 20 20 20 20 20
3c 49 63 6f 6e 2e 63 68  65 63 6b 20 73 74 79 6c
65 3d 7b 7b 20 77 69 64  74 68 3a 20 31 34 2c 20
68 65 69 67 68 74 3a 20  31 34 20 7d 7d 20 2f 3e
20 53 69 6d 70 61 6e 0a  20 20 20 20 20 20 20 20
20 20 20 20 20 20 3c 2f  62 75 74 74 6f 6e 3e 0a
20 20 20 20 20 20 20 20  20 20 20 20 20 20 3c 62
75 74 74 6f 6e 20 63 6c  61 73 73 4e 61 6d 65 3d
22 62 74 6e 20 62 74 6e  2d 64 61 6e 67 65 72 22
20 6f 6e 43 6c 69 63 6b  3d 7b 63 6c 65 61 72 7d
3e 0a 20 20 20 20 20 20  20 20 20 20 20 20 20 20
20 20 48 61 70 75 73 0a  20 20 20 20 20 20 20 20
20 20 20 20 20 20 3c 2f  62 75 74 74 6f 6e 3e 0a
20 20 20 20 20 20 20 20  20 20 20 20 3c 2f 64 69
76 3e 0a 20 20 20 20 20  20 20 20 20 20 3c 2f 64
69 76 3e 0a 20 20 20 20  20 20 20 20 3c 2f 64 69
76 3e 0a 20 20 20 20 20  20 3c 2f 64 69 76 3e 0a
20 20 20 20 3c 2f 64 69  76 3e 0a 20 20 29 3b 0a
7d 0a 0a 2f 2a 20 2d 2d  2d 2d 2d 2d 2d 2d 2d 2d
2d 2d 2d 2d 2d 2d 2d 2d  2d 2d 2d 2d 2d 2d 2d 2d
2d 2d 2d 20 53 79 6e 74  61 78 20 68 69 67 68 6c
69 67 68 74 20 2d 2d 2d  2d 2d 2d 2d 2d 2d 2d 2d
2d 2d 2d 2d 2d 2d 2d 2d  2d 2d 2d 2d 2d 2d 2d 2d
2d 2d 20 2a 2f 0a 63 6f  6e 73 74 20 4b 57 20 3d
20 7b 0a 20 20 70 79 74  68 6f 6e 3a 0a 20 20 20
20 22 64 65 66 20 63 6c  61 73 73 20 72 65 74 75
72 6e 20 69 66 20 65 6c  69 66 20 65 6c 73 65 20
66 6f 72 20 77 68 69 6c  65 20 69 6e 20 61 6e 64
20 6f 72 20 6e 6f 74 20  69 6d 70 6f 72 74 20 66
72 6f 6d 20 61 73 20 77  69 74 68 20 74 72 79 20
65 78 63 65 70 74 20 66  69 6e 61 6c 6c 79 20 6c
61 6d 62 64 61 20 4e 6f  6e 65 20 54 72 75 65 20
46 61 6c 73 65 20 70 72  69 6e 74 20 70 61 73 73
20 62 72 65 61 6b 20 63  6f 6e 74 69 6e 75 65 20
69 73 20 67 6c 6f 62 61  6c 20 6e 6f 6e 6c 6f 63
61 6c 20 79 69 65 6c 64  20 61 73 73 65 72 74 20
72 61 69 73 65 20 64 65  6c 20 73 65 6c 66 22 2e
73 70 6c 69 74 28 0a 20  20 20 20 20 20 22 20 22
2c 0a 20 20 20 20 29 2c  0a 20 20 6a 61 76 61 73
63 72 69 70 74 3a 0a 20  20 20 20 22 66 75 6e 63
74 69 6f 6e 20 72 65 74  75 72 6e 20 69 66 20 65
6c 73 65 20 66 6f 72 20  77 68 69 6c 65 20 63 6f
6e 73 74 20 6c 65 74 20  76 61 72 20 63 6c 61 73
73 20 6e 65 77 20 74 79  70 65 6f 66 20 69 6e 73
74 61 6e 63 65 6f 66 20  69 6d 70 6f 72 74 20 66
72 6f 6d 20 65 78 70 6f  72 74 20 64 65 66 61 75
6c 74 20 61 77 61 69 74  20 61 73 79 6e 63 20 74
72 79 20 63 61 74 63 68  20 66 69 6e 61 6c 6c 79
20 74 68 72 6f 77 20 73  77 69 74 63 68 20 63 61
73 65 20 62 72 65 61 6b  20 63 6f 6e 74 69 6e 75
65 20 74 68 69 73 20 6e  75 6c 6c 20 75 6e 64 65
66 69 6e 65 64 20 74 72  75 65 20 66 61 6c 73 65
20 6f 66 20 69 6e 20 64  65 6c 65 74 65 20 76 6f
69 64 20 79 69 65 6c 64  22 2e 73 70 6c 69 74 28
0a 20 20 20 20 20 20 22  20 22 2c 0a 20 20 20 20
29 2c 0a 7d 3b 0a 4b 57  2e 74 79 70 65 73 63 72
69 70 74 20 3d 20 4b 57  2e 6a 61 76 61 73 63 72
69 70 74 3b 0a 4b 57 2e  67 6f 20 3d 0a 20 20 22
66 75 6e 63 20 72 65 74  75 72 6e 20 69 66 20 65
6c 73 65 20 66 6f 72 20  72 61 6e 67 65 20 76 61
72 20 63 6f 6e 73 74 20  74 79 70 65 20 73 74 72
75 63 74 20 69 6e 74 65  72 66 61 63 65 20 70 61
63 6b 61 67 65 20 69 6d  70 6f 72 74 20 6d 61 70
20 63 68 61 6e 20 67 6f  20 64 65 66 65 72 20 6e
69 6c 20 74 72 75 65 20  66 61 6c 73 65 20 73 77
69 74 63 68 20 63 61 73  65 20 62 72 65 61 6b 20
63 6f 6e 74 69 6e 75 65  22 2e 73 70 6c 69 74 28
0a 20 20 20 20 22 20 22  2c 0a 20 20 29 3b 0a 66
75 6e 63 74 69 6f 6e 20  68 69 67 68 6c 69 67 68
74 28 63 6f 64 65 2c 20  6c 61 6e 67 29 20 7b 0a
20 20 63 6f 6e 73 74 20  6b 77 73 20 3d 20 4b 57
5b 6c 61 6e 67 5d 20 7c  7c 20 4b 57 2e 6a 61 76
61 73 63 72 69 70 74 3b  0a 20 20 63 6f 6e 73 74
20 72 65 20 3d 0a 20 20  20 20 2f 28 5c 2f 5c 2f
5b 5e 5c 6e 5d 2a 7c 23  5b 5e 5c 6e 5d 2a 29 7c
28 22 28 3f 3a 5b 5e 22  5c 5c 5d 7c 5c 5c 2e 29
2a 22 7c 27 28 3f 3a 5b  5e 27 5c 5c 5d 7c 5c 5c
2e 29 2a 27 7c 60 28 3f  3a 5b 5e 60 5c 5c 5d 7c
5c 5c 2e 29 2a 60 29 7c  28 5c 62 5c 64 2b 5c 2e
3f 5c 64 2a 5c 62 29 7c  28 5b 41 2d 5a 61 2d 7a
5f 24 5d 5b 5c 77 24 5d  2a 29 28 5c 73 2a 5c 28
29 3f 2f 67 3b 0a 20 20  6c 65 74 20 6f 75 74 20
3d 20 22 22 2c 0a 20 20  20 20 6c 61 73 74 20 3d
20 30 2c 0a 20 20 20 20  6d 3b 0a 20 20 77 68 69
6c 65 20 28 28 6d 20 3d  20 72 65 2e 65 78 65 63
28 63 6f 64 65 29 29 29  20 7b 0a 20 20 20 20 6f
75 74 20 2b 3d 20 65 73  63 48 74 6d 6c 28 63 6f
64 65 2e 73 6c 69 63 65  28 6c 61 73 74 2c 20 6d
2e 69 6e 64 65 78 29 29  3b 0a 20 20 20 20 69 66
20 28 6d 5b 31 5d 29 20  6f 75 74 20 2b 3d 20 27
3c 73 70 61 6e 20 63 6c  61 73 73 3d 22 74 2d 63
6f 6d 22 3e 27 20 2b 20  65 73 63 48 74 6d 6c 28
6d 5b 31 5d 29 20 2b 20  22 3c 2f 73 70 61 6e 3e
22 3b 0a 20 20 20 20 65  6c 73 65 20 69 66 20 28
6d 5b 32 5d 29 20 6f 75  74 20 2b 3d 20 27 3c 73
70 61 6e 20 63 6c 61 73  73 3d 22 74 2d 73 74 72
22 3e 27 20 2b 20 65 73  63 48 74 6d 6c 28 6d 5b
32 5d 29 20 2b 20 22 3c  2f 73 70 61 6e 3e 22 3b
0a 20 20 20 20 65 6c 73  65 20 69 66 20 28 6d 5b
33 5d 29 20 6f 75 74 20  2b 3d 20 27 3c 73 70 61
6e 20 63 6c 61 73 73 3d  22 74 2d 6e 75 6d 22 3e
27 20 2b 20 65 73 63 48  74 6d 6c 28 6d 5b 33 5d
29 20 2b 20 22 3c 2f 73  70 61 6e 3e 22 3b 0a 20
20 20 20 65 6c 73 65 20  69 66 20 28 6d 5b 34 5d
20 21 3d 3d 20 75 6e 64  65 66 69 6e 65 64 29 20
7b 0a 20 20 20 20 20 20  63 6f 6e 73 74 20 77 20
3d 20 6d 5b 34 5d 2c 0a  20 20 20 20 20 20 20 20
70 61 72 65 6e 20 3d 20  6d 5b 35 5d 20 7c 7c 20
22 22 3b 0a 20 20 20 20  20 20 69 66 20 28 6b 77
73 2e 69 6e 64 65 78 4f  66 28 77 29 20 3e 3d 20
30 29 0a 20 20 20 20 20  20 20 20 6f 75 74 20 2b
3d 20 27 3c 73 70 61 6e  20 63 6c 61 73 73 3d 22
74 2d 6b 77 22 3e 27 20  2b 20 65 73 63 48 74 6d
6c 28 77 29 20 2b 20 22  3c 2f 73 70 61 6e 3e 22
3b 0a 20 20 20 20 20 20  65 6c 73 65 20 69 66 20
28 70 61 72 65 6e 29 20  6f 75 74 20 2b 3d 20 27
3c 73 70 61 6e 20 63 6c  61 73 73 3d 22 74 2d 66
6e 22 3e 27 20 2b 20 65  73 63 48 74 6d 6c 28 77
29 20 2b 20 22 3c 2f 73  70 61 6e 3e 22 3b 0a 20
20 20 20 20 20 65 6c 73  65 20 6f 75 74 20 2b 3d
20 65 73 63 48 74 6d 6c  28 77 29 3b 0a 20 20 20
20 20 20 6f 75 74 20 2b  3d 20 65 73 63 48 74 6d
6c 28 70 61 72 65 6e 29  3b 0a 20 20 20 20 7d 0a
20 20 20 20 6c 61 73 74  20 3d 20 72 65 2e 6c 61
73 74 49 6e 64 65 78 3b  0a 20 20 7d 0a 20 20 6f
75 74 20 2b 3d 20 65 73  63 48 74 6d 6c 28 63 6f
64 65 2e 73 6c 69 63 65  28 6c 61 73 74 29 29 3b
0a 20 20 72 65 74 75 72  6e 20 6f 75 74 3b 0a 7d
0a 0a 2f 2a 20 2d 2d 2d  2d 2d 2d 2d 2d 2d 2d 2d
2d 2d 2d 2d 2d 2d 2d 2d  2d 2d 2d 2d 2d 2d 2d 2d
2d 2d 20 43 6f 64 65 20  62 6c 6f 63 6b 20 2d 2d
2d 2d 2d 2d 2d 2d 2d 2d  2d 2d 2d 2d 2d 2d 2d 2d
2d 2d 2d 2d 2d 2d 2d 2d  2d 2d 2d 20 2a 2f 0a 63
6f 6e 73 74 20 4c 41 4e  47 53 20 3d 20 5b 0a 20
20 22 70 79 74 68 6f 6e  22 2c 0a 20 20 22 6a 61
76 61 73 63 72 69 70 74  22 2c 0a 20 20 22 74 79
70 65 73 63 72 69 70 74  22 2c 0a 20 20 22 62 61
73 68 22 2c 0a 20 20 22  67 6f 22 2c 0a 20 20 22
63 22 2c 0a 20 20 22 63  70 70 22 2c 0a 20 20 22
6a 61 76 61 22 2c 0a 20  20 22 70 68 70 22 2c 0a
20 20 22 72 75 73 74 22  2c 0a 20 20 22 6b 6f 74
6c 69 6e 22 2c 0a 20 20  22 68 74 6d 6c 22 2c 0a
20 20 22 63 73 73 22 2c  0a 20 20 22 6a 73 6f 6e
22 2c 0a 5d 3b 0a 63 6f  6e 73 74 20 4d 4c 41 4e
47 20 3d 20 7b 0a 20 20  6a 73 3a 20 22 6a 61 76
61 73 63 72 69 70 74 22  2c 0a 20 20 6a 61 76 61
73 63 72 69 70 74 3a 20  22 6a 61 76 61 73 63 72
69 70 74 22 2c 0a 20 20  6e 6f 64 65 3a 20 22 6a
61 76 61 73 63 72 69 70  74 22 2c 0a 20 20 74 73
3a 20 22 74 79 70 65 73  63 72 69 70 74 22 2c 0a
20 20 74 79 70 65 73 63  72 69 70 74 3a 20 22 74
79 70 65 73 63 72 69 70  74 22 2c 0a 20 20 70 79
3a 20 22 70 79 74 68 6f  6e 22 2c 0a 20 20 70 79
74 68 6f 6e 3a 20 22 70  79 74 68 6f 6e 22 2c 0a
20 20 67 6f 3a 20 22 67  6f 22 2c 0a 20 20 67 6f
6c 61 6e 67 3a 20 22 67  6f 22 2c 0a 20 20 63 3a
20 22 63 22 2c 0a 20 20  63 70 70 3a 20 22 63 70
70 22 2c 0a 20 20 22 63  2b 2b 22 3a 20 22 63 70
70 22 2c 0a 20 20 6a 61  76 61 3a 20 22 6a 61 76
61 22 2c 0a 20 20 70 68  70 3a 20 22 70 68 70 22
2c 0a 20 20 72 75 73 74  3a 20 22 72 75 73 74 22
2c 0a 20 20 6b 6f 74 6c  69 6e 3a 20 22 6b 6f 74
6c 69 6e 22 2c 0a 20 20  68 74 6d 6c 3a 20 22 68
74 6d 6c 22 2c 0a 20 20  63 73 73 3a 20 22 63 73
73 22 2c 0a 20 20 6a 73  6f 6e 3a 20 22 6a 73 6f
6e 22 2c 0a 20 20 62 61  73 68 3a 20 22 73 68 65
6c 6c 22 2c 0a 20 20 73  68 3a 20 22 73 68 65 6c
6c 22 2c 0a 20 20 73 68  65 6c 6c 3a 20 22 73 68
65 6c 6c 22 2c 0a 20 20  73 71 6c 3a 20 22 73 71
6c 22 2c 0a 20 20 79 61  6d 6c 3a 20 22 79 61 6d
6c 22 2c 0a 20 20 6d 61  72 6b 64 6f 77 6e 3a 20
22 6d 61 72 6b 64 6f 77  6e 22 2c 0a 7d 3b 0a 66
75 6e 63 74 69 6f 6e 20  6d 4c 61 6e 67 28 6c 29
20 7b 0a 20 20 72 65 74  75 72 6e 20 4d 4c 41 4e
47 5b 28 6c 20 7c 7c 20  22 22 29 2e 74 6f 4c 6f
77 65 72 43 61 73 65 28  29 5d 20 7c 7c 20 22 70
6c 61 69 6e 74 65 78 74  22 3b 0a 7d 0a 0a 2f 2f
20 50 65 72 2d 6c 61 6e  67 75 61 67 65 20 6d 6f
6e 6f 67 72 61 6d 20 62  61 64 67 65 20 28 63 6f
6c 6f 72 20 2b 20 73 68  6f 72 74 20 73 79 6d 62
6f 6c 29 20 e2 80 94 20  63 6c 65 61 6e 2c 20 6e
6f 20 68 65 61 76 79 20  6c 6f 67 6f 20 61 73 73
65 74 73 2e 0a 63 6f 6e  73 74 20 4c 41 4e 47 5f
4d 45 54 41 20 3d 20 7b  0a 20 20 70 79 74 68 6f
6e 3a 20 7b 20 6c 3a 20  22 50 79 74 68 6f 6e 22
2c 20 73 3a 20 22 50 79  22 2c 20 63 3a 20 22 23
33 37 37 36 41 42 22 20  7d 2c 0a 20 20 6a 61 76
61 73 63 72 69 70 74 3a  20 7b 20 6c 3a 20 22 4a
61 76 61 53 63 72 69 70  74 22 2c 20 73 3a 20 22
4a 53 22 2c 20 63 3a 20  22 23 46 37 44 46 31 45
22 2c 20 64 3a 20 31 20  7d 2c 0a 20 20 74 79 70
65 73 63 72 69 70 74 3a  20 7b 20 6c 3a 20 22 54
79 70 65 53 63 72 69 70  74 22 2c 20 73 3a 20 22
54 53 22 2c 20 63 3a 20  22 23 33 31 37 38 43 36
22 20 7d 2c 0a 20 20 62  61 73 68 3a 20 7b 20 6c
3a 20 22 42 61 73 68 22  2c 20 73 3a 20 22 3e 5f
22 2c 20 63 3a 20 22 23  34 45 41 41 32 35 22 20
7d 2c 0a 20 20 67 6f 3a  20 7b 20 6c 3a 20 22 47
6f 22 2c 20 73 3a 20 22  47 6f 22 2c 20 63 3a 20
22 23 30 30 41 44 44 38  22 20 7d 2c 0a 20 20 63
3a 20 7b 20 6c 3a 20 22  43 22 2c 20 73 3a 20 22
43 22 2c 20 63 3a 20 22  23 35 43 36 42 43 30 22
20 7d 2c 0a 20 20 63 70  70 3a 20 7b 20 6c 3a 20
22 43 2b 2b 22 2c 20 73  3a 20 22 43 2b 22 2c 20
63 3a 20 22 23 30 30 35  39 39 43 22 20 7d 2c 0a
20 20 6a 61 76 61 3a 20  7b 20 6c 3a 20 22 4a 61
76 61 22 2c 20 73 3a 20  22 4a 76 22 2c 20 63 3a
20 22 23 45 37 36 46 30  30 22 20 7d 2c 0a 20 20
70 68 70 3a 20 7b 20 6c  3a 20 22 50 48 50 22 2c
20 73 3a 20 22 70 68 70  22 2c 20 63 3a 20 22 23
37 37 37 42 42 34 22 20  7d 2c 0a 20 20 72 75 73
74 3a 20 7b 20 6c 3a 20  22 52 75 73 74 22 2c 20
73 3a 20 22 52 73 22 2c  20 63 3a 20 22 23 44 39
38 34 34 42 22 20 7d 2c  0a 20 20 6b 6f 74 6c 69
6e 3a 20 7b 20 6c 3a 20  22 4b 6f 74 6c 69 6e 22
2c 20 73 3a 20 22 4b 74  22 2c 20 63 3a 20 22 23
37 46 35 32 46 46 22 20  7d 2c 0a 20 20 68 74 6d
6c 3a 20 7b 20 6c 3a 20  22 48 54 4d 4c 22 2c 20
73 3a 20 22 3c 3e 22 2c  20 63 3a 20 22 23 45 33
34 46 32 36 22 20 7d 2c  0a 20 20 63 73 73 3a 20
7b 20 6c 3a 20 22 43 53  53 22 2c 20 73 3a 20 22
23 22 2c 20 63 3a 20 22  23 31 35 37 32 42 36 22
20 7d 2c 0a 20 20 6a 73  6f 6e 3a 20 7b 20 6c 3a
20 22 4a 53 4f 4e 22 2c  20 73 3a 20 22 7b 7d 22
2c 20 63 3a 20 22 23 41  30 41 36 42 30 22 20 7d
2c 0a 7d 3b 0a 63 6f 6e  73 74 20 4c 41 4e 47 5f
4c 4f 47 4f 53 20 3d 20  6e 65 77 20 53 65 74 28
5b 0a 20 20 22 70 79 74  68 6f 6e 22 2c 0a 20 20
22 6a 61 76 61 73 63 72  69 70 74 22 2c 0a 20 20
22 74 79 70 65 73 63 72  69 70 74 22 2c 0a 20 20
22 62 61 73 68 22 2c 0a  20 20 22 67 6f 22 2c 0a
20 20 22 63 22 2c 0a 20  20 22 63 70 70 22 2c 0a
20 20 22 6a 61 76 61 22  2c 0a 20 20 22 70 68 70
22 2c 0a 20 20 22 72 75  73 74 22 2c 0a 20 20 22
6b 6f 74 6c 69 6e 22 2c  0a 20 20 22 68 74 6d 6c
22 2c 0a 20 20 22 63 73  73 22 2c 0a 20 20 22 6a
73 6f 6e 22 2c 0a 5d 29  3b 0a 66 75 6e 63 74 69
6f 6e 20 4c 61 6e 67 49  63 6f 6e 28 7b 20 6c 61
6e 67 20 7d 29 20 7b 0a  20 20 63 6f 6e 73 74 20
6d 20 3d 20 4c 41 4e 47  5f 4d 45 54 41 5b 6c 61
6e 67 5d 20 7c 7c 20 7b  0a 20 20 20 20 6c 3a 20
6c 61 6e 67 2c 0a 20 20  20 20 73 3a 20 28 6c 61
6e 67 20 7c 7c 20 22 3f  22 29 2e 73 6c 69 63 65
28 30 2c 20 32 29 2c 0a  20 20 20 20 63 3a 20 22
23 37 63 38 61 61 30 22  2c 0a 20 20 7d 3b 0a 20
20 69 66 20 28 4c 41 4e  47 5f 4c 4f 47 4f 53 2e
68 61 73 28 6c 61 6e 67  29 29 0a 20 20 20 20 72
65 74 75 72 6e 20 28 0a  20 20 20 20 20 20 3c 69
6d 67 0a 20 20 20 20 20  20 20 20 63 6c 61 73 73
4e 61 6d 65 3d 22 6c 61  6e 67 2d 6c 6f 67 6f 22
0a 20 20 20 20 20 20 20  20 73 72 63 3d 7b 22 2f
76 65 6e 64 6f 72 2f 6c  61 6e 67 2f 22 20 2b 20
6c 61 6e 67 20 2b 20 22  2e 73 76 67 22 7d 0a 20
20 20 20 20 20 20 20 61  6c 74 3d 7b 6d 2e 6c 7d
0a 20 20 20 20 20 20 20  20 6c 6f 61 64 69 6e 67
3d 22 6c 61 7a 79 22 0a  20 20 20 20 20 20 20 20
6f 6e 45 72 72 6f 72 3d  7b 28 65 29 20 3d 3e 20
7b 0a 20 20 20 20 20 20  20 20 20 20 63 6f 6e 73
74 20 73 70 20 3d 20 64  6f 63 75 6d 65 6e 74 2e
63 72 65 61 74 65 45 6c  65 6d 65 6e 74 28 22 73
70 61 6e 22 29 3b 0a 20  20 20 20 20 20 20 20 20
20 73 70 2e 63 6c 61 73  73 4e 61 6d 65 20 3d 20
22 6c 61 6e 67 2d 62 61  64 67 65 22 3b 0a 20 20
20 20 20 20 20 20 20 20  73 70 2e 73 74 79 6c 65
2e 62 61 63 6b 67 72 6f  75 6e 64 20 3d 20 6d 2e
63 3b 0a 20 20 20 20 20  20 20 20 20 20 73 70 2e
73 74 79 6c 65 2e 63 6f  6c 6f 72 20 3d 20 6d 2e
64 20 3f 20 22 23 31 31  31 22 20 3a 20 22 23 66
66 66 22 3b 0a 20 20 20  20 20 20 20 20 20 20 73
70 2e 74 65 78 74 43 6f  6e 74 65 6e 74 20 3d 20
6d 2e 73 3b 0a 20 20 20  20 20 20 20 20 20 20 65
2e 74 61 72 67 65 74 2e  72 65 70 6c 61 63 65 57
69 74 68 28 73 70 29 3b  0a 20 20 20 20 20 20 20
20 7d 7d 0a 20 20 20 20  20 20 2f 3e 0a 20 20 20
20 29 3b 0a 20 20 72 65  74 75 72 6e 20 28 0a 20
20 20 20 3c 73 70 61 6e  0a 20 20 20 20 20 20 63
6c 61 73 73 4e 61 6d 65  3d 22 6c 61 6e 67 2d 62
61 64 67 65 22 0a 20 20  20 20 20 20 73 74 79 6c
65 3d 7b 7b 20 62 61 63  6b 67 72 6f 75 6e 64 3a
20 6d 2e 63 2c 20 63 6f  6c 6f 72 3a 20 6d 2e 64
20 3f 20 22 23 31 31 31  22 20 3a 20 22 23 66 66
66 22 20 7d 7d 0a 20 20  20 20 3e 0a 20 20 20 20
20 20 7b 6d 2e 73 7d 0a  20 20 20 20 3c 2f 73 70
61 6e 3e 0a 20 20 29 3b  0a 7d 0a 66 75 6e 63 74
69 6f 6e 20 4c 61 6e 67  53 65 6c 65 63 74 28 7b
20 76 61 6c 75 65 2c 20  6f 6e 43 68 61 6e 67 65
20 7d 29 20 7b 0a 20 20  63 6f 6e 73 74 20 5b 6f
70 65 6e 2c 20 73 65 74  4f 70 65 6e 5d 20 3d 20
75 73 65 53 74 61 74 65  28 66 61 6c 73 65 29 3b
0a 20 20 63 6f 6e 73 74  20 72 65 66 20 3d 20 75
73 65 52 65 66 28 6e 75  6c 6c 29 3b 0a 0a 20 20
75 73 65 45 66 66 65 63  74 28 28 29 20 3d 3e 20
7b 0a 20 20 20 20 69 66  20 28 21 6f 70 65 6e 29
20 72 65 74 75 72 6e 3b  0a 20 20 20 20 63 6f 6e
73 74 20 68 20 3d 20 28  65 29 20 3d 3e 20 7b 0a
20 20 20 20 20 20 69 66  20 28 72 65 66 2e 63 75
72 72 65 6e 74 20 26 26  20 21 72 65 66 2e 63 75
72 72 65 6e 74 2e 63 6f  6e 74 61 69 6e 73 28 65
2e 74 61 72 67 65 74 29  29 20 73 65 74 4f 70 65
6e 28 66 61 6c 73 65 29  3b 0a 20 20 20 20 7d 3b
0a 20 20 20 20 64 6f 63  75 6d 65 6e 74 2e 61 64
64 45 76 65 6e 74 4c 69  73 74 65 6e 65 72 28 22
6d 6f 75 73 65 64 6f 77  6e 22 2c 20 68 29 3b 0a
20 20 20 20 72 65 74 75  72 6e 20 28 29 20 3d 3e
20 64 6f 63 75 6d 65 6e  74 2e 72 65 6d 6f 76 65
45 76 65 6e 74 4c 69 73  74 65 6e 65 72 28 22 6d
6f 75 73 65 64 6f 77 6e  22 2c 20 68 29 3b 0a 20
20 7d 2c 20 5b 6f 70 65  6e 5d 29 3b 0a 20 20 63
6f 6e 73 74 20 6d 65 74  61 20 3d 20 28 6c 29 20
3d 3e 0a 20 20 20 20 4c  41 4e 47 5f 4d 45 54 41
5b 6c 5d 20 7c 7c 20 7b  20 6c 2c 20 73 3a 20 28
6c 20 7c 7c 20 22 3f 22  29 2e 73 6c 69 63 65 28
30 2c 20 32 29 2c 20 63  3a 20 22 23 37 63 38 61
61 30 22 20 7d 3b 0a 20  20 63 6f 6e 73 74 20 63
75 72 20 3d 20 6d 65 74  61 28 76 61 6c 75 65 29
3b 0a 20 20 72 65 74 75  72 6e 20 28 0a 20 20 20
20 3c 64 69 76 20 63 6c  61 73 73 4e 61 6d 65 3d
22 6c 61 6e 67 2d 73 65  6c 65 63 74 22 20 72 65
66 3d 7b 72 65 66 7d 3e  0a 20 20 20 20 20 20 3c
62 75 74 74 6f 6e 0a 20  20 20 20 20 20 20 20 63
6c 61 73 73 4e 61 6d 65  3d 22 6c 61 6e 67 2d 74
72 69 67 67 65 72 22 0a  20 20 20 20 20 20 20 20
6f 6e 43 6c 69 63 6b 3d  7b 28 29 20 3d 3e 20 73
65 74 4f 70 65 6e 28 28  6f 29 20 3d 3e 20 21 6f
29 7d 0a 20 20 20 20 20  20 20 20 74 69 74 6c 65
3d 22 50 69 6c 69 68 20  62 61 68 61 73 61 22 0a
20 20 20 20 20 20 3e 0a  20 20 20 20 20 20 20 20
3c 4c 61 6e 67 49 63 6f  6e 20 6c 61 6e 67 3d 7b
76 61 6c 75 65 7d 20 2f  3e 0a 20 20 20 20 20 20
20 20 3c 73 70 61 6e 20  63 6c 61 73 73 4e 61 6d
65 3d 22 6c 61 6e 67 2d  6e 61 6d 65 22 3e 7b 63
75 72 2e 6c 7d 3c 2f 73  70 61 6e 3e 0a 20 20 20
20 20 20 20 20 3c 49 63  6f 6e 2e 63 68 65 76 20
63 6c 61 73 73 4e 61 6d  65 3d 22 63 68 65 76 22
20 73 74 79 6c 65 3d 7b  7b 20 77 69 64 74 68 3a
20 31 33 2c 20 68 65 69  67 68 74 3a 20 31 33 20
7d 7d 20 2f 3e 0a 20 20  20 20 20 20 3c 2f 62 75
74 74 6f 6e 3e 0a 20 20  20 20 20 20 7b 6f 70 65
6e 20 26 26 20 28 0a 20  20 20 20 20 20 20 20 3c
64 69 76 20 63 6c 61 73  73 4e 61 6d 65 3d 22 6c
61 6e 67 2d 6d 65 6e 75  22 3e 0a 20 20 20 20 20
20 20 20 20 20 7b 4c 41  4e 47 53 2e 6d 61 70 28
28 6c 29 20 3d 3e 20 7b  0a 20 20 20 20 20 20 20
20 20 20 20 20 63 6f 6e  73 74 20 6d 20 3d 20 6d
65 74 61 28 6c 29 3b 0a  20 20 20 20 20 20 20 20
20 20 20 20 72 65 74 75  72 6e 20 28 0a 20 20 20
20 20 20 20 20 20 20 20  20 20 20 3c 62 75 74 74
6f 6e 0a 20 20 20 20 20  20 20 20 20 20 20 20 20
20 20 20 6b 65 79 3d 7b  6c 7d 0a 20 20 20 20 20
20 20 20 20 20 20 20 20  20 20 20 63 6c 61 73 73
4e 61 6d 65 3d 7b 22 6c  61 6e 67 2d 6f 70 74 22
20 2b 20 28 6c 20 3d 3d  3d 20 76 61 6c 75 65 20
3f 20 22 20 61 63 74 69  76 65 22 20 3a 20 22 22
29 7d 0a 20 20 20 20 20  20 20 20 20 20 20 20 20
20 20 20 6f 6e 43 6c 69  63 6b 3d 7b 28 29 20 3d
3e 20 7b 0a 20 20 20 20  20 20 20 20 20 20 20 20
20 20 20 20 20 20 6f 6e  43 68 61 6e 67 65 28 6c
29 3b 0a 20 20 20 20 20  20 20 20 20 20 20 20 20
20 20 20 20 20 73 65 74  4f 70 65 6e 28 66 61 6c
73 65 29 3b 0a 20 20 20  20 20 20 20 20 20 20 20
20 20 20 20 20 7d 7d 0a  20 20 20 20 20 20 20 20
20 20 20 20 20 20 3e 0a  20 20 20 20 20 20 20 20
20 20 20 20 20 20 20 20  3c 4c 61 6e 67 49 63 6f
6e 20 6c 61 6e 67 3d 7b  6c 7d 20 2f 3e 0a 20 20
20 20 20 20 20 20 20 20  20 20 20 20 20 20 3c 73
70 61 6e 3e 7b 6d 2e 6c  7d 3c 2f 73 70 61 6e 3e
0a 20 20 20 20 20 20 20  20 20 20 20 20 20 20 20
20 7b 6c 20 3d 3d 3d 20  76 61 6c 75 65 20 3f 20
28 0a 20 20 20 20 20 20  20 20 20 20 20 20 20 20
20 20 20 20 3c 49 63 6f  6e 2e 63 68 65 63 6b 0a
20 20 20 20 20 20 20 20  20 20 20 20 20 20 20 20
20 20 20 20 73 74 79 6c  65 3d 7b 7b 20 77 69 64
74 68 3a 20 31 33 2c 20  68 65 69 67 68 74 3a 20
31 33 2c 20 6d 61 72 67  69 6e 4c 65 66 74 3a 20
22 61 75 74 6f 22 20 7d  7d 0a 20 20 20 20 20 20
20 20 20 20 20 20 20 20  20 20 20 20 2f 3e 0a 20
20 20 20 20 20 20 20 20  20 20 20 20 20 20 20 29
20 3a 20 6e 75 6c 6c 7d  0a 20 20 20 20 20 20 20
20 20 20 20 20 20 20 3c  2f 62 75 74 74 6f 6e 3e
0a 20 20 20 20 20 20 20  20 20 20 20 20 29 3b 0a
20 20 20 20 20 20 20 20  20 20 7d 29 7d 0a 20 20
20 20 20 20 20 20 3c 2f  64 69 76 3e 0a 20 20 20
20 20 20 29 7d 0a 20 20  20 20 3c 2f 64 69 76 3e
0a 20 20 29 3b 0a 7d 0a  0a 66 75 6e 63 74 69 6f
6e 20 43 6f 64 65 42 6c  6f 63 6b 28 7b 20 6c 61
6e 67 2c 20 63 6f 64 65  2c 20 6f 6e 41 69 45 64
69 74 2c 20 62 75 73 79  20 7d 29 20 7b 0a 20 20
63 6f 6e 73 74 20 5b 63  6f 70 69 65 64 2c 20 73
65 74 43 6f 70 69 65 64  5d 20 3d 20 75 73 65 53
74 61 74 65 28 66 61 6c  73 65 29 3b 0a 20 20 63
6f 6e 73 74 20 5b 6c 61  6e 67 75 61 67 65 2c 20
73 65 74 4c 61 6e 67 75  61 67 65 5d 20 3d 20 75
73 65 53 74 61 74 65 28  28 6c 61 6e 67 20 7c 7c
20 22 70 79 74 68 6f 6e  22 29 2e 74 6f 4c 6f 77
65 72 43 61 73 65 28 29  29 3b 0a 20 20 63 6f 6e
73 74 20 5b 61 69 4f 70  65 6e 2c 20 73 65 74 41
69 4f 70 65 6e 5d 20 3d  20 75 73 65 53 74 61 74
65 28 66 61 6c 73 65 29  3b 0a 20 20 63 6f 6e 73
74 20 5b 69 6e 73 2c 20  73 65 74 49 6e 73 5d 20
3d 20 75 73 65 53 74 61  74 65 28 22 22 29 3b 0a
20 20 63 6f 6e 73 74 20  5b 72 75 6e 53 74 61 74
65 2c 20 73 65 74 52 75  6e 53 74 61 74 65 5d 20
3d 20 75 73 65 53 74 61  74 65 28 22 69 64 6c 65
22 29 3b 0a 20 20 63 6f  6e 73 74 20 5b 6f 75 74
2c 20 73 65 74 4f 75 74  5d 20 3d 20 75 73 65 53
74 61 74 65 28 6e 75 6c  6c 29 3b 0a 20 20 63 6f
6e 73 74 20 5b 65 64 52  65 61 64 79 2c 20 73 65
74 45 64 52 65 61 64 79  5d 20 3d 20 75 73 65 53
74 61 74 65 28 66 61 6c  73 65 29 3b 20 2f 2f 20
4d 6f 6e 61 63 6f 20 6d  6f 75 6e 74 65 64 3f 20
65 6c 73 65 20 73 68 6f  77 20 3c 70 72 65 3e 20
66 61 6c 6c 62 61 63 6b  0a 20 20 63 6f 6e 73 74
20 68 6f 73 74 52 65 66  20 3d 20 75 73 65 52 65
66 28 6e 75 6c 6c 29 3b  0a 20 20 63 6f 6e 73 74
20 65 64 52 65 66 20 3d  20 75 73 65 52 65 66 28
6e 75 6c 6c 29 3b 0a 20  20 63 6f 6e 73 74 20 66
6f 63 75 73 65 64 52 65  66 20 3d 20 75 73 65 52
65 66 28 66 61 6c 73 65  29 3b 0a 20 20 63 6f 6e
73 74 20 67 65 74 43 6f  64 65 20 3d 20 28 29 20
3d 3e 20 28 65 64 52 65  66 2e 63 75 72 72 65 6e
74 20 3f 20 65 64 52 65  66 2e 63 75 72 72 65 6e
74 2e 67 65 74 56 61 6c  75 65 28 29 20 3a 20 63
6f 64 65 29 3b 0a 0a 20  20 75 73 65 45 66 66 65
63 74 28 28 29 20 3d 3e  20 7b 0a 20 20 20 20 6c
65 74 20 64 69 73 70 6f  73 65 64 20 3d 20 66 61
6c 73 65 3b 0a 20 20 20  20 69 66 20 28 21 77 69
6e 64 6f 77 2e 6d 6f 6e  61 63 6f 52 65 61 64 79
29 20 72 65 74 75 72 6e  3b 0a 20 20 20 20 77 69
6e 64 6f 77 2e 6d 6f 6e  61 63 6f 52 65 61 64 79
2e 74 68 65 6e 28 28 6d  6f 6e 61 63 6f 29 20 3d
3e 20 7b 0a 20 20 20 20  20 20 69 66 20 28 64 69
73 70 6f 73 65 64 20 7c  7c 20 21 68 6f 73 74 52
65 66 2e 63 75 72 72 65  6e 74 29 20 72 65 74 75
72 6e 3b 0a 20 20 20 20  20 20 2f 2f 20 4f 6e 65
2d 74 69 6d 65 20 66 69  78 3a 20 6b 69 6c 6c 20
4d 6f 6e 61 63 6f 27 73  20 62 6c 75 65 20 6f 75
74 6c 69 6e 65 20 28 61  6c 77 61 79 73 2d 6f 6e
20 76 69 61 20 2e 6d 6f  6e 61 63 6f 2d 65 64 69
74 6f 72 20 72 75 6c 65  20 69 6e 20 65 64 69 74
6f 72 2e 6d 61 69 6e 2e  63 73 73 29 0a 20 20 20
20 20 20 69 66 20 28 21  64 6f 63 75 6d 65 6e 74
2e 67 65 74 45 6c 65 6d  65 6e 74 42 79 49 64 28
22 6d 6f 6e 61 63 6f 2d  6f 75 74 6c 69 6e 65 2d
66 69 78 22 29 29 20 7b  0a 20 20 20 20 20 20 20
20 63 6f 6e 73 74 20 73  20 3d 20 64 6f 63 75 6d
65 6e 74 2e 63 72 65 61  74 65 45 6c 65 6d 65 6e
74 28 22 73 74 79 6c 65  22 29 3b 0a 20 20 20 20
20 20 20 20 73 2e 69 64  20 3d 20 22 6d 6f 6e 61
63 6f 2d 6f 75 74 6c 69  6e 65 2d 66 69 78 22 3b
0a 20 20 20 20 20 20 20  20 73 2e 74 65 78 74 43
6f 6e 74 65 6e 74 20 3d  0a 20 20 20 20 20 20 20
20 20 20 22 2e 6d 6f 6e  61 63 6f 2d 65 64 69 74
6f 72 20 7b 20 6f 75 74  6c 69 6e 65 3a 20 6e 6f
6e 65 20 21 69 6d 70 6f  72 74 61 6e 74 3b 20 6f
75 74 6c 69 6e 65 2d 6f  66 66 73 65 74 3a 20 30
20 21 69 6d 70 6f 72 74  61 6e 74 3b 20 7d 22 3b
0a 20 20 20 20 20 20 20  20 64 6f 63 75 6d 65 6e
74 2e 68 65 61 64 2e 61  70 70 65 6e 64 43 68 69
6c 64 28 73 29 3b 0a 20  20 20 20 20 20 7d 0a 20
20 20 20 20 20 63 6f 6e  73 74 20 65 64 20 3d 20
6d 6f 6e 61 63 6f 2e 65  64 69 74 6f 72 2e 63 72
65 61 74 65 28 68 6f 73  74 52 65 66 2e 63 75 72
72 65 6e 74 2c 20 7b 0a  20 20 20 20 20 20 20 20
76 61 6c 75 65 3a 20 63  6f 64 65 2c 0a 20 20 20
20 20 20 20 20 6c 61 6e  67 75 61 67 65 3a 20 6d
4c 61 6e 67 28 6c 61 6e  67 75 61 67 65 29 2c 0a
20 20 20 20 20 20 20 20  74 68 65 6d 65 3a 20 22
76 73 2d 64 61 72 6b 22  2c 0a 20 20 20 20 20 20
20 20 61 75 74 6f 6d 61  74 69 63 4c 61 79 6f 75
74 3a 20 74 72 75 65 2c  0a 20 20 20 20 20 20 20
20 6d 69 6e 69 6d 61 70  3a 20 7b 20 65 6e 61 62
6c 65 64 3a 20 66 61 6c  73 65 20 7d 2c 0a 20 20
20 20 20 20 20 20 73 63  72 6f 6c 6c 42 65 79 6f
6e 64 4c 61 73 74 4c 69  6e 65 3a 20 66 61 6c 73
65 2c 0a 20 20 20 20 20  20 20 20 66 6f 6e 74 53
69 7a 65 3a 20 31 33 2c  0a 20 20 20 20 20 20 20
20 6c 69 6e 65 4e 75 6d  62 65 72 73 3a 20 22 6f
6e 22 2c 0a 20 20 20 20  20 20 20 20 72 65 6e 64
65 72 4c 69 6e 65 48 69  67 68 6c 69 67 68 74 3a
20 22 6e 6f 6e 65 22 2c  0a 20 20 20 20 20 20 20
20 74 61 62 53 69 7a 65  3a 20 34 2c 0a 20 20 20
20 20 20 20 20 73 63 72  6f 6c 6c 62 61 72 3a 20
7b 20 61 6c 77 61 79 73  43 6f 6e 73 75 6d 65 4d
6f 75 73 65 57 68 65 65  6c 3a 20 66 61 6c 73 65
20 7d 2c 0a 20 20 20 20  20 20 20 20 70 61 64 64
69 6e 67 3a 20 7b 20 74  6f 70 3a 20 38 2c 20 62
6f 74 74 6f 6d 3a 20 38  20 7d 2c 0a 20 20 20 20
20 20 20 20 77 6f 72 64  57 72 61 70 3a 20 22 6f
66 66 22 2c 0a 20 20 20  20 20 20 20 20 64 6f 6d
52 65 61 64 4f 6e 6c 79  3a 20 66 61 6c 73 65 2c
0a 20 20 20 20 20 20 20  20 72 65 61 64 4f 6e 6c
79 3a 20 66 61 6c 73 65  2c 0a 20 20 20 20 20 20
20 20 61 75 74 6f 44 65  74 65 63 74 48 69 67 68
43 6f 6e 74 72 61 73 74  3a 20 66 61 6c 73 65 2c
0a 20 20 20 20 20 20 7d  29 3b 0a 20 20 20 20 20
20 65 64 52 65 66 2e 63  75 72 72 65 6e 74 20 3d
20 65 64 3b 0a 20 20 20  20 20 20 73 65 74 45 64
52 65 61 64 79 28 74 72  75 65 29 3b 0a 20 20 20
20 20 20 63 6f 6e 73 74  20 66 69 74 20 3d 20 28
29 20 3d 3e 20 7b 0a 20  20 20 20 20 20 20 20 69
66 20 28 21 68 6f 73 74  52 65 66 2e 63 75 72 72
65 6e 74 29 20 72 65 74  75 72 6e 3b 0a 20 20 20
20 20 20 20 20 68 6f 73  74 52 65 66 2e 63 75 72
72 65 6e 74 2e 73 74 79  6c 65 2e 68 65 69 67 68
74 20 3d 0a 20 20 20 20  20 20 20 20 20 20 4d 61
74 68 2e 6d 69 6e 28 4d  61 74 68 2e 6d 61 78 28
65 64 2e 67 65 74 43 6f  6e 74 65 6e 74 48 65 69
67 68 74 28 29 2c 20 33  38 29 2c 20 35 34 30 29
20 2b 20 22 70 78 22 3b  0a 20 20 20 20 20 20 20
20 65 64 2e 6c 61 79 6f  75 74 28 29 3b 0a 20 20
20 20 20 20 7d 3b 0a 20  20 20 20 20 20 65 64 2e
6f 6e 44 69 64 43 6f 6e  74 65 6e 74 53 69 7a 65
43 68 61 6e 67 65 28 66  69 74 29 3b 0a 20 20 20
20 20 20 66 69 74 28 29  3b 0a 20 20 20 20 20 20
65 64 2e 6f 6e 44 69 64  46 6f 63 75 73 45 64 69
74 6f 72 54 65 78 74 28  28 29 20 3d 3e 20 7b 0a
20 20 20 20 20 20 20 20  66 6f 63 75 73 65 64 52
65 66 2e 63 75 72 72 65  6e 74 20 3d 20 74 72 75
65 3b 0a 20 20 20 20 20  20 7d 29 3b 0a 20 20 20
20 20 20 65 64 2e 6f 6e  44 69 64 42 6c 75 72 45
64 69 74 6f 72 54 65 78  74 28 28 29 20 3d 3e 20
7b 0a 20 20 20 20 20 20  20 20 66 6f 63 75 73 65
64 52 65 66 2e 63 75 72  72 65 6e 74 20 3d 20 66
61 6c 73 65 3b 0a 20 20  20 20 20 20 7d 29 3b 0a
20 20 20 20 7d 29 3b 0a  20 20 20 20 72 65 74 75
72 6e 20 28 29 20 3d 3e  20 7b 0a 20 20 20 20 20
20 64 69 73 70 6f 73 65  64 20 3d 20 74 72 75 65
3b 0a 20 20 20 20 20 20  69 66 20 28 65 64 52 65
66 2e 63 75 72 72 65 6e  74 29 20 7b 0a 20 20 20
20 20 20 20 20 65 64 52  65 66 2e 63 75 72 72 65
6e 74 2e 64 69 73 70 6f  73 65 28 29 3b 0a 20 20
20 20 20 20 20 20 65 64  52 65 66 2e 63 75 72 72
65 6e 74 20 3d 20 6e 75  6c 6c 3b 0a 20 20 20 20
20 20 7d 0a 20 20 20 20  7d 3b 0a 20 20 7d 2c 20
5b 5d 29 3b 0a 20 20 2f  2f 20 66 6f 6c 6c 6f 77
20 73 74 72 65 61 6d 69  6e 67 20 74 65 78 74 20
75 6e 74 69 6c 20 74 68  65 20 75 73 65 72 20 73
74 61 72 74 73 20 65 64  69 74 69 6e 67 0a 20 20
75 73 65 45 66 66 65 63  74 28 28 29 20 3d 3e 20
7b 0a 20 20 20 20 63 6f  6e 73 74 20 65 64 20 3d
20 65 64 52 65 66 2e 63  75 72 72 65 6e 74 3b 0a
20 20 20 20 69 66 20 28  65 64 20 26 26 20 21 66
6f 63 75 73 65 64 52 65  66 2e 63 75 72 72 65 6e
74 20 26 26 20 65 64 2e  67 65 74 56 61 6c 75 65
28 29 20 21 3d 3d 20 63  6f 64 65 29 20 65 64 2e
73 65 74 56 61 6c 75 65  28 63 6f 64 65 29 3b 0a
20 20 7d 2c 20 5b 63 6f  64 65 5d 29 3b 0a 20 20
75 73 65 45 66 66 65 63  74 28 28 29 20 3d 3e 20
7b 0a 20 20 20 20 63 6f  6e 73 74 20 65 64 20 3d
20 65 64 52 65 66 2e 63  75 72 72 65 6e 74 3b 0a
20 20 20 20 69 66 20 28  65 64 20 26 26 20 77 69
6e 64 6f 77 2e 6d 6f 6e  61 63 6f 29 0a 20 20 20
20 20 20 77 69 6e 64 6f  77 2e 6d 6f 6e 61 63 6f
2e 65 64 69 74 6f 72 2e  73 65 74 4d 6f 64 65 6c
4c 61 6e 67 75 61 67 65  28 65 64 2e 67 65 74 4d
6f 64 65 6c 28 29 2c 20  6d 4c 61 6e 67 28 6c 61
6e 67 75 61 67 65 29 29  3b 0a 20 20 7d 2c 20 5b
6c 61 6e 67 75 61 67 65  5d 29 3b 0a 0a 20 20 63
6f 6e 73 74 20 63 6f 70  79 43 6f 64 65 20 3d 20
28 29 20 3d 3e 20 7b 0a  20 20 20 20 6e 61 76 69
67 61 74 6f 72 2e 63 6c  69 70 62 6f 61 72 64 3f
2e 77 72 69 74 65 54 65  78 74 28 67 65 74 43 6f
64 65 28 29 29 3b 0a 20  20 20 20 73 65 74 43 6f
70 69 65 64 28 74 72 75  65 29 3b 0a 20 20 20 20
73 65 74 54 69 6d 65 6f  75 74 28 28 29 20 3d 3e
20 73 65 74 43 6f 70 69  65 64 28 66 61 6c 73 65
29 2c 20 31 35 30 30 29  3b 0a 20 20 7d 3b 0a 20
20 63 6f 6e 73 74 20 72  75 6e 20 3d 20 61 73 79
6e 63 20 28 29 20 3d 3e  20 7b 0a 20 20 20 20 73
65 74 52 75 6e 53 74 61  74 65 28 22 72 75 6e 6e
69 6e 67 22 29 3b 0a 20  20 20 20 73 65 74 4f 75
74 28 6e 75 6c 6c 29 3b  0a 20 20 20 20 74 72 79
20 7b 0a 20 20 20 20 20  20 63 6f 6e 73 74 20 72
20 3d 20 61 77 61 69 74  20 66 65 74 63 68 28 22
2f 72 75 6e 22 2c 20 7b  0a 20 20 20 20 20 20 20
20 6d 65 74 68 6f 64 3a  20 22 50 4f 53 54 22 2c
0a 20 20 20 20 20 20 20  20 68 65 61 64 65 72 73
3a 20 7b 20 22 43 6f 6e  74 65 6e 74 2d 54 79 70
65 22 3a 20 22 61 70 70  6c 69 63 61 74 69 6f 6e
2f 6a 73 6f 6e 22 20 7d  2c 0a 20 20 20 20 20 20
20 20 62 6f 64 79 3a 20  4a 53 4f 4e 2e 73 74 72
69 6e 67 69 66 79 28 7b  20 6c 61 6e 67 75 61 67
65 3a 20 6c 61 6e 67 75  61 67 65 2c 20 63 6f 64
65 3a 20 67 65 74 43 6f  64 65 28 29 20 7d 29 2c
0a 20 20 20 20 20 20 7d  29 3b 0a 20 20 20 20 20
20 73 65 74 4f 75 74 28  61 77 61 69 74 20 72 2e
6a 73 6f 6e 28 29 29 3b  0a 20 20 20 20 7d 20 63
61 74 63 68 20 28 65 29  20 7b 0a 20 20 20 20 20
20 73 65 74 4f 75 74 28  7b 20 6f 6b 3a 20 66 61
6c 73 65 2c 20 65 72 72  6f 72 3a 20 22 73 65 72
76 65 72 20 74 69 64 61  6b 20 74 65 72 6a 61 6e
67 6b 61 75 3a 20 22 20  2b 20 65 2e 6d 65 73 73
61 67 65 20 7d 29 3b 0a  20 20 20 20 7d 0a 20 20
20 20 73 65 74 52 75 6e  53 74 61 74 65 28 22 64
6f 6e 65 22 29 3b 0a 20  20 7d 3b 0a 20 20 63 6f
6e 73 74 20 64 6f 41 69  20 3d 20 28 29 20 3d 3e
20 7b 0a 20 20 20 20 63  6f 6e 73 74 20 74 20 3d
20 69 6e 73 2e 74 72 69  6d 28 29 3b 0a 20 20 20
20 69 66 20 28 21 74 20  7c 7c 20 62 75 73 79 29
20 72 65 74 75 72 6e 3b  0a 20 20 20 20 73 65 74
41 69 4f 70 65 6e 28 66  61 6c 73 65 29 3b 0a 20
20 20 20 73 65 74 49 6e  73 28 22 22 29 3b 0a 20
20 20 20 6f 6e 41 69 45  64 69 74 28 67 65 74 43
6f 64 65 28 29 2c 20 6c  61 6e 67 75 61 67 65 2c
20 74 29 3b 0a 20 20 7d  3b 0a 0a 20 20 72 65 74
75 72 6e 20 28 0a 20 20  20 20 3c 64 69 76 20 63
6c 61 73 73 4e 61 6d 65  3d 22 63 6f 64 65 2d 62
6c 6f 63 6b 22 3e 0a 20  20 20 20 20 20 3c 64 69
76 20 63 6c 61 73 73 4e  61 6d 65 3d 22 63 6f 64
65 2d 68 65 61 64 22 3e  0a 20 20 20 20 20 20 20
20 3c 73 70 61 6e 20 63  6c 61 73 73 4e 61 6d 65
3d 22 63 6f 64 65 2d 64  6f 74 73 22 3e 0a 20 20
20 20 20 20 20 20 20 20  3c 73 70 61 6e 20 73 74
79 6c 65 3d 7b 7b 20 62  61 63 6b 67 72 6f 75 6e
64 3a 20 22 23 66 66 35  66 35 37 22 20 7d 7d 20
2f 3e 0a 20 20 20 20 20  20 20 20 20 20 3c 73 70
61 6e 20 73 74 79 6c 65  3d 7b 7b 20 62 61 63 6b
67 72 6f 75 6e 64 3a 20  22 23 66 65 62 63 32 65
22 20 7d 7d 20 2f 3e 0a  20 20 20 20 20 20 20 20
20 20 3c 73 70 61 6e 20  73 74 79 6c 65 3d 7b 7b
20 62 61 63 6b 67 72 6f  75 6e 64 3a 20 22 23 32
38 63 38 34 30 22 20 7d  7d 20 2f 3e 0a 20 20 20
20 20 20 20 20 3c 2f 73  70 61 6e 3e 0a 20 20 20
20 20 20 20 20 3c 73 70  61 6e 20 63 6c 61 73 73
4e 61 6d 65 3d 22 63 6f  64 65 2d 6c 61 6e 67 22
3e 7b 6c 61 6e 67 75 61  67 65 7d 3c 2f 73 70 61
6e 3e 0a 20 20 20 20 20  20 20 20 3c 73 70 61 6e
20 63 6c 61 73 73 4e 61  6d 65 3d 22 6c 61 6e 67
2d 73 70 61 63 65 72 22  20 2f 3e 0a 20 20 20 20
20 20 3c 2f 64 69 76 3e  0a 20 20 20 20 20 20 3c
64 69 76 0a 20 20 20 20  20 20 20 20 63 6c 61 73
73 4e 61 6d 65 3d 22 6d  6f 6e 61 63 6f 2d 68 6f
73 74 22 0a 20 20 20 20  20 20 20 20 72 65 66 3d
7b 68 6f 73 74 52 65 66  7d 0a 20 20 20 20 20 20
20 20 73 74 79 6c 65 3d  7b 7b 20 64 69 73 70 6c
61 79 3a 20 65 64 52 65  61 64 79 20 3f 20 22 62
6c 6f 63 6b 22 20 3a 20  22 6e 6f 6e 65 22 20 7d
7d 0a 20 20 20 20 20 20  2f 3e 0a 20 20 20 20 20
20 7b 21 65 64 52 65 61  64 79 20 26 26 20 28 0a
20 20 20 20 20 20 20 20  3c 70 72 65 0a 20 20 20
20 20 20 20 20 20 20 63  6c 61 73 73 4e 61 6d 65
3d 22 63 6f 64 65 2d 66  61 6c 6c 62 61 63 6b 22
0a 20 20 20 20 20 20 20  20 20 20 73 74 79 6c 65
3d 7b 7b 0a 20 20 20 20  20 20 20 20 20 20 20 20
6d 61 72 67 69 6e 3a 20  30 2c 0a 20 20 20 20 20
20 20 20 20 20 20 20 70  61 64 64 69 6e 67 3a 20
22 31 30 70 78 20 31 34  70 78 22 2c 0a 20 20 20
20 20 20 20 20 20 20 20  20 6f 76 65 72 66 6c 6f
77 3a 20 22 61 75 74 6f  22 2c 0a 20 20 20 20 20
20 20 20 20 20 20 20 63  6f 6c 6f 72 3a 20 22 23
63 62 64 35 65 31 22 2c  0a 20 20 20 20 20 20 20
20 20 20 20 20 62 61 63  6b 67 72 6f 75 6e 64 3a
20 22 23 30 64 31 31 31  37 22 2c 0a 20 20 20 20
20 20 20 20 20 20 20 20  66 6f 6e 74 3a 20 22 31
33 70 78 2f 31 2e 36 20  75 69 2d 6d 6f 6e 6f 73
70 61 63 65 2c 43 6f 6e  73 6f 6c 61 73 2c 6d 6f
6e 6f 73 70 61 63 65 22  2c 0a 20 20 20 20 20 20
20 20 20 20 20 20 77 68  69 74 65 53 70 61 63 65
3a 20 22 70 72 65 22 2c  0a 20 20 20 20 20 20 20
20 20 20 7d 7d 0a 20 20  20 20 20 20 20 20 3e 0a
20 20 20 20 20 20 20 20  20 20 7b 63 6f 64 65 7d
0a 20 20 20 20 20 20 20  20 3c 2f 70 72 65 3e 0a
20 20 20 20 20 20 29 7d  0a 20 20 20 20 20 20 3c
64 69 76 20 63 6c 61 73  73 4e 61 6d 65 3d 22 63
6f 64 65 2d 74 6f 6f 6c  62 61 72 22 3e 0a 20 20
20 20 20 20 20 20 3c 62  75 74 74 6f 6e 0a 20 20
20 20 20 20 20 20 20 20  63 6c 61 73 73 4e 61 6d
65 3d 22 63 74 62 2d 62  74 6e 20 63 74 62 2d 72
75 6e 22 0a 20 20 20 20  20 20 20 20 20 20 6f 6e
43 6c 69 63 6b 3d 7b 72  75 6e 7d 0a 20 20 20 20
20 20 20 20 20 20 64 69  73 61 62 6c 65 64 3d 7b
72 75 6e 53 74 61 74 65  20 3d 3d 3d 20 22 72 75
6e 6e 69 6e 67 22 7d 0a  20 20 20 20 20 20 20 20
3e 0a 20 20 20 20 20 20  20 20 20 20 7b 72 75 6e
53 74 61 74 65 20 3d 3d  3d 20 22 72 75 6e 6e 69
6e 67 22 20 3f 20 28 0a  20 20 20 20 20 20 20 20
20 20 20 20 3c 3e 0a 20  20 20 20 20 20 20 20 20
20 20 20 20 20 3c 49 63  6f 6e 2e 6c 6f 61 64 65
72 20 63 6c 61 73 73 4e  61 6d 65 3d 22 73 70 69
6e 22 20 2f 3e 20 52 75  6e 6e 69 6e 67 e2 80 a6
0a 20 20 20 20 20 20 20  20 20 20 20 20 3c 2f 3e
0a 20 20 20 20 20 20 20  20 20 20 29 20 3a 20 28
0a 20 20 20 20 20 20 20  20 20 20 20 20 3c 3e 0a
20 20 20 20 20 20 20 20  20 20 20 20 20 20 3c 49
63 6f 6e 2e 70 6c 61 79  20 2f 3e 20 52 75 6e 0a
20 20 20 20 20 20 20 20  20 20 20 20 3c 2f 3e 0a
20 20 20 20 20 20 20 20  20 20 29 7d 0a 20 20 20
20 20 20 20 20 3c 2f 62  75 74 74 6f 6e 3e 0a 20
20 20 20 20 20 20 20 3c  62 75 74 74 6f 6e 20 63
6c 61 73 73 4e 61 6d 65  3d 22 63 74 62 2d 62 74
6e 20 63 74 62 2d 61 69  22 20 6f 6e 43 6c 69 63
6b 3d 7b 28 29 20 3d 3e  20 73 65 74 41 69 4f 70
65 6e 28 28 6f 29 20 3d  3e 20 21 6f 29 7d 3e 0a
20 20 20 20 20 20 20 20  20 20 3c 49 63 6f 6e 2e
73 70 61 72 6b 20 73 74  79 6c 65 3d 7b 7b 20 77
69 64 74 68 3a 20 31 33  2c 20 68 65 69 67 68 74
3a 20 31 33 20 7d 7d 20  2f 3e 20 41 49 20 45 64
69 74 0a 20 20 20 20 20  20 20 20 3c 2f 62 75 74
74 6f 6e 3e 0a 20 20 20  20 20 20 20 20 3c 62 75
74 74 6f 6e 0a 20 20 20  20 20 20 20 20 20 20 63
6c 61 73 73 4e 61 6d 65  3d 7b 22 63 74 62 2d 62
74 6e 22 20 2b 20 28 63  6f 70 69 65 64 20 3f 20
22 20 63 6f 70 69 65 64  22 20 3a 20 22 22 29 7d
0a 20 20 20 20 20 20 20  20 20 20 6f 6e 43 6c 69
63 6b 3d 7b 63 6f 70 79  43 6f 64 65 7d 0a 20 20
20 20 20 20 20 20 3e 0a  20 20 20 20 20 20 20 20
20 20 7b 63 6f 70 69 65  64 20 3f 20 3c 49 63 6f
6e 2e 63 68 65 63 6b 20  2f 3e 20 3a 20 3c 49 63
6f 6e 2e 63 6f 70 79 20  2f 3e 7d 20 7b 63 6f 70
69 65 64 20 3f 20 22 43  6f 70 69 65 64 22 20 3a
20 22 43 6f 70 79 22 7d  0a 20 20 20 20 20 20 20
20 3c 2f 62 75 74 74 6f  6e 3e 0a 20 20 20 20 20
20 20 20 3c 4c 61 6e 67  53 65 6c 65 63 74 20 76
61 6c 75 65 3d 7b 6c 61  6e 67 75 61 67 65 7d 20
6f 6e 43 68 61 6e 67 65  3d 7b 73 65 74 4c 61 6e
67 75 61 67 65 7d 20 2f  3e 0a 20 20 20 20 20 20
3c 2f 64 69 76 3e 0a 20  20 20 20 20 20 7b 61 69
4f 70 65 6e 20 26 26 20  28 0a 20 20 20 20 20 20
20 20 3c 64 69 76 20 63  6c 61 73 73 4e 61 6d 65
3d 22 61 69 2d 70 61 6e  65 6c 22 3e 0a 20 20 20
20 20 20 20 20 20 20 3c  74 65 78 74 61 72 65 61
0a 20 20 20 20 20 20 20  20 20 20 20 20 76 61 6c
75 65 3d 7b 69 6e 73 7d  0a 20 20 20 20 20 20 20
20 20 20 20 20 6f 6e 43  68 61 6e 67 65 3d 7b 28
65 29 20 3d 3e 20 73 65  74 49 6e 73 28 65 2e 74
61 72 67 65 74 2e 76 61  6c 75 65 29 7d 0a 20 20
20 20 20 20 20 20 20 20  20 20 70 6c 61 63 65 68
6f 6c 64 65 72 3d 22 49  6e 73 74 72 75 6b 73 69
20 41 49 e2 80 a6 20 28  6d 69 73 2e 20 74 61 6d
62 61 68 20 65 72 72 6f  72 20 68 61 6e 64 6c 69
6e 67 2c 20 75 62 61 68  20 6b 65 20 61 73 79 6e
63 29 22 0a 20 20 20 20  20 20 20 20 20 20 20 20
6f 6e 4b 65 79 44 6f 77  6e 3d 7b 28 65 29 20 3d
3e 20 7b 0a 20 20 20 20  20 20 20 20 20 20 20 20
20 20 69 66 20 28 65 2e  6b 65 79 20 3d 3d 3d 20
22 45 6e 74 65 72 22 20  26 26 20 21 65 2e 73 68
69 66 74 4b 65 79 29 20  7b 0a 20 20 20 20 20 20
20 20 20 20 20 20 20 20  20 20 65 2e 70 72 65 76
65 6e 74 44 65 66 61 75  6c 74 28 29 3b 0a 20 20
20 20 20 20 20 20 20 20  20 20 20 20 20 20 64 6f
41 69 28 29 3b 0a 20 20  20 20 20 20 20 20 20 20
20 20 20 20 7d 0a 20 20  20 20 20 20 20 20 20 20
20 20 7d 7d 0a 20 20 20  20 20 20 20 20 20 20 2f
3e 0a 20 20 20 20 20 20  20 20 20 20 3c 64 69 76
20 63 6c 61 73 73 4e 61  6d 65 3d 22 61 69 2d 72
6f 77 22 3e 0a 20 20 20  20 20 20 20 20 20 20 20
20 3c 62 75 74 74 6f 6e  20 63 6c 61 73 73 4e 61
6d 65 3d 22 61 69 2d 67  6f 22 20 6f 6e 43 6c 69
63 6b 3d 7b 64 6f 41 69  7d 3e 0a 20 20 20 20 20
20 20 20 20 20 20 20 20  20 e2 9c a6 20 47 65 6e
65 72 61 74 65 0a 20 20  20 20 20 20 20 20 20 20
20 20 3c 2f 62 75 74 74  6f 6e 3e 0a 20 20 20 20
20 20 20 20 20 20 20 20  3c 62 75 74 74 6f 6e 20
63 6c 61 73 73 4e 61 6d  65 3d 22 63 74 62 2d 62
74 6e 22 20 6f 6e 43 6c  69 63 6b 3d 7b 28 29 20
3d 3e 20 73 65 74 41 69  4f 70 65 6e 28 66 61 6c
73 65 29 7d 3e 0a 20 20  20 20 20 20 20 20 20 20
20 20 20 20 42 61 74 61  6c 0a 20 20 20 20 20 20
20 20 20 20 20 20 3c 2f  62 75 74 74 6f 6e 3e 0a
20 20 20 20 20 20 20 20  20 20 3c 2f 64 69 76 3e
0a 20 20 20 20 20 20 20  20 3c 2f 64 69 76 3e 0a
20 20 20 20 20 20 29 7d  0a 20 20 20 20 20 20 7b
72 75 6e 53 74 61 74 65  20 3d 3d 3d 20 22 64 6f
6e 65 22 20 26 26 20 6f  75 74 20 26 26 20 28 0a
20 20 20 20 20 20 20 20  3c 64 69 76 20 63 6c 61
73 73 4e 61 6d 65 3d 7b  22 63 6f 64 65 2d 6f 75
74 70 75 74 20 22 20 2b  20 28 6f 75 74 2e 6f 6b
20 3f 20 22 6f 6b 22 20  3a 20 22 65 72 72 22 29
7d 3e 0a 20 20 20 20 20  20 20 20 20 20 3c 64 69
76 20 63 6c 61 73 73 4e  61 6d 65 3d 22 6f 75 74
70 75 74 2d 68 65 61 64  22 3e 0a 20 20 20 20 20
20 20 20 20 20 20 20 3c  73 70 61 6e 20 63 6c 61
73 73 4e 61 6d 65 3d 22  6f 6b 2d 6d 61 72 6b 22
3e 0a 20 20 20 20 20 20  20 20 20 20 20 20 20 20
7b 6f 75 74 2e 6f 6b 20  3f 20 28 0a 20 20 20 20
20 20 20 20 20 20 20 20  20 20 20 20 3c 3e 0a 20
20 20 20 20 20 20 20 20  20 20 20 20 20 20 20 20
20 3c 49 63 6f 6e 2e 63  68 65 63 6b 20 2f 3e 20
72 61 6e 20 28 65 78 69  74 20 30 29 0a 20 20 20
20 20 20 20 20 20 20 20  20 20 20 20 20 3c 2f 3e
0a 20 20 20 20 20 20 20  20 20 20 20 20 20 20 29
20 3a 20 28 0a 20 20 20  20 20 20 20 20 20 20 20
20 20 20 20 20 3c 3e e2  9c 97 20 65 72 72 6f 72
3c 2f 3e 0a 20 20 20 20  20 20 20 20 20 20 20 20
20 20 29 7d 7b 22 20 22  7d 0a 20 20 20 20 20 20
20 20 20 20 20 20 20 20  c2 b7 20 7b 6c 61 6e 67
75 61 67 65 7d 0a 20 20  20 20 20 20 20 20 20 20
20 20 3c 2f 73 70 61 6e  3e 0a 20 20 20 20 20 20
20 20 20 20 3c 2f 64 69  76 3e 0a 20 20 20 20 20
20 20 20 20 20 3c 64 69  76 20 63 6c 61 73 73 4e
61 6d 65 3d 22 6f 75 74  70 75 74 2d 62 6f 64 79
22 3e 0a 20 20 20 20 20  20 20 20 20 20 20 20 7b
28 6f 75 74 2e 6f 75 74  70 75 74 20 7c 7c 20 22
22 29 20 2b 20 28 6f 75  74 2e 65 72 72 6f 72 20
3f 20 22 5c 6e 22 20 2b  20 6f 75 74 2e 65 72 72
6f 72 20 3a 20 22 22 29  20 7c 7c 0a 20 20 20 20
20 20 20 20 20 20 20 20  20 20 22 28 6e 6f 20 6f
75 74 70 75 74 29 22 7d  0a 20 20 20 20 20 20 20
20 20 20 3c 2f 64 69 76  3e 0a 20 20 20 20 20 20
20 20 3c 2f 64 69 76 3e  0a 20 20 20 20 20 20 29
7d 0a 20 20 20 20 3c 2f  64 69 76 3e 0a 20 20 29
3b 0a 7d 0a 0a 66 75 6e  63 74 69 6f 6e 20 70 61
72 73 65 4d 65 72 6d 61  69 64 46 6c 6f 77 63 68
61 72 74 28 63 6f 64 65  29 20 7b 0a 20 20 63 6f
6e 73 74 20 6c 69 6e 65  73 20 3d 20 53 74 72 69
6e 67 28 63 6f 64 65 20  7c 7c 20 22 22 29 0a 20
20 20 20 2e 73 70 6c 69  74 28 2f 5c 72 3f 5c 6e
2f 29 0a 20 20 20 20 2e  6d 61 70 28 28 6c 69 6e
65 29 20 3d 3e 20 6c 69  6e 65 2e 74 72 69 6d 28
29 29 0a 20 20 20 20 2e  66 69 6c 74 65 72 28 0a
20 20 20 20 20 20 28 6c  69 6e 65 29 20 3d 3e 0a
20 20 20 20 20 20 20 20  6c 69 6e 65 20 26 26 20
21 2f 5e 25 25 2f 2e 74  65 73 74 28 6c 69 6e 65
29 20 26 26 20 21 2f 5e  28 66 6c 6f 77 63 68 61
72 74 7c 67 72 61 70 68  29 5c 62 2f 69 2e 74 65
73 74 28 6c 69 6e 65 29  2c 0a 20 20 20 20 29 3b
0a 0a 20 20 63 6f 6e 73  74 20 6e 6f 64 65 73 20
3d 20 6e 65 77 20 4d 61  70 28 29 3b 0a 20 20 63
6f 6e 73 74 20 65 64 67  65 73 20 3d 20 5b 5d 3b
0a 0a 20 20 63 6f 6e 73  74 20 67 65 74 4e 6f 64
65 20 3d 20 28 69 64 29  20 3d 3e 20 7b 0a 20 20
20 20 69 66 20 28 21 6e  6f 64 65 73 2e 68 61 73
28 69 64 29 29 20 7b 0a  20 20 20 20 20 20 6e 6f
64 65 73 2e 73 65 74 28  69 64 2c 20 7b 20 69 64
2c 20 6c 61 62 65 6c 3a  20 69 64 2c 20 73 68 61
70 65 3a 20 22 72 65 63  74 22 2c 20 6f 72 64 65
72 3a 20 6e 6f 64 65 73  2e 73 69 7a 65 20 7d 29
3b 0a 20 20 20 20 7d 0a  20 20 20 20 72 65 74 75
72 6e 20 6e 6f 64 65 73  2e 67 65 74 28 69 64 29
3b 0a 20 20 7d 3b 0a 0a  20 20 63 6f 6e 73 74 20
70 61 72 73 65 4e 6f 64  65 20 3d 20 28 74 6f 6b
65 6e 29 20 3d 3e 20 7b  0a 20 20 20 20 63 6f 6e
73 74 20 72 61 77 20 3d  20 53 74 72 69 6e 67 28
74 6f 6b 65 6e 20 7c 7c  20 22 22 29 2e 74 72 69
6d 28 29 3b 0a 20 20 20  20 69 66 20 28 21 72 61
77 29 20 72 65 74 75 72  6e 20 6e 75 6c 6c 3b 0a
20 20 20 20 63 6f 6e 73  74 20 6d 20 3d 20 72 61
77 2e 6d 61 74 63 68 28  0a 20 20 20 20 20 20 2f
5e 28 5b 41 2d 5a 61 2d  7a 30 2d 39 5f 3a 2d 5d
2b 29 5c 73 2a 28 3f 3a  5c 5b 5c 5b 28 5b 5c 73
5c 53 5d 2b 29 5c 5d 5c  5d 7c 5c 5b 28 5b 5c 73
5c 53 5d 2b 29 5c 5d 7c  5c 28 5c 28 28 5b 5c 73
5c 53 5d 2b 29 5c 29 5c  29 7c 5c 28 28 5b 5e 28
29 5d 2b 29 5c 29 7c 5c  7b 28 5b 5c 73 5c 53 5d
2b 29 5c 7d 29 3f 24 2f  2c 0a 20 20 20 20 29 3b
0a 20 20 20 20 63 6f 6e  73 74 20 69 64 20 3d 20
6d 20 3f 20 6d 5b 31 5d  20 3a 20 72 61 77 2e 72
65 70 6c 61 63 65 28 2f  5b 5e 41 2d 5a 61 2d 7a
30 2d 39 5f 3a 2d 5d 2f  67 2c 20 22 5f 22 29 3b
0a 20 20 20 20 63 6f 6e  73 74 20 6e 6f 64 65 20
3d 20 67 65 74 4e 6f 64  65 28 69 64 29 3b 0a 20
20 20 20 69 66 20 28 6d  29 20 7b 0a 20 20 20 20
20 20 63 6f 6e 73 74 20  6c 61 62 65 6c 20 3d 20
6d 5b 32 5d 20 7c 7c 20  6d 5b 33 5d 20 7c 7c 20
6d 5b 34 5d 20 7c 7c 20  6d 5b 35 5d 20 7c 7c 20
6d 5b 36 5d 3b 0a 20 20  20 20 20 20 69 66 20 28
6c 61 62 65 6c 29 20 6e  6f 64 65 2e 6c 61 62 65
6c 20 3d 20 6c 61 62 65  6c 2e 74 72 69 6d 28 29
3b 0a 20 20 20 20 20 20  69 66 20 28 6d 5b 32 5d
29 20 6e 6f 64 65 2e 73  68 61 70 65 20 3d 20 22
73 75 62 72 6f 75 74 69  6e 65 22 3b 0a 20 20 20
20 20 20 65 6c 73 65 20  69 66 20 28 6d 5b 34 5d
29 20 6e 6f 64 65 2e 73  68 61 70 65 20 3d 20 22
63 69 72 63 6c 65 22 3b  0a 20 20 20 20 20 20 65
6c 73 65 20 69 66 20 28  6d 5b 35 5d 29 20 6e 6f
64 65 2e 73 68 61 70 65  20 3d 20 22 72 6f 75 6e
64 22 3b 0a 20 20 20 20  20 20 65 6c 73 65 20 69
66 20 28 6d 5b 36 5d 29  20 6e 6f 64 65 2e 73 68
61 70 65 20 3d 20 22 64  69 61 6d 6f 6e 64 22 3b
0a 20 20 20 20 20 20 65  6c 73 65 20 69 66 20 28
6d 5b 33 5d 29 20 6e 6f  64 65 2e 73 68 61 70 65
20 3d 20 22 72 65 63 74  22 3b 0a 20 20 20 20 7d
0a 20 20 20 20 72 65 74  75 72 6e 20 6e 6f 64 65
3b 0a 20 20 7d 3b 0a 0a  20 20 66 6f 72 20 28 63
6f 6e 73 74 20 6c 69 6e  65 20 6f 66 20 6c 69 6e
65 73 29 20 7b 0a 20 20  20 20 63 6f 6e 73 74 20
65 64 67 65 4d 61 74 63  68 20 3d 20 6c 69 6e 65
2e 6d 61 74 63 68 28 0a  20 20 20 20 20 20 2f 5e
28 2e 2a 3f 29 5c 73 2a  28 3f 3a 2d 2d 5c 73 2a
28 5b 5e 3e 2d 5d 2b 3f  29 5c 73 2a 2d 2d 3e 7c
2d 2b 3e 7c 5c 2e 2d 3e  29 5c 73 2a 28 2e 2a 29
24 2f 2c 0a 20 20 20 20  29 3b 0a 20 20 20 20 69
66 20 28 21 65 64 67 65  4d 61 74 63 68 29 20 7b
0a 20 20 20 20 20 20 63  6f 6e 73 74 20 6e 6f 64
65 4f 6e 6c 79 20 3d 20  70 61 72 73 65 4e 6f 64
65 28 6c 69 6e 65 29 3b  0a 20 20 20 20 20 20 69
66 20 28 6e 6f 64 65 4f  6e 6c 79 29 20 67 65 74
4e 6f 64 65 28 6e 6f 64  65 4f 6e 6c 79 2e 69 64
29 3b 0a 20 20 20 20 20  20 63 6f 6e 74 69 6e 75
65 3b 0a 20 20 20 20 7d  0a 20 20 20 20 63 6f 6e
73 74 20 66 72 6f 6d 20  3d 20 70 61 72 73 65 4e
6f 64 65 28 65 64 67 65  4d 61 74 63 68 5b 31 5d
29 3b 0a 20 20 20 20 63  6f 6e 73 74 20 6c 61 62
65 6c 20 3d 20 28 65 64  67 65 4d 61 74 63 68 5b
32 5d 20 7c 7c 20 22 22  29 2e 74 72 69 6d 28 29
3b 0a 20 20 20 20 63 6f  6e 73 74 20 74 6f 20 3d
20 70 61 72 73 65 4e 6f  64 65 28 65 64 67 65 4d
61 74 63 68 5b 33 5d 29  3b 0a 20 20 20 20 69 66
20 28 66 72 6f 6d 20 26  26 20 74 6f 29 20 65 64
67 65 73 2e 70 75 73 68  28 7b 20 66 72 6f 6d 3a
20 66 72 6f 6d 2e 69 64  2c 20 74 6f 3a 20 74 6f
2e 69 64 2c 20 6c 61 62  65 6c 20 7d 29 3b 0a 20
20 7d 0a 0a 20 20 69 66  20 28 21 6e 6f 64 65 73
2e 73 69 7a 65 29 20 72  65 74 75 72 6e 20 6e 75
6c 6c 3b 0a 0a 20 20 63  6f 6e 73 74 20 69 6e 63
6f 6d 69 6e 67 20 3d 20  6e 65 77 20 4d 61 70 28
29 3b 0a 20 20 63 6f 6e  73 74 20 6f 75 74 67 6f
69 6e 67 20 3d 20 6e 65  77 20 4d 61 70 28 29 3b
0a 20 20 66 6f 72 20 28  63 6f 6e 73 74 20 6e 20
6f 66 20 6e 6f 64 65 73  2e 6b 65 79 73 28 29 29
20 7b 0a 20 20 20 20 69  6e 63 6f 6d 69 6e 67 2e
73 65 74 28 6e 2c 20 30  29 3b 0a 20 20 20 20 6f
75 74 67 6f 69 6e 67 2e  73 65 74 28 6e 2c 20 5b
5d 29 3b 0a 20 20 7d 0a  20 20 66 6f 72 20 28 63
6f 6e 73 74 20 65 20 6f  66 20 65 64 67 65 73 29
20 7b 0a 20 20 20 20 69  6e 63 6f 6d 69 6e 67 2e
73 65 74 28 65 2e 74 6f  2c 20 28 69 6e 63 6f 6d
69 6e 67 2e 67 65 74 28  65 2e 74 6f 29 20 7c 7c
20 30 29 20 2b 20 31 29  3b 0a 20 20 20 20 6f 75
74 67 6f 69 6e 67 2e 67  65 74 28 65 2e 66 72 6f
6d 29 2e 70 75 73 68 28  65 2e 74 6f 29 3b 0a 20
20 7d 0a 0a 20 20 63 6f  6e 73 74 20 6c 65 76 65
6c 20 3d 20 6e 65 77 20  4d 61 70 28 29 3b 0a 20
20 63 6f 6e 73 74 20 71  75 65 75 65 20 3d 20 5b
5d 3b 0a 20 20 66 6f 72  20 28 63 6f 6e 73 74 20
5b 69 64 2c 20 64 65 67  5d 20 6f 66 20 69 6e 63
6f 6d 69 6e 67 2e 65 6e  74 72 69 65 73 28 29 29
20 7b 0a 20 20 20 20 69  66 20 28 64 65 67 20 3d
3d 3d 20 30 29 20 7b 0a  20 20 20 20 20 20 6c 65
76 65 6c 2e 73 65 74 28  69 64 2c 20 30 29 3b 0a
20 20 20 20 20 20 71 75  65 75 65 2e 70 75 73 68
28 69 64 29 3b 0a 20 20  20 20 7d 0a 20 20 7d 0a
20 20 69 66 20 28 21 71  75 65 75 65 2e 6c 65 6e
67 74 68 29 20 7b 0a 20  20 20 20 63 6f 6e 73 74
20 66 69 72 73 74 20 3d  20 6e 6f 64 65 73 2e 6b
65 79 73 28 29 2e 6e 65  78 74 28 29 2e 76 61 6c
75 65 3b 0a 20 20 20 20  6c 65 76 65 6c 2e 73 65
74 28 66 69 72 73 74 2c  20 30 29 3b 0a 20 20 20
20 71 75 65 75 65 2e 70  75 73 68 28 66 69 72 73
74 29 3b 0a 20 20 7d 0a  0a 20 20 63 6f 6e 73 74
20 70 72 6f 63 65 73 73  65 64 20 3d 20 6e 65 77
20 53 65 74 28 29 3b 0a  20 20 77 68 69 6c 65 20
28 71 75 65 75 65 2e 6c  65 6e 67 74 68 29 20 7b
0a 20 20 20 20 63 6f 6e  73 74 20 63 75 72 20 3d
20 71 75 65 75 65 2e 73  68 69 66 74 28 29 3b 0a
20 20 20 20 69 66 20 28  70 72 6f 63 65 73 73 65
64 2e 68 61 73 28 63 75  72 29 29 20 63 6f 6e 74
69 6e 75 65 3b 0a 20 20  20 20 70 72 6f 63 65 73
73 65 64 2e 61 64 64 28  63 75 72 29 3b 0a 20 20
20 20 63 6f 6e 73 74 20  63 75 72 4c 65 76 65 6c
20 3d 20 6c 65 76 65 6c  2e 67 65 74 28 63 75 72
29 20 7c 7c 20 30 3b 0a  20 20 20 20 63 6f 6e 73
74 20 6e 65 78 74 4c 65  76 65 6c 20 3d 20 63 75
72 4c 65 76 65 6c 20 2b  20 31 3b 0a 20 20 20 20
66 6f 72 20 28 63 6f 6e  73 74 20 6e 78 74 20 6f
66 20 6f 75 74 67 6f 69  6e 67 2e 67 65 74 28 63
75 72 29 20 7c 7c 20 5b  5d 29 20 7b 0a 20 20 20
20 20 20 63 6f 6e 73 74  20 6f 6c 64 4c 65 76 65
6c 20 3d 20 6c 65 76 65  6c 2e 67 65 74 28 6e 78
74 29 3b 0a 20 20 20 20  20 20 69 66 20 28 6f 6c
64 4c 65 76 65 6c 20 3d  3d 3d 20 75 6e 64 65 66
69 6e 65 64 20 7c 7c 20  6f 6c 64 4c 65 76 65 6c
20 3c 20 6e 65 78 74 4c  65 76 65 6c 29 20 7b 0a
20 20 20 20 20 20 20 20  6c 65 76 65 6c 2e 73 65
74 28 6e 78 74 2c 20 6e  65 78 74 4c 65 76 65 6c
29 3b 0a 20 20 20 20 20  20 7d 0a 20 20 20 20 20
20 69 66 20 28 21 70 72  6f 63 65 73 73 65 64 2e
68 61 73 28 6e 78 74 29  29 20 7b 0a 20 20 20 20
20 20 20 20 71 75 65 75  65 2e 70 75 73 68 28 6e
78 74 29 3b 0a 20 20 20  20 20 20 7d 0a 20 20 20
20 7d 0a 20 20 7d 0a 0a  20 20 66 6f 72 20 28 63
6f 6e 73 74 20 69 64 20  6f 66 20 6e 6f 64 65 73
2e 6b 65 79 73 28 29 29  20 7b 0a 20 20 20 20 69
66 20 28 21 6c 65 76 65  6c 2e 68 61 73 28 69 64
29 29 20 6c 65 76 65 6c  2e 73 65 74 28 69 64 2c
20 30 29 3b 0a 20 20 7d  0a 0a 20 20 63 6f 6e 73
74 20 6c 61 79 65 72 73  20 3d 20 5b 5d 3b 0a 20
20 66 6f 72 20 28 63 6f  6e 73 74 20 5b 69 64 2c
20 6c 76 5d 20 6f 66 20  6c 65 76 65 6c 2e 65 6e
74 72 69 65 73 28 29 29  20 7b 0a 20 20 20 20 69
66 20 28 21 6c 61 79 65  72 73 5b 6c 76 5d 29 20
6c 61 79 65 72 73 5b 6c  76 5d 20 3d 20 5b 5d 3b
0a 20 20 20 20 6c 61 79  65 72 73 5b 6c 76 5d 2e
70 75 73 68 28 69 64 29  3b 0a 20 20 7d 0a 20 20
6c 61 79 65 72 73 2e 66  6f 72 45 61 63 68 28 28
6c 61 79 65 72 29 20 3d  3e 0a 20 20 20 20 6c 61
79 65 72 2e 73 6f 72 74  28 28 61 2c 20 62 29 20
3d 3e 20 6e 6f 64 65 73  2e 67 65 74 28 61 29 2e
6f 72 64 65 72 20 2d 20  6e 6f 64 65 73 2e 67 65
74 28 62 29 2e 6f 72 64  65 72 29 2c 0a 20 20 29
3b 0a 0a 20 20 63 6f 6e  73 74 20 66 6f 6e 74 53
69 7a 65 20 3d 20 31 34  3b 0a 20 20 63 6f 6e 73
74 20 70 61 64 58 20 3d  20 31 38 3b 0a 20 20 63
6f 6e 73 74 20 70 61 64  59 20 3d 20 31 32 3b 0a
20 20 63 6f 6e 73 74 20  67 61 70 58 20 3d 20 34
32 3b 0a 20 20 63 6f 6e  73 74 20 67 61 70 59 20
3d 20 35 34 3b 0a 20 20  63 6f 6e 73 74 20 6c 61
79 65 72 47 61 70 20 3d  20 38 36 3b 0a 20 20 63
6f 6e 73 74 20 6d 65 61  73 75 72 65 20 3d 20 28
6c 61 62 65 6c 29 20 3d  3e 0a 20 20 20 20 4d 61
74 68 2e 6d 61 78 28 39  36 2c 20 4d 61 74 68 2e
6d 69 6e 28 32 36 30 2c  20 6c 61 62 65 6c 2e 6c
65 6e 67 74 68 20 2a 20  38 2e 35 20 2b 20 70 61
64 58 20 2a 20 32 29 29  3b 0a 0a 20 20 63 6f 6e
73 74 20 70 6f 73 69 74  69 6f 6e 65 64 20 3d 20
6e 65 77 20 4d 61 70 28  29 3b 0a 20 20 6c 65 74
20 6d 61 78 57 69 64 74  68 20 3d 20 30 3b 0a 20
20 6c 65 74 20 6d 61 78  48 65 69 67 68 74 20 3d
20 30 3b 0a 20 20 66 6f  72 20 28 6c 65 74 20 6c
79 20 3d 20 30 3b 20 6c  79 20 3c 20 6c 61 79 65
72 73 2e 6c 65 6e 67 74  68 3b 20 6c 79 2b 2b 29
20 7b 0a 20 20 20 20 63  6f 6e 73 74 20 6c 61 79
65 72 20 3d 20 6c 61 79  65 72 73 5b 6c 79 5d 20
7c 7c 20 5b 5d 3b 0a 20  20 20 20 6c 65 74 20 72
6f 77 57 69 64 74 68 20  3d 20 30 3b 0a 20 20 20
20 63 6f 6e 73 74 20 73  69 7a 65 73 20 3d 20 6c
61 79 65 72 2e 6d 61 70  28 28 69 64 29 20 3d 3e
20 28 7b 0a 20 20 20 20  20 20 69 64 2c 0a 20 20
20 20 20 20 77 3a 20 6d  65 61 73 75 72 65 28 6e
6f 64 65 73 2e 67 65 74  28 69 64 29 2e 6c 61 62
65 6c 29 2c 0a 20 20 20  20 20 20 68 3a 20 35 34
2c 0a 20 20 20 20 7d 29  29 3b 0a 20 20 20 20 72
6f 77 57 69 64 74 68 20  3d 0a 20 20 20 20 20 20
73 69 7a 65 73 2e 72 65  64 75 63 65 28 28 73 75
6d 2c 20 69 74 65 6d 29  20 3d 3e 20 73 75 6d 20
2b 20 69 74 65 6d 2e 77  2c 20 30 29 20 2b 0a 20
20 20 20 20 20 4d 61 74  68 2e 6d 61 78 28 30 2c
20 73 69 7a 65 73 2e 6c  65 6e 67 74 68 20 2d 20
31 29 20 2a 20 67 61 70  58 3b 0a 20 20 20 20 6c
65 74 20 78 20 3d 20 4d  61 74 68 2e 6d 61 78 28
32 34 2c 20 4d 61 74 68  2e 6d 61 78 28 30 2c 20
72 6f 77 57 69 64 74 68  29 20 3f 20 30 20 3a 20
30 29 3b 0a 20 20 20 20  63 6f 6e 73 74 20 74 6f
70 59 20 3d 20 32 38 20  2b 20 6c 79 20 2a 20 6c
61 79 65 72 47 61 70 3b  0a 20 20 20 20 63 6f 6e
73 74 20 73 74 61 72 74  58 20 3d 20 32 34 3b 0a
20 20 20 20 6c 65 74 20  63 75 72 73 6f 72 58 20
3d 20 73 74 61 72 74 58  3b 0a 20 20 20 20 66 6f
72 20 28 63 6f 6e 73 74  20 69 74 65 6d 20 6f 66
20 73 69 7a 65 73 29 20  7b 0a 20 20 20 20 20 20
70 6f 73 69 74 69 6f 6e  65 64 2e 73 65 74 28 69
74 65 6d 2e 69 64 2c 20  7b 0a 20 20 20 20 20 20
20 20 78 3a 20 63 75 72  73 6f 72 58 2c 0a 20 20
20 20 20 20 20 20 79 3a  20 74 6f 70 59 2c 0a 20
20 20 20 20 20 20 20 77  3a 20 69 74 65 6d 2e 77
2c 0a 20 20 20 20 20 20  20 20 68 3a 20 69 74 65
6d 2e 68 2c 0a 20 20 20  20 20 20 20 20 6c 61 79
65 72 3a 20 6c 79 2c 0a  20 20 20 20 20 20 7d 29
3b 0a 20 20 20 20 20 20  63 75 72 73 6f 72 58 20
2b 3d 20 69 74 65 6d 2e  77 20 2b 20 67 61 70 58
3b 0a 20 20 20 20 20 20  6d 61 78 57 69 64 74 68
20 3d 20 4d 61 74 68 2e  6d 61 78 28 6d 61 78 57
69 64 74 68 2c 20 63 75  72 73 6f 72 58 29 3b 0a
20 20 20 20 20 20 6d 61  78 48 65 69 67 68 74 20
3d 20 4d 61 74 68 2e 6d  61 78 28 6d 61 78 48 65
69 67 68 74 2c 20 74 6f  70 59 20 2b 20 69 74 65
6d 2e 68 29 3b 0a 20 20  20 20 7d 0a 20 20 7d 0a
0a 20 20 72 65 74 75 72  6e 20 7b 0a 20 20 20 20
6e 6f 64 65 73 2c 0a 20  20 20 20 65 64 67 65 73
2c 0a 20 20 20 20 70 6f  73 69 74 69 6f 6e 65 64
2c 0a 20 20 20 20 77 69  64 74 68 3a 20 4d 61 74
68 2e 6d 61 78 28 33 36  30 2c 20 6d 61 78 57 69
64 74 68 20 2b 20 32 34  29 2c 0a 20 20 20 20 68
65 69 67 68 74 3a 20 4d  61 74 68 2e 6d 61 78 28
31 32 30 2c 20 6d 61 78  48 65 69 67 68 74 20 2b
20 32 38 29 2c 0a 20 20  20 20 66 6f 6e 74 53 69
7a 65 2c 0a 20 20 20 20  70 61 64 58 2c 0a 20 20
20 20 70 61 64 59 2c 0a  20 20 7d 3b 0a 7d 0a 0a
66 75 6e 63 74 69 6f 6e  20 4d 65 72 6d 61 69 64
42 6c 6f 63 6b 28 7b 20  63 6f 64 65 20 7d 29 20
7b 0a 20 20 63 6f 6e 73  74 20 64 69 61 67 72 61
6d 20 3d 20 75 73 65 4d  65 6d 6f 28 28 29 20 3d
3e 20 70 61 72 73 65 4d  65 72 6d 61 69 64 46 6c
6f 77 63 68 61 72 74 28  63 6f 64 65 29 2c 20 5b
63 6f 64 65 5d 29 3b 0a  20 20 69 66 20 28 21 64
69 61 67 72 61 6d 29 20  7b 0a 20 20 20 20 72 65
74 75 72 6e 20 28 0a 20  20 20 20 20 20 3c 70 72
65 0a 20 20 20 20 20 20  20 20 63 6c 61 73 73 4e
61 6d 65 3d 22 63 6f 64  65 2d 66 61 6c 6c 62 61
63 6b 22 0a 20 20 20 20  20 20 20 20 73 74 79 6c
65 3d 7b 7b 0a 20 20 20  20 20 20 20 20 20 20 6d
61 72 67 69 6e 3a 20 30  2c 0a 20 20 20 20 20 20
20 20 20 20 70 61 64 64  69 6e 67 3a 20 22 31 30
70 78 20 31 34 70 78 22  2c 0a 20 20 20 20 20 20
20 20 20 20 6f 76 65 72  66 6c 6f 77 3a 20 22 61
75 74 6f 22 2c 0a 20 20  20 20 20 20 20 20 20 20
63 6f 6c 6f 72 3a 20 22  23 63 62 64 35 65 31 22
2c 0a 20 20 20 20 20 20  20 20 20 20 62 61 63 6b
67 72 6f 75 6e 64 3a 20  22 23 30 64 31 31 31 37
22 2c 0a 20 20 20 20 20  20 20 20 20 20 66 6f 6e
74 3a 20 22 31 33 70 78  2f 31 2e 36 20 75 69 2d
6d 6f 6e 6f 73 70 61 63  65 2c 43 6f 6e 73 6f 6c
61 73 2c 6d 6f 6e 6f 73  70 61 63 65 22 2c 0a 20
20 20 20 20 20 20 20 20  20 77 68 69 74 65 53 70
61 63 65 3a 20 22 70 72  65 22 2c 0a 20 20 20 20
20 20 20 20 7d 7d 0a 20  20 20 20 20 20 3e 0a 20
20 20 20 20 20 20 20 7b  63 6f 64 65 7d 0a 20 20
20 20 20 20 3c 2f 70 72  65 3e 0a 20 20 20 20 29
3b 0a 20 20 7d 0a 0a 20  20 63 6f 6e 73 74 20 7b
20 6e 6f 64 65 73 2c 20  65 64 67 65 73 2c 20 70
6f 73 69 74 69 6f 6e 65  64 2c 20 77 69 64 74 68
2c 20 68 65 69 67 68 74  2c 20 66 6f 6e 74 53 69
7a 65 2c 20 70 61 64 58  2c 20 70 61 64 59 20 7d
20 3d 0a 20 20 20 20 64  69 61 67 72 61 6d 3b 0a
0a 20 20 63 6f 6e 73 74  20 65 64 67 65 50 61 74
68 20 3d 20 28 66 72 6f  6d 2c 20 74 6f 29 20 3d
3e 20 7b 0a 20 20 20 20  63 6f 6e 73 74 20 61 20
3d 20 70 6f 73 69 74 69  6f 6e 65 64 2e 67 65 74
28 66 72 6f 6d 29 3b 0a  20 20 20 20 63 6f 6e 73
74 20 62 20 3d 20 70 6f  73 69 74 69 6f 6e 65 64
2e 67 65 74 28 74 6f 29  3b 0a 20 20 20 20 69 66
20 28 21 61 20 7c 7c 20  21 62 29 20 72 65 74 75
72 6e 20 22 22 3b 0a 20  20 20 20 63 6f 6e 73 74
20 78 31 20 3d 20 61 2e  78 20 2b 20 61 2e 77 20
2f 20 32 3b 0a 20 20 20  20 63 6f 6e 73 74 20 79
31 20 3d 20 61 2e 79 20  2b 20 61 2e 68 3b 0a 20
20 20 20 63 6f 6e 73 74  20 78 32 20 3d 20 62 2e
78 20 2b 20 62 2e 77 20  2f 20 32 3b 0a 20 20 20
20 63 6f 6e 73 74 20 79  32 20 3d 20 62 2e 79 3b
0a 20 20 20 20 63 6f 6e  73 74 20 6d 69 64 59 20
3d 20 79 31 20 2b 20 4d  61 74 68 2e 6d 61 78 28
32 30 2c 20 28 79 32 20  2d 20 79 31 29 20 2a 20
30 2e 34 32 29 3b 0a 20  20 20 20 72 65 74 75 72
6e 20 60 4d 20 24 7b 78  31 7d 20 24 7b 79 31 7d
20 43 20 24 7b 78 31 7d  20 24 7b 6d 69 64 59 7d
2c 20 24 7b 78 32 7d 20  24 7b 6d 69 64 59 7d 2c
20 24 7b 78 32 7d 20 24  7b 79 32 7d 60 3b 0a 20
20 7d 3b 0a 0a 20 20 72  65 74 75 72 6e 20 28 0a
20 20 20 20 3c 64 69 76  20 63 6c 61 73 73 4e 61
6d 65 3d 22 6d 65 72 6d  61 69 64 2d 62 6c 6f 63
6b 22 3e 0a 20 20 20 20  20 20 3c 64 69 76 20 63
6c 61 73 73 4e 61 6d 65  3d 22 63 6f 64 65 2d 68
65 61 64 22 3e 0a 20 20  20 20 20 20 20 20 3c 73
70 61 6e 20 63 6c 61 73  73 4e 61 6d 65 3d 22 63
6f 64 65 2d 64 6f 74 73  22 3e 0a 20 20 20 20 20
20 20 20 20 20 3c 73 70  61 6e 20 73 74 79 6c 65
3d 7b 7b 20 62 61 63 6b  67 72 6f 75 6e 64 3a 20
22 23 66 66 35 66 35 37  22 20 7d 7d 20 2f 3e 0a
20 20 20 20 20 20 20 20  20 20 3c 73 70 61 6e 20
73 74 79 6c 65 3d 7b 7b  20 62 61 63 6b 67 72 6f
75 6e 64 3a 20 22 23 66  65 62 63 32 65 22 20 7d
7d 20 2f 3e 0a 20 20 20  20 20 20 20 20 20 20 3c
73 70 61 6e 20 73 74 79  6c 65 3d 7b 7b 20 62 61
63 6b 67 72 6f 75 6e 64  3a 20 22 23 32 38 63 38
34 30 22 20 7d 7d 20 2f  3e 0a 20 20 20 20 20 20
20 20 3c 2f 73 70 61 6e  3e 0a 20 20 20 20 20 20
20 20 3c 73 70 61 6e 20  63 6c 61 73 73 4e 61 6d
65 3d 22 63 6f 64 65 2d  6c 61 6e 67 22 3e 6d 65
72 6d 61 69 64 3c 2f 73  70 61 6e 3e 0a 20 20 20
20 20 20 20 20 3c 73 70  61 6e 20 63 6c 61 73 73
4e 61 6d 65 3d 22 6c 61  6e 67 2d 73 70 61 63 65
72 22 20 2f 3e 0a 20 20  20 20 20 20 3c 2f 64 69
76 3e 0a 20 20 20 20 20  20 3c 64 69 76 0a 20 20
20 20 20 20 20 20 63 6c  61 73 73 4e 61 6d 65 3d
22 6d 65 72 6d 61 69 64  2d 63 61 6e 76 61 73 22
0a 20 20 20 20 20 20 20  20 73 74 79 6c 65 3d 7b
7b 20 6f 76 65 72 66 6c  6f 77 58 3a 20 22 61 75
74 6f 22 2c 20 70 61 64  64 69 6e 67 3a 20 22 31
30 70 78 20 31 32 70 78  20 31 34 70 78 22 20 7d
7d 0a 20 20 20 20 20 20  3e 0a 20 20 20 20 20 20
20 20 3c 73 76 67 0a 20  20 20 20 20 20 20 20 20
20 77 69 64 74 68 3d 7b  77 69 64 74 68 7d 0a 20
20 20 20 20 20 20 20 20  20 68 65 69 67 68 74 3d
7b 68 65 69 67 68 74 7d  0a 20 20 20 20 20 20 20
20 20 20 76 69 65 77 42  6f 78 3d 7b 60 30 20 30
20 24 7b 77 69 64 74 68  7d 20 24 7b 68 65 69 67
68 74 7d 60 7d 0a 20 20  20 20 20 20 20 20 20 20
72 6f 6c 65 3d 22 69 6d  67 22 0a 20 20 20 20 20
20 20 20 20 20 61 72 69  61 2d 6c 61 62 65 6c 3d
22 4d 65 72 6d 61 69 64  20 66 6c 6f 77 63 68 61
72 74 22 0a 20 20 20 20  20 20 20 20 3e 0a 20 20
20 20 20 20 20 20 20 20  3c 64 65 66 73 3e 0a 20
20 20 20 20 20 20 20 20  20 20 20 3c 6d 61 72 6b
65 72 0a 20 20 20 20 20  20 20 20 20 20 20 20 20
20 69 64 3d 22 6d 65 72  6d 61 69 64 2d 61 72 72
6f 77 22 0a 20 20 20 20  20 20 20 20 20 20 20 20
20 20 6d 61 72 6b 65 72  57 69 64 74 68 3d 22 31
30 22 0a 20 20 20 20 20  20 20 20 20 20 20 20 20
20 6d 61 72 6b 65 72 48  65 69 67 68 74 3d 22 31
30 22 0a 20 20 20 20 20  20 20 20 20 20 20 20 20
20 72 65 66 58 3d 22 38  22 0a 20 20 20 20 20 20
20 20 20 20 20 20 20 20  72 65 66 59 3d 22 35 22
0a 20 20 20 20 20 20 20  20 20 20 20 20 20 20 6f
72 69 65 6e 74 3d 22 61  75 74 6f 22 0a 20 20 20
20 20 20 20 20 20 20 20  20 20 20 6d 61 72 6b 65
72 55 6e 69 74 73 3d 22  73 74 72 6f 6b 65 57 69
64 74 68 22 0a 20 20 20  20 20 20 20 20 20 20 20
20 3e 0a 20 20 20 20 20  20 20 20 20 20 20 20 20
20 3c 70 61 74 68 20 64  3d 22 4d 20 30 20 30 20
4c 20 31 30 20 35 20 4c  20 30 20 31 30 20 7a 22
20 66 69 6c 6c 3d 22 23  38 66 62 33 66 66 22 20
2f 3e 0a 20 20 20 20 20  20 20 20 20 20 20 20 3c
2f 6d 61 72 6b 65 72 3e  0a 20 20 20 20 20 20 20
20 20 20 3c 2f 64 65 66  73 3e 0a 20 20 20 20 20
20 20 20 20 20 3c 72 65  63 74 0a 20 20 20 20 20
20 20 20 20 20 20 20 78  3d 22 30 22 0a 20 20 20
20 20 20 20 20 20 20 20  20 79 3d 22 30 22 0a 20
20 20 20 20 20 20 20 20  20 20 20 77 69 64 74 68
3d 7b 77 69 64 74 68 7d  0a 20 20 20 20 20 20 20
20 20 20 20 20 68 65 69  67 68 74 3d 7b 68 65 69
67 68 74 7d 0a 20 20 20  20 20 20 20 20 20 20 20
20 72 78 3d 22 31 34 22  0a 20 20 20 20 20 20 20
20 20 20 20 20 66 69 6c  6c 3d 22 23 30 64 31 31
31 37 22 0a 20 20 20 20  20 20 20 20 20 20 2f 3e
0a 20 20 20 20 20 20 20  20 20 20 7b 65 64 67 65
73 2e 6d 61 70 28 28 65  2c 20 69 64 78 29 20 3d
3e 20 7b 0a 20 20 20 20  20 20 20 20 20 20 20 20
63 6f 6e 73 74 20 61 20  3d 20 70 6f 73 69 74 69
6f 6e 65 64 2e 67 65 74  28 65 2e 66 72 6f 6d 29
3b 0a 20 20 20 20 20 20  20 20 20 20 20 20 63 6f
6e 73 74 20 62 20 3d 20  70 6f 73 69 74 69 6f 6e
65 64 2e 67 65 74 28 65  2e 74 6f 29 3b 0a 20 20
20 20 20 20 20 20 20 20  20 20 69 66 20 28 21 61
20 7c 7c 20 21 62 29 20  72 65 74 75 72 6e 20 6e
75 6c 6c 3b 0a 20 20 20  20 20 20 20 20 20 20 20
20 63 6f 6e 73 74 20 70  61 74 68 20 3d 20 65 64
67 65 50 61 74 68 28 65  2e 66 72 6f 6d 2c 20 65
2e 74 6f 29 3b 0a 20 20  20 20 20 20 20 20 20 20
20 20 63 6f 6e 73 74 20  6d 69 64 58 20 3d 20 28
61 2e 78 20 2b 20 61 2e  77 20 2f 20 32 20 2b 20
62 2e 78 20 2b 20 62 2e  77 20 2f 20 32 29 20 2f
20 32 3b 0a 20 20 20 20  20 20 20 20 20 20 20 20
63 6f 6e 73 74 20 6d 69  64 59 20 3d 20 28 61 2e
79 20 2b 20 61 2e 68 20  2b 20 62 2e 79 29 20 2f
20 32 20 2d 20 38 3b 0a  20 20 20 20 20 20 20 20
20 20 20 20 72 65 74 75  72 6e 20 28 0a 20 20 20
20 20 20 20 20 20 20 20  20 20 20 3c 67 20 6b 65
79 3d 7b 69 64 78 7d 3e  0a 20 20 20 20 20 20 20
20 20 20 20 20 20 20 20  20 3c 70 61 74 68 0a 20
20 20 20 20 20 20 20 20  20 20 20 20 20 20 20 20
20 64 3d 7b 70 61 74 68  7d 0a 20 20 20 20 20 20
20 20 20 20 20 20 20 20  20 20 20 20 66 69 6c 6c
3d 22 6e 6f 6e 65 22 0a  20 20 20 20 20 20 20 20
20 20 20 20 20 20 20 20  20 20 73 74 72 6f 6b 65
3d 22 23 38 66 62 33 66  66 22 0a 20 20 20 20 20
20 20 20 20 20 20 20 20  20 20 20 20 20 73 74 72
6f 6b 65 57 69 64 74 68  3d 22 31 2e 38 22 0a 20
20 20 20 20 20 20 20 20  20 20 20 20 20 20 20 20
20 6d 61 72 6b 65 72 45  6e 64 3d 22 75 72 6c 28
23 6d 65 72 6d 61 69 64  2d 61 72 72 6f 77 29 22
0a 20 20 20 20 20 20 20  20 20 20 20 20 20 20 20
20 20 20 6f 70 61 63 69  74 79 3d 22 30 2e 39 35
22 0a 20 20 20 20 20 20  20 20 20 20 20 20 20 20
20 20 2f 3e 0a 20 20 20  20 20 20 20 20 20 20 20
20 20 20 20 20 7b 65 2e  6c 61 62 65 6c 20 3f 20
28 0a 20 20 20 20 20 20  20 20 20 20 20 20 20 20
20 20 20 20 3c 74 65 78  74 0a 20 20 20 20 20 20
20 20 20 20 20 20 20 20  20 20 20 20 20 20 78 3d
7b 6d 69 64 58 7d 0a 20  20 20 20 20 20 20 20 20
20 20 20 20 20 20 20 20  20 20 20 79 3d 7b 6d 69
64 59 7d 0a 20 20 20 20  20 20 20 20 20 20 20 20
20 20 20 20 20 20 20 20  74 65 78 74 41 6e 63 68
6f 72 3d 22 6d 69 64 64  6c 65 22 0a 20 20 20 20
20 20 20 20 20 20 20 20  20 20 20 20 20 20 20 20
66 6f 6e 74 53 69 7a 65  3d 22 31 31 22 0a 20 20
20 20 20 20 20 20 20 20  20 20 20 20 20 20 20 20
20 20 66 69 6c 6c 3d 22  23 39 66 62 37 64 39 22
0a 20 20 20 20 20 20 20  20 20 20 20 20 20 20 20
20 20 20 20 20 73 74 79  6c 65 3d 7b 7b 0a 20 20
20 20 20 20 20 20 20 20  20 20 20 20 20 20 20 20
20 20 20 20 70 61 69 6e  74 4f 72 64 65 72 3a 20
22 73 74 72 6f 6b 65 22  2c 0a 20 20 20 20 20 20
20 20 20 20 20 20 20 20  20 20 20 20 20 20 20 20
73 74 72 6f 6b 65 3a 20  22 23 30 64 31 31 31 37
22 2c 0a 20 20 20 20 20  20 20 20 20 20 20 20 20
20 20 20 20 20 20 20 20  20 73 74 72 6f 6b 65 57
69 64 74 68 3a 20 33 2c  0a 20 20 20 20 20 20 20
20 20 20 20 20 20 20 20  20 20 20 20 20 7d 7d 0a
20 20 20 20 20 20 20 20  20 20 20 20 20 20 20 20
20 20 3e 0a 20 20 20 20  20 20 20 20 20 20 20 20
20 20 20 20 20 20 20 20  7b 65 2e 6c 61 62 65 6c
7d 0a 20 20 20 20 20 20  20 20 20 20 20 20 20 20
20 20 20 20 3c 2f 74 65  78 74 3e 0a 20 20 20 20
20 20 20 20 20 20 20 20  20 20 20 20 29 20 3a 20
6e 75 6c 6c 7d 0a 20 20  20 20 20 20 20 20 20 20
20 20 20 20 3c 2f 67 3e  0a 20 20 20 20 20 20 20
20 20 20 20 20 29 3b 0a  20 20 20 20 20 20 20 20
20 20 7d 29 7d 0a 20 20  20 20 20 20 20 20 20 20
7b 41 72 72 61 79 2e 66  72 6f 6d 28 6e 6f 64 65
73 2e 76 61 6c 75 65 73  28 29 29 2e 6d 61 70 28
28 6e 6f 64 65 29 20 3d  3e 20 7b 0a 20 20 20 20
20 20 20 20 20 20 20 20  63 6f 6e 73 74 20 70 20
3d 20 70 6f 73 69 74 69  6f 6e 65 64 2e 67 65 74
28 6e 6f 64 65 2e 69 64  29 3b 0a 20 20 20 20 20
20 20 20 20 20 20 20 69  66 20 28 21 70 29 20 72
65 74 75 72 6e 20 6e 75  6c 6c 3b 0a 20 20 20 20
20 20 20 20 20 20 20 20  63 6f 6e 73 74 20 63 78
20 3d 20 70 2e 78 20 2b  20 70 2e 77 20 2f 20 32
3b 0a 20 20 20 20 20 20  20 20 20 20 20 20 63 6f
6e 73 74 20 63 79 20 3d  20 70 2e 79 20 2b 20 70
2e 68 20 2f 20 32 3b 0a  20 20 20 20 20 20 20 20
20 20 20 20 63 6f 6e 73  74 20 6c 61 62 65 6c 20
3d 20 6e 6f 64 65 2e 6c  61 62 65 6c 20 7c 7c 20
6e 6f 64 65 2e 69 64 3b  0a 20 20 20 20 20 20 20
20 20 20 20 20 63 6f 6e  73 74 20 63 6f 6d 6d 6f
6e 53 74 72 6f 6b 65 20  3d 0a 20 20 20 20 20 20
20 20 20 20 20 20 20 20  6e 6f 64 65 2e 73 68 61
70 65 20 3d 3d 3d 20 22  64 69 61 6d 6f 6e 64 22
20 3f 20 22 23 39 33 63  35 66 64 22 20 3a 20 22
23 35 65 65 61 64 34 22  3b 0a 20 20 20 20 20 20
20 20 20 20 20 20 72 65  74 75 72 6e 20 28 0a 20
20 20 20 20 20 20 20 20  20 20 20 20 20 3c 67 20
6b 65 79 3d 7b 6e 6f 64  65 2e 69 64 7d 3e 0a 20
20 20 20 20 20 20 20 20  20 20 20 20 20 20 20 7b
6e 6f 64 65 2e 73 68 61  70 65 20 3d 3d 3d 20 22
64 69 61 6d 6f 6e 64 22  20 3f 20 28 0a 20 20 20
20 20 20 20 20 20 20 20  20 20 20 20 20 20 20 3c
70 6f 6c 79 67 6f 6e 0a  20 20 20 20 20 20 20 20
20 20 20 20 20 20 20 20  20 20 20 20 70 6f 69 6e
74 73 3d 7b 60 24 7b 63  78 7d 2c 24 7b 70 2e 79
7d 20 24 7b 70 2e 78 20  2b 20 70 2e 77 7d 2c 24
7b 63 79 7d 20 24 7b 63  78 7d 2c 24 7b 70 2e 79
20 2b 20 70 2e 68 7d 20  24 7b 70 2e 78 7d 2c 24
7b 63 79 7d 60 7d 0a 20  20 20 20 20 20 20 20 20
20 20 20 20 20 20 20 20  20 20 20 66 69 6c 6c 3d
22 23 31 31 31 38 32 37  22 0a 20 20 20 20 20 20
20 20 20 20 20 20 20 20  20 20 20 20 20 20 73 74
72 6f 6b 65 3d 7b 63 6f  6d 6d 6f 6e 53 74 72 6f
6b 65 7d 0a 20 20 20 20  20 20 20 20 20 20 20 20
20 20 20 20 20 20 20 20  73 74 72 6f 6b 65 57 69
64 74 68 3d 22 32 22 0a  20 20 20 20 20 20 20 20
20 20 20 20 20 20 20 20  20 20 2f 3e 0a 20 20 20
20 20 20 20 20 20 20 20  20 20 20 20 20 29 20 3a
20 6e 6f 64 65 2e 73 68  61 70 65 20 3d 3d 3d 20
22 63 69 72 63 6c 65 22  20 3f 20 28 0a 20 20 20
20 20 20 20 20 20 20 20  20 20 20 20 20 20 20 3c
65 6c 6c 69 70 73 65 0a  20 20 20 20 20 20 20 20
20 20 20 20 20 20 20 20  20 20 20 20 63 78 3d 7b
63 78 7d 0a 20 20 20 20  20 20 20 20 20 20 20 20
20 20 20 20 20 20 20 20  63 79 3d 7b 63 79 7d 0a
20 20 20 20 20 20 20 20  20 20 20 20 20 20 20 20
20 20 20 20 72 78 3d 7b  4d 61 74 68 2e 6d 61 78
28 34 38 2c 20 70 2e 77  20 2f 20 32 29 7d 0a 20
20 20 20 20 20 20 20 20  20 20 20 20 20 20 20 20
20 20 20 72 79 3d 7b 70  2e 68 20 2f 20 32 7d 0a
20 20 20 20 20 20 20 20  20 20 20 20 20 20 20 20
20 20 20 20 66 69 6c 6c  3d 22 23 31 31 31 38 32
37 22 0a 20 20 20 20 20  20 20 20 20 20 20 20 20
20 20 20 20 20 20 20 73  74 72 6f 6b 65 3d 7b 63
6f 6d 6d 6f 6e 53 74 72  6f 6b 65 7d 0a 20 20 20
20 20 20 20 20 20 20 20  20 20 20 20 20 20 20 20
20 73 74 72 6f 6b 65 57  69 64 74 68 3d 22 32 22
0a 20 20 20 20 20 20 20  20 20 20 20 20 20 20 20
20 20 20 2f 3e 0a 20 20  20 20 20 20 20 20 20 20
20 20 20 20 20 20 29 20  3a 20 6e 6f 64 65 2e 73
68 61 70 65 20 3d 3d 3d  20 22 73 75 62 72 6f 75
74 69 6e 65 22 20 3f 20  28 0a 20 20 20 20 20 20
20 20 20 20 20 20 20 20  20 20 20 20 3c 3e 0a 20
20 20 20 20 20 20 20 20  20 20 20 20 20 20 20 20
20 20 20 3c 72 65 63 74  0a 20 20 20 20 20 20 20
20 20 20 20 20 20 20 20  20 20 20 20 20 20 20 78
3d 7b 70 2e 78 7d 0a 20  20 20 20 20 20 20 20 20
20 20 20 20 20 20 20 20  20 20 20 20 20 79 3d 7b
70 2e 79 7d 0a 20 20 20  20 20 20 20 20 20 20 20
20 20 20 20 20 20 20 20  20 20 20 77 69 64 74 68
3d 7b 70 2e 77 7d 0a 20  20 20 20 20 20 20 20 20
20 20 20 20 20 20 20 20  20 20 20 20 20 68 65 69
67 68 74 3d 7b 70 2e 68  7d 0a 20 20 20 20 20 20
20 20 20 20 20 20 20 20  20 20 20 20 20 20 20 20
72 78 3d 22 31 34 22 0a  20 20 20 20 20 20 20 20
20 20 20 20 20 20 20 20  20 20 20 20 20 20 66 69
6c 6c 3d 22 23 31 31 31  38 32 37 22 0a 20 20 20
20 20 20 20 20 20 20 20  20 20 20 20 20 20 20 20
20 20 20 73 74 72 6f 6b  65 3d 7b 63 6f 6d 6d 6f
6e 53 74 72 6f 6b 65 7d  0a 20 20 20 20 20 20 20
20 20 20 20 20 20 20 20  20 20 20 20 20 20 20 73
74 72 6f 6b 65 57 69 64  74 68 3d 22 32 22 0a 20
20 20 20 20 20 20 20 20  20 20 20 20 20 20 20 20
20 20 20 2f 3e 0a 20 20  20 20 20 20 20 20 20 20
20 20 20 20 20 20 20 20  20 20 3c 6c 69 6e 65 0a
20 20 20 20 20 20 20 20  20 20 20 20 20 20 20 20
20 20 20 20 20 20 78 31  3d 7b 70 2e 78 20 2b 20
31 30 7d 0a 20 20 20 20  20 20 20 20 20 20 20 20
20 20 20 20 20 20 20 20  20 20 79 31 3d 7b 70 2e
79 7d 0a 20 20 20 20 20  20 20 20 20 20 20 20 20
20 20 20 20 20 20 20 20  20 78 32 3d 7b 70 2e 78
20 2b 20 31 30 7d 0a 20  20 20 20 20 20 20 20 20
20 20 20 20 20 20 20 20  20 20 20 20 20 79 32 3d
7b 70 2e 79 20 2b 20 70  2e 68 7d 0a 20 20 20 20
20 20 20 20 20 20 20 20  20 20 20 20 20 20 20 20
20 20 73 74 72 6f 6b 65  3d 7b 63 6f 6d 6d 6f 6e
53 74 72 6f 6b 65 7d 0a  20 20 20 20 20 20 20 20
20 20 20 20 20 20 20 20  20 20 20 20 20 20 73 74
72 6f 6b 65 57 69 64 74  68 3d 22 31 2e 34 22 0a
20 20 20 20 20 20 20 20  20 20 20 20 20 20 20 20
20 20 20 20 2f 3e 0a 20  20 20 20 20 20 20 20 20
20 20 20 20 20 20 20 20  20 20 20 3c 6c 69 6e 65
0a 20 20 20 20 20 20 20  20 20 20 20 20 20 20 20
20 20 20 20 20 20 20 78  31 3d 7b 70 2e 78 20 2b
20 70 2e 77 20 2d 20 31  30 7d 0a 20 20 20 20 20
20 20 20 20 20 20 20 20  20 20 20 20 20 20 20 20
20 79 31 3d 7b 70 2e 79  7d 0a 20 20 20 20 20 20
20 20 20 20 20 20 20 20  20 20 20 20 20 20 20 20
78 32 3d 7b 70 2e 78 20  2b 20 70 2e 77 20 2d 20
31 30 7d 0a 20 20 20 20  20 20 20 20 20 20 20 20
20 20 20 20 20 20 20 20  20 20 79 32 3d 7b 70 2e
79 20 2b 20 70 2e 68 7d  0a 20 20 20 20 20 20 20
20 20 20 20 20 20 20 20  20 20 20 20 20 20 20 73
74 72 6f 6b 65 3d 7b 63  6f 6d 6d 6f 6e 53 74 72
6f 6b 65 7d 0a 20 20 20  20 20 20 20 20 20 20 20
20 20 20 20 20 20 20 20  20 20 20 73 74 72 6f 6b
65 57 69 64 74 68 3d 22  31 2e 34 22 0a 20 20 20
20 20 20 20 20 20 20 20  20 20 20 20 20 20 20 20
20 2f 3e 0a 20 20 20 20  20 20 20 20 20 20 20 20
20 20 20 20 20 20 3c 2f  3e 0a 20 20 20 20 20 20
20 20 20 20 20 20 20 20  20 20 29 20 3a 20 28 0a
20 20 20 20 20 20 20 20  20 20 20 20 20 20 20 20
20 20 3c 72 65 63 74 0a  20 20 20 20 20 20 20 20
20 20 20 20 20 20 20 20  20 20 20 20 78 3d 7b 70
2e 78 7d 0a 20 20 20 20  20 20 20 20 20 20 20 20
20 20 20 20 20 20 20 20  79 3d 7b 70 2e 79 7d 0a
20 20 20 20 20 20 20 20  20 20 20 20 20 20 20 20
20 20 20 20 77 69 64 74  68 3d 7b 70 2e 77 7d 0a
20 20 20 20 20 20 20 20  20 20 20 20 20 20 20 20
20 20 20 20 68 65 69 67  68 74 3d 7b 70 2e 68 7d
0a 20 20 20 20 20 20 20  20 20 20 20 20 20 20 20
20 20 20 20 20 72 78 3d  22 31 34 22 0a 20 20 20
20 20 20 20 20 20 20 20  20 20 20 20 20 20 20 20
20 66 69 6c 6c 3d 22 23  31 31 31 38 32 37 22 0a
20 20 20 20 20 20 20 20  20 20 20 20 20 20 20 20
20 20 20 20 73 74 72 6f  6b 65 3d 7b 63 6f 6d 6d
6f 6e 53 74 72 6f 6b 65  7d 0a 20 20 20 20 20 20
20 20 20 20 20 20 20 20  20 20 20 20 20 20 73 74
72 6f 6b 65 57 69 64 74  68 3d 22 32 22 0a 20 20
20 20 20 20 20 20 20 20  20 20 20 20 20 20 20 20
2f 3e 0a 20 20 20 20 20  20 20 20 20 20 20 20 20
20 20 20 29 7d 0a 20 20  20 20 20 20 20 20 20 20
20 20 20 20 20 20 3c 74  65 78 74 0a 20 20 20 20
20 20 20 20 20 20 20 20  20 20 20 20 20 20 78 3d
7b 63 78 7d 0a 20 20 20  20 20 20 20 20 20 20 20
20 20 20 20 20 20 20 79  3d 7b 63 79 20 2b 20 35
7d 0a 20 20 20 20 20 20  20 20 20 20 20 20 20 20
20 20 20 20 74 65 78 74  41 6e 63 68 6f 72 3d 22
6d 69 64 64 6c 65 22 0a  20 20 20 20 20 20 20 20
20 20 20 20 20 20 20 20  20 20 66 6f 6e 74 53 69
7a 65 3d 7b 66 6f 6e 74  53 69 7a 65 7d 0a 20 20
20 20 20 20 20 20 20 20  20 20 20 20 20 20 20 20
66 69 6c 6c 3d 22 23 65  35 65 37 65 62 22 0a 20
20 20 20 20 20 20 20 20  20 20 20 20 20 20 20 20
20 66 6f 6e 74 57 65 69  67 68 74 3d 22 36 30 30
22 0a 20 20 20 20 20 20  20 20 20 20 20 20 20 20
20 20 3e 0a 20 20 20 20  20 20 20 20 20 20 20 20
20 20 20 20 20 20 7b 6c  61 62 65 6c 7d 0a 20 20
20 20 20 20 20 20 20 20  20 20 20 20 20 20 3c 2f
74 65 78 74 3e 0a 20 20  20 20 20 20 20 20 20 20
20 20 20 20 3c 2f 67 3e  0a 20 20 20 20 20 20 20
20 20 20 20 20 29 3b 0a  20 20 20 20 20 20 20 20
20 20 7d 29 7d 0a 20 20  20 20 20 20 20 20 3c 2f
73 76 67 3e 0a 20 20 20  20 20 20 3c 2f 64 69 76
3e 0a 20 20 20 20 3c 2f  64 69 76 3e 0a 20 20 29
3b 0a 7d 0a 0a 2f 2a 20  2d 2d 2d 2d 2d 2d 2d 2d
2d 2d 2d 2d 2d 2d 2d 2d  2d 2d 2d 2d 2d 2d 2d 2d
2d 2d 2d 2d 2d 20 4d 65  73 73 61 67 65 20 2d 2d
2d 2d 2d 2d 2d 2d 2d 2d  2d 2d 2d 2d 2d 2d 2d 2d
2d 2d 2d 2d 2d 2d 2d 2d  2d 2d 2d 20 2a 2f 0a 66
75 6e 63 74 69 6f 6e 20  42 6c 6f 63 6b 73 28 7b
20 74 65 78 74 2c 20 6f  6e 41 69 45 64 69 74 2c
20 62 75 73 79 20 7d 29  20 7b 0a 20 20 63 6f 6e
73 74 20 62 6c 6f 63 6b  73 20 3d 20 70 61 72 73
65 42 6c 6f 63 6b 73 28  74 65 78 74 29 3b 0a 20
20 69 66 20 28 21 62 6c  6f 63 6b 73 2e 6c 65 6e
67 74 68 29 0a 20 20 20  20 72 65 74 75 72 6e 20
28 0a 20 20 20 20 20 20  3c 64 69 76 20 63 6c 61
73 73 4e 61 6d 65 3d 22  74 79 70 69 6e 67 22 3e
0a 20 20 20 20 20 20 20  20 3c 73 70 61 6e 20 2f
3e 0a 20 20 20 20 20 20  20 20 3c 73 70 61 6e 20
2f 3e 0a 20 20 20 20 20  20 20 20 3c 73 70 61 6e
20 2f 3e 0a 20 20 20 20  20 20 3c 2f 64 69 76 3e
0a 20 20 20 20 29 3b 0a  20 20 72 65 74 75 72 6e
20 62 6c 6f 63 6b 73 2e  6d 61 70 28 28 62 2c 20
69 29 20 3d 3e 0a 20 20  20 20 62 2e 74 79 70 65
20 3d 3d 3d 20 22 63 6f  64 65 22 20 3f 20 28 0a
20 20 20 20 20 20 62 2e  6c 61 6e 67 20 26 26 20
2f 5e 28 6d 65 72 6d 61  69 64 7c 6d 6d 64 29 24
2f 69 2e 74 65 73 74 28  62 2e 6c 61 6e 67 29 20
3f 20 28 0a 20 20 20 20  20 20 20 20 3c 4d 65 72
6d 61 69 64 42 6c 6f 63  6b 20 6b 65 79 3d 7b 69
7d 20 63 6f 64 65 3d 7b  62 2e 63 6f 64 65 7d 20
2f 3e 0a 20 20 20 20 20  20 29 20 3a 20 28 0a 20
20 20 20 20 20 20 20 3c  43 6f 64 65 42 6c 6f 63
6b 0a 20 20 20 20 20 20  20 20 20 20 6b 65 79 3d
7b 69 7d 0a 20 20 20 20  20 20 20 20 20 20 6c 61
6e 67 3d 7b 62 2e 6c 61  6e 67 7d 0a 20 20 20 20
20 20 20 20 20 20 63 6f  64 65 3d 7b 62 2e 63 6f
64 65 7d 0a 20 20 20 20  20 20 20 20 20 20 6f 6e
41 69 45 64 69 74 3d 7b  6f 6e 41 69 45 64 69 74
7d 0a 20 20 20 20 20 20  20 20 20 20 62 75 73 79
3d 7b 62 75 73 79 7d 0a  20 20 20 20 20 20 20 20
2f 3e 0a 20 20 20 20 20  20 29 0a 20 20 20 20 29
20 3a 20 28 0a 20 20 20  20 20 20 3c 70 20 6b 65
79 3d 7b 69 7d 20 64 61  6e 67 65 72 6f 75 73 6c
79 53 65 74 49 6e 6e 65  72 48 54 4d 4c 3d 7b 7b
20 5f 5f 68 74 6d 6c 3a  20 62 2e 68 74 6d 6c 20
7d 7d 20 2f 3e 0a 20 20  20 20 29 2c 0a 20 20 29
3b 0a 7d 0a 66 75 6e 63  74 69 6f 6e 20 56 65 72
64 69 63 74 28 7b 20 72  75 6e 20 7d 29 20 7b 0a
20 20 69 66 20 28 21 72  75 6e 29 20 72 65 74 75
72 6e 20 6e 75 6c 6c 3b  0a 20 20 63 6f 6e 73 74
20 71 20 3d 20 72 75 6e  2e 71 75 61 6c 69 74 79
3b 0a 20 20 63 6f 6e 73  74 20 74 69 65 72 20 3d
20 21 71 0a 20 20 20 20  3f 20 22 22 0a 20 20 20
20 3a 20 71 2e 73 63 6f  72 65 20 3e 3d 20 38 35
0a 20 20 20 20 20 20 3f  20 22 71 2d 68 69 22 0a
20 20 20 20 20 20 3a 20  71 2e 73 63 6f 72 65 20
3e 3d 20 36 30 0a 20 20  20 20 20 20 20 20 3f 20
22 71 2d 6d 69 64 22 0a  20 20 20 20 20 20 20 20
3a 20 22 71 2d 6c 6f 22  3b 0a 20 20 72 65 74 75
72 6e 20 28 0a 20 20 20  20 3c 64 69 76 20 63 6c
61 73 73 4e 61 6d 65 3d  22 76 65 72 64 69 63 74
2d 77 72 61 70 22 3e 0a  20 20 20 20 20 20 7b 71
20 26 26 20 28 0a 20 20  20 20 20 20 20 20 3c 64
69 76 20 63 6c 61 73 73  4e 61 6d 65 3d 7b 22 71
75 61 6c 69 74 79 20 22  20 2b 20 74 69 65 72 7d
3e 0a 20 20 20 20 20 20  20 20 20 20 3c 73 70 61
6e 20 63 6c 61 73 73 4e  61 6d 65 3d 22 71 2d 73
63 6f 72 65 22 3e 6b 75  61 6c 69 74 61 73 20 7b
71 2e 73 63 6f 72 65 7d  2f 31 30 30 3c 2f 73 70
61 6e 3e 0a 20 20 20 20  20 20 20 20 20 20 7b 71
2e 68 61 73 54 65 73 74  20 3f 20 3c 73 70 61 6e
20 63 6c 61 73 73 4e 61  6d 65 3d 22 71 2d 74 61
67 22 3e c2 b7 20 61 64  61 20 73 65 6c 66 2d 74
65 73 74 3c 2f 73 70 61  6e 3e 20 3a 20 6e 75 6c
6c 7d 0a 20 20 20 20 20  20 20 20 20 20 7b 71 2e
6e 6f 74 65 73 20 26 26  20 71 2e 6e 6f 74 65 73
2e 6c 65 6e 67 74 68 20  3e 20 30 20 26 26 20 28
0a 20 20 20 20 20 20 20  20 20 20 20 20 3c 75 6c
20 63 6c 61 73 73 4e 61  6d 65 3d 22 71 2d 6e 6f
74 65 73 22 3e 0a 20 20  20 20 20 20 20 20 20 20
20 20 20 20 7b 71 2e 6e  6f 74 65 73 2e 6d 61 70
28 28 6e 2c 20 69 29 20  3d 3e 20 28 0a 20 20 20
20 20 20 20 20 20 20 20  20 20 20 20 20 3c 6c 69
20 6b 65 79 3d 7b 69 7d  20 63 6c 61 73 73 4e 61
6d 65 3d 7b 22 71 2d 22  20 2b 20 6e 2e 73 65 76
7d 3e 0a 20 20 20 20 20  20 20 20 20 20 20 20 20
20 20 20 20 20 7b 6e 2e  6d 73 67 7d 0a 20 20 20
20 20 20 20 20 20 20 20  20 20 20 20 20 3c 2f 6c
69 3e 0a 20 20 20 20 20  20 20 20 20 20 20 20 20
20 29 29 7d 0a 20 20 20  20 20 20 20 20 20 20 20
20 3c 2f 75 6c 3e 0a 20  20 20 20 20 20 20 20 20
20 29 7d 0a 20 20 20 20  20 20 20 20 3c 2f 64 69
76 3e 0a 20 20 20 20 20  20 29 7d 0a 20 20 20 20
3c 2f 64 69 76 3e 0a 20  20 29 3b 0a 7d 0a 66 75
6e 63 74 69 6f 6e 20 4d  65 73 73 61 67 65 28 7b
20 6d 73 67 2c 20 6f 6e  41 69 45 64 69 74 2c 20
62 75 73 79 2c 20 6f 6e  4f 70 65 6e 43 61 6e 76
61 73 20 7d 29 20 7b 0a  20 20 69 66 20 28 6d 73
67 2e 72 6f 6c 65 20 3d  3d 3d 20 22 75 73 65 72
22 29 0a 20 20 20 20 72  65 74 75 72 6e 20 28 0a
20 20 20 20 20 20 3c 64  69 76 20 63 6c 61 73 73
4e 61 6d 65 3d 22 6d 73  67 20 75 73 65 72 22 3e
0a 20 20 20 20 20 20 20  20 3c 73 70 61 6e 20 63
6c 61 73 73 4e 61 6d 65  3d 22 6d 73 67 2d 72 6f
6c 65 22 3e 79 6f 75 3c  2f 73 70 61 6e 3e 0a 20
20 20 20 20 20 20 20 3c  64 69 76 20 63 6c 61 73
73 4e 61 6d 65 3d 22 62  75 62 62 6c 65 2d 75 73
65 72 22 3e 7b 6d 73 67  2e 74 65 78 74 7d 3c 2f
64 69 76 3e 0a 20 20 20  20 20 20 3c 2f 64 69 76
3e 0a 20 20 20 20 29 3b  0a 20 20 69 66 20 28 6d
73 67 2e 72 6f 6c 65 20  3d 3d 3d 20 22 61 67 65
6e 74 22 29 0a 20 20 20  20 72 65 74 75 72 6e 20
28 0a 20 20 20 20 20 20  3c 64 69 76 20 63 6c 61
73 73 4e 61 6d 65 3d 22  6d 73 67 20 6d 6f 64 65
6c 22 3e 0a 20 20 20 20  20 20 20 20 3c 73 70 61
6e 20 63 6c 61 73 73 4e  61 6d 65 3d 22 6d 73 67
2d 72 6f 6c 65 22 3e 61  67 65 6e 74 3c 2f 73 70
61 6e 3e 0a 20 20 20 20  20 20 20 20 3c 41 67 65
6e 74 53 74 65 70 73 20  72 75 6e 3d 7b 6d 73 67
2e 61 67 65 6e 74 20 7c  7c 20 7b 7d 7d 20 6f 6e
41 69 45 64 69 74 3d 7b  6f 6e 41 69 45 64 69 74
7d 20 62 75 73 79 3d 7b  62 75 73 79 7d 20 2f 3e
0a 20 20 20 20 20 20 3c  2f 64 69 76 3e 0a 20 20
20 20 29 3b 0a 20 20 63  6f 6e 73 74 20 77 65 62
20 3d 20 6d 73 67 2e 74  65 78 74 20 3f 20 62 75
69 6c 64 50 72 65 76 69  65 77 28 6d 73 67 2e 74
65 78 74 29 20 3a 20 7b  20 68 61 73 3a 20 66 61
6c 73 65 20 7d 3b 0a 20  20 63 6f 6e 73 74 20 5b
65 78 70 61 6e 64 65 64  2c 20 73 65 74 45 78 70
61 6e 64 65 64 5d 20 3d  20 75 73 65 53 74 61 74
65 28 66 61 6c 73 65 29  3b 0a 20 20 63 6f 6e 73
74 20 54 48 52 45 53 48  20 3d 20 31 30 30 30 3b
20 2f 2f 20 63 68 61 72  61 63 74 65 72 73 20 74
68 72 65 73 68 6f 6c 64  20 74 6f 20 63 6f 6c 6c
61 70 73 65 0a 20 20 63  6f 6e 73 74 20 69 73 4c
6f 6e 67 20 3d 20 28 6d  73 67 2e 74 65 78 74 20
7c 7c 20 22 22 29 2e 6c  65 6e 67 74 68 20 3e 20
54 48 52 45 53 48 3b 0a  20 20 72 65 74 75 72 6e
20 28 0a 20 20 20 20 3c  64 69 76 20 63 6c 61 73
73 4e 61 6d 65 3d 22 6d  73 67 20 6d 6f 64 65 6c
22 3e 0a 20 20 20 20 20  20 3c 73 70 61 6e 20 63
6c 61 73 73 4e 61 6d 65  3d 22 6d 73 67 2d 72 6f
6c 65 22 3e 6d 6f 64 65  6c 3c 2f 73 70 61 6e 3e
0a 20 20 20 20 20 20 3c  64 69 76 0a 20 20 20 20
20 20 20 20 63 6c 61 73  73 4e 61 6d 65 3d 22 62
75 62 62 6c 65 2d 6d 6f  64 65 6c 22 0a 20 20 20
20 20 20 20 20 73 74 79  6c 65 3d 7b 7b 0a 20 20
20 20 20 20 20 20 20 20  6d 61 78 48 65 69 67 68
74 3a 20 21 65 78 70 61  6e 64 65 64 20 26 26 20
69 73 4c 6f 6e 67 20 3f  20 32 32 30 20 3a 20 22
6e 6f 6e 65 22 2c 0a 20  20 20 20 20 20 20 20 20
20 6f 76 65 72 66 6c 6f  77 3a 20 21 65 78 70 61
6e 64 65 64 20 26 26 20  69 73 4c 6f 6e 67 20 3f
20 22 68 69 64 64 65 6e  22 20 3a 20 22 76 69 73
69 62 6c 65 22 2c 0a 20  20 20 20 20 20 20 20 7d
7d 0a 20 20 20 20 20 20  3e 0a 20 20 20 20 20 20
20 20 7b 6d 73 67 2e 74  65 78 74 20 3f 20 28 0a
20 20 20 20 20 20 20 20  20 20 3c 42 6c 6f 63 6b
73 20 74 65 78 74 3d 7b  6d 73 67 2e 74 65 78 74
7d 20 6f 6e 41 69 45 64  69 74 3d 7b 6f 6e 41 69
45 64 69 74 7d 20 62 75  73 79 3d 7b 62 75 73 79
7d 20 2f 3e 0a 20 20 20  20 20 20 20 20 29 20 3a
20 28 0a 20 20 20 20 20  20 20 20 20 20 3c 64 69
76 20 63 6c 61 73 73 4e  61 6d 65 3d 22 74 79 70
69 6e 67 22 3e 0a 20 20  20 20 20 20 20 20 20 20
20 20 3c 73 70 61 6e 20  2f 3e 0a 20 20 20 20 20
20 20 20 20 20 20 20 3c  73 70 61 6e 20 2f 3e 0a
20 20 20 20 20 20 20 20  20 20 20 20 3c 73 70 61
6e 20 2f 3e 0a 20 20 20  20 20 20 20 20 20 20 3c
2f 64 69 76 3e 0a 20 20  20 20 20 20 20 20 29 7d
0a 20 20 20 20 20 20 3c  2f 64 69 76 3e 0a 20 20
20 20 20 20 7b 69 73 4c  6f 6e 67 20 26 26 20 28
0a 20 20 20 20 20 20 20  20 3c 64 69 76 20 73 74
79 6c 65 3d 7b 7b 20 6d  61 72 67 69 6e 54 6f 70
3a 20 36 20 7d 7d 3e 0a  20 20 20 20 20 20 20 20
20 20 3c 62 75 74 74 6f  6e 0a 20 20 20 20 20 20
20 20 20 20 20 20 63 6c  61 73 73 4e 61 6d 65 3d
22 6f 70 65 6e 2d 63 61  6e 76 61 73 2d 62 74 6e
22 0a 20 20 20 20 20 20  20 20 20 20 20 20 6f 6e
43 6c 69 63 6b 3d 7b 28  29 20 3d 3e 20 73 65 74
45 78 70 61 6e 64 65 64  28 28 65 29 20 3d 3e 20
21 65 29 7d 0a 20 20 20  20 20 20 20 20 20 20 20
20 73 74 79 6c 65 3d 7b  7b 20 70 61 64 64 69 6e
67 3a 20 22 34 70 78 20  38 70 78 22 2c 20 66 6f
6e 74 53 69 7a 65 3a 20  31 32 20 7d 7d 0a 20 20
20 20 20 20 20 20 20 20  3e 0a 20 20 20 20 20 20
20 20 20 20 20 20 7b 65  78 70 61 6e 64 65 64 20
3f 20 22 54 61 6d 70 69  6c 6b 61 6e 20 6c 65 62
69 68 20 73 65 64 69 6b  69 74 22 20 3a 20 22 54
61 6d 70 69 6c 6b 61 6e  20 73 65 6c 65 6e 67 6b
61 70 6e 79 61 22 7d 0a  20 20 20 20 20 20 20 20
20 20 3c 2f 62 75 74 74  6f 6e 3e 0a 20 20 20 20
20 20 20 20 3c 2f 64 69  76 3e 0a 20 20 20 20 20
20 29 7d 0a 20 20 20 20  20 20 3c 56 65 72 64 69
63 74 20 72 75 6e 3d 7b  6d 73 67 2e 72 75 6e 7d
20 2f 3e 0a 20 20 20 20  20 20 7b 77 65 62 2e 68
61 73 20 26 26 20 6f 6e  4f 70 65 6e 43 61 6e 76
61 73 20 26 26 20 28 0a  20 20 20 20 20 20 20 20
3c 62 75 74 74 6f 6e 0a  20 20 20 20 20 20 20 20
20 20 63 6c 61 73 73 4e  61 6d 65 3d 22 6f 70 65
6e 2d 63 61 6e 76 61 73  2d 62 74 6e 22 0a 20 20
20 20 20 20 20 20 20 20  6f 6e 43 6c 69 63 6b 3d
7b 28 29 20 3d 3e 20 6f  6e 4f 70 65 6e 43 61 6e
76 61 73 28 6d 73 67 2e  74 65 78 74 2c 20 6d 73
67 2e 72 75 6e 29 7d 0a  20 20 20 20 20 20 20 20
3e 0a 20 20 20 20 20 20  20 20 20 20 3c 49 63 6f
6e 2e 73 70 61 72 6b 20  73 74 79 6c 65 3d 7b 7b
20 77 69 64 74 68 3a 20  31 33 2c 20 68 65 69 67
68 74 3a 20 31 33 20 7d  7d 20 2f 3e 20 42 75 6b
61 20 64 69 20 43 61 6e  76 61 73 0a 20 20 20 20
20 20 20 20 20 20 28 73  70 6c 69 74 29 0a 20 20
20 20 20 20 20 20 3c 2f  62 75 74 74 6f 6e 3e 0a
20 20 20 20 20 20 29 7d  0a 20 20 20 20 3c 2f 64
69 76 3e 0a 20 20 29 3b  0a 7d 0a 0a 2f 2a 20 2d
2d 2d 2d 2d 2d 2d 2d 2d  2d 2d 2d 2d 2d 2d 2d 2d
2d 2d 2d 2d 2d 2d 2d 2d  2d 2d 2d 2d 20 43 6f 6d
70 6f 73 65 72 20 2d 2d  2d 2d 2d 2d 2d 2d 2d 2d
2d 2d 2d 2d 2d 2d 2d 2d  2d 2d 2d 2d 2d 2d 2d 2d
2d 2d 2d 20 2a 2f 0a 2f  2f 20 4c 69 6e 65 20 69
63 6f 6e 73 20 66 6f 72  20 74 68 65 20 63 6f 6d
70 6f 73 65 72 20 22 2b  22 20 6d 65 6e 75 20 28
6d 61 74 63 68 20 74 68  65 20 72 65 66 65 72 65
6e 63 65 20 64 65 73 69  67 6e 29 2e 0a 63 6f 6e
73 74 20 73 76 67 20 3d  20 28 70 29 20 3d 3e 20
28 0a 20 20 3c 73 76 67  0a 20 20 20 20 76 69 65
77 42 6f 78 3d 22 30 20  30 20 32 34 20 32 34 22
0a 20 20 20 20 77 69 64  74 68 3d 22 31 39 22 0a
20 20 20 20 68 65 69 67  68 74 3d 22 31 39 22 0a
20 20 20 20 66 69 6c 6c  3d 22 6e 6f 6e 65 22 0a
20 20 20 20 73 74 72 6f  6b 65 3d 22 63 75 72 72
65 6e 74 43 6f 6c 6f 72  22 0a 20 20 20 20 73 74
72 6f 6b 65 57 69 64 74  68 3d 22 31 2e 37 22 0a
20 20 20 20 73 74 72 6f  6b 65 4c 69 6e 65 63 61
70 3d 22 72 6f 75 6e 64  22 0a 20 20 20 20 73 74
72 6f 6b 65 4c 69 6e 65  6a 6f 69 6e 3d 22 72 6f
75 6e 64 22 0a 20 20 3e  0a 20 20 20 20 7b 70 7d
0a 20 20 3c 2f 73 76 67  3e 0a 29 3b 0a 63 6f 6e
73 74 20 4d 49 20 3d 20  7b 0a 20 20 70 6c 75 73
3a 20 73 76 67 28 0a 20  20 20 20 3c 3e 0a 20 20
20 20 20 20 3c 70 61 74  68 20 64 3d 22 4d 31 32
20 35 76 31 34 22 20 2f  3e 0a 20 20 20 20 20 20
3c 70 61 74 68 20 64 3d  22 4d 35 20 31 32 68 31
34 22 20 2f 3e 0a 20 20  20 20 3c 2f 3e 2c 0a 20
20 29 2c 0a 20 20 75 70  6c 6f 61 64 3a 20 73 76
67 28 0a 20 20 20 20 3c  3e 0a 20 20 20 20 20 20
3c 70 61 74 68 20 64 3d  22 4d 31 32 20 31 35 56
34 22 20 2f 3e 0a 20 20  20 20 20 20 3c 70 61 74
68 20 64 3d 22 4d 38 20  38 6c 34 2d 34 20 34 20
34 22 20 2f 3e 0a 20 20  20 20 20 20 3c 70 61 74
68 20 64 3d 22 4d 34 20  31 35 76 33 61 32 20 32
20 30 20 30 30 32 20 32  68 31 32 61 32 20 32 20
30 20 30 30 32 2d 32 76  2d 33 22 20 2f 3e 0a 20
20 20 20 3c 2f 3e 2c 0a  20 20 29 2c 0a 20 20 72
65 73 65 61 72 63 68 3a  20 73 76 67 28 0a 20 20
20 20 3c 3e 0a 20 20 20  20 20 20 3c 70 61 74 68
20 64 3d 22 4d 32 32 20  31 30 4c 31 32 20 35 20
32 20 31 30 6c 31 30 20  35 20 31 30 2d 35 7a 22
20 2f 3e 0a 20 20 20 20  20 20 3c 70 61 74 68 20
64 3d 22 4d 36 20 31 32  76 34 63 30 20 31 2e 31
20 32 2e 37 20 33 20 36  20 33 73 36 2d 31 2e 39
20 36 2d 33 76 2d 34 22  20 2f 3e 0a 20 20 20 20
3c 2f 3e 2c 0a 20 20 29  2c 0a 20 20 69 6d 61 67
65 3a 20 73 76 67 28 0a  20 20 20 20 3c 3e 0a 20
20 20 20 20 20 3c 72 65  63 74 20 78 3d 22 33 22
20 79 3d 22 34 22 20 77  69 64 74 68 3d 22 31 38
22 20 68 65 69 67 68 74  3d 22 31 36 22 20 72 78
3d 22 32 22 20 2f 3e 0a  20 20 20 20 20 20 3c 63
69 72 63 6c 65 20 63 78  3d 22 38 2e 35 22 20 63
79 3d 22 39 2e 35 22 20  72 3d 22 31 2e 35 22 20
2f 3e 0a 20 20 20 20 20  20 3c 70 61 74 68 20 64
3d 22 4d 32 31 20 31 36  6c 2d 35 2d 35 4c 35 20
32 30 22 20 2f 3e 0a 20  20 20 20 3c 2f 3e 2c 0a
20 20 29 2c 0a 20 20 76  69 64 65 6f 3a 20 73 76
67 28 0a 20 20 20 20 3c  3e 0a 20 20 20 20 20 20
3c 72 65 63 74 20 78 3d  22 32 22 20 79 3d 22 35
22 20 77 69 64 74 68 3d  22 32 30 22 20 68 65 69
67 68 74 3d 22 31 34 22  20 72 78 3d 22 32 22 20
2f 3e 0a 20 20 20 20 20  20 3c 70 61 74 68 20 64
3d 22 4d 31 30 20 39 6c  35 20 33 2d 35 20 33 56
39 7a 22 20 2f 3e 0a 20  20 20 20 3c 2f 3e 2c 0a
20 20 29 2c 0a 20 20 73  6c 69 64 65 73 3a 20 73
76 67 28 0a 20 20 20 20  3c 3e 0a 20 20 20 20 20
20 3c 72 65 63 74 20 78  3d 22 33 22 20 79 3d 22
34 22 20 77 69 64 74 68  3d 22 31 38 22 20 68 65
69 67 68 74 3d 22 31 32  22 20 72 78 3d 22 31 2e
35 22 20 2f 3e 0a 20 20  20 20 20 20 3c 70 61 74
68 20 64 3d 22 4d 31 32  20 31 36 76 34 22 20 2f
3e 0a 20 20 20 20 20 20  3c 70 61 74 68 20 64 3d
22 4d 38 20 32 30 68 38  22 20 2f 3e 0a 20 20 20
20 3c 2f 3e 2c 0a 20 20  29 2c 0a 20 20 6d 6f 72
65 3a 20 73 76 67 28 0a  20 20 20 20 3c 3e 0a 20
20 20 20 20 20 3c 63 69  72 63 6c 65 20 63 78 3d
22 35 22 20 63 79 3d 22  31 32 22 20 72 3d 22 31
22 20 2f 3e 0a 20 20 20  20 20 20 3c 63 69 72 63
6c 65 20 63 78 3d 22 31  32 22 20 63 79 3d 22 31
32 22 20 72 3d 22 31 22  20 2f 3e 0a 20 20 20 20
20 20 3c 63 69 72 63 6c  65 20 63 78 3d 22 31 39
22 20 63 79 3d 22 31 32  22 20 72 3d 22 31 22 20
2f 3e 0a 20 20 20 20 3c  2f 3e 2c 0a 20 20 29 2c
0a 20 20 70 6c 61 6e 3a  20 73 76 67 28 0a 20 20
20 20 3c 3e 0a 20 20 20  20 20 20 3c 70 61 74 68
20 64 3d 22 4d 31 32 20  32 4c 32 20 37 6c 31 30
20 35 20 31 30 2d 35 2d  31 30 2d 35 7a 22 20 2f
3e 0a 20 20 20 20 20 20  3c 70 61 74 68 20 64 3d
22 4d 32 20 31 37 6c 31  30 20 35 20 31 30 2d 35
22 20 2f 3e 0a 20 20 20  20 20 20 3c 70 61 74 68
20 64 3d 22 4d 32 20 31  32 6c 31 30 20 35 20 31
30 2d 35 22 20 2f 3e 0a  20 20 20 20 3c 2f 3e 0a
20 20 29 2c 0a 20 20 62  75 69 6c 64 3a 20 73 76
67 28 0a 20 20 20 20 3c  3e 0a 20 20 20 20 20 20
3c 70 61 74 68 20 64 3d  22 4d 31 30 20 32 30 68
34 22 20 2f 3e 0a 20 20  20 20 20 20 3c 70 61 74
68 20 64 3d 22 4d 31 34  20 32 76 36 68 36 22 20
2f 3e 0a 20 20 20 20 20  20 3c 70 61 74 68 20 64
3d 22 4d 34 20 35 76 31  34 61 32 20 32 20 30 20
30 30 32 20 32 68 31 32  61 32 20 32 20 30 20 30
30 32 2d 32 76 2d 37 22  20 2f 3e 0a 20 20 20 20
20 20 3c 70 61 74 68 20  64 3d 22 4d 39 20 31 68
35 76 35 48 39 7a 22 20  2f 3e 0a 20 20 20 20 3c
2f 3e 0a 20 20 29 2c 0a  7d 3b 0a 66 75 6e 63 74
69 6f 6e 20 43 6f 6d 70  6f 73 65 72 28 7b 20 6f
6e 53 65 6e 64 2c 20 6f  6e 43 61 6e 63 65 6c 2c
20 62 75 73 79 2c 20 6d  6f 64 65 2c 20 6f 6e 4d
6f 64 65 43 68 61 6e 67  65 20 7d 29 20 7b 0a 20
20 63 6f 6e 73 74 20 5b  76 61 6c 2c 20 73 65 74
56 61 6c 5d 20 3d 20 75  73 65 53 74 61 74 65 28
22 22 29 3b 0a 20 20 63  6f 6e 73 74 20 5b 6d 65
6e 75 2c 20 73 65 74 4d  65 6e 75 5d 20 3d 20 75
73 65 53 74 61 74 65 28  66 61 6c 73 65 29 3b 0a
20 20 63 6f 6e 73 74 20  5b 73 6f 6f 6e 2c 20 73
65 74 53 6f 6f 6e 5d 20  3d 20 75 73 65 53 74 61
74 65 28 22 22 29 3b 0a  20 20 63 6f 6e 73 74 20
72 65 66 20 3d 20 75 73  65 52 65 66 28 6e 75 6c
6c 29 3b 0a 20 20 63 6f  6e 73 74 20 77 72 61 70
52 65 66 20 3d 20 75 73  65 52 65 66 28 6e 75 6c
6c 29 3b 0a 20 20 63 6f  6e 73 74 20 67 72 6f 77
20 3d 20 28 29 20 3d 3e  20 7b 0a 20 20 20 20 63
6f 6e 73 74 20 65 6c 20  3d 20 72 65 66 2e 63 75
72 72 65 6e 74 3b 0a 20  20 20 20 69 66 20 28 21
65 6c 29 20 72 65 74 75  72 6e 3b 0a 20 20 20 20
65 6c 2e 73 74 79 6c 65  2e 68 65 69 67 68 74 20
3d 20 22 61 75 74 6f 22  3b 0a 20 20 20 20 65 6c
2e 73 74 79 6c 65 2e 68  65 69 67 68 74 20 3d 20
4d 61 74 68 2e 6d 69 6e  28 65 6c 2e 73 63 72 6f
6c 6c 48 65 69 67 68 74  2c 20 31 38 30 29 20 2b
20 22 70 78 22 3b 0a 20  20 7d 3b 0a 0a 20 20 63
6f 6e 73 6f 6c 65 2e 6c  6f 67 28 22 5b 43 6f 6d
70 6f 73 65 72 5d 20 72  65 6e 64 65 72 2c 20 62
75 73 79 3a 22 2c 20 62  75 73 79 2c 20 22 76 61
6c 3a 22 2c 20 76 61 6c  29 3b 0a 0a 20 20 63 6f
6e 73 74 20 73 75 62 6d  69 74 20 3d 20 28 29 20
3d 3e 20 7b 0a 20 20 20  20 63 6f 6e 73 74 20 76
20 3d 20 76 61 6c 2e 74  72 69 6d 28 29 3b 0a 20
20 20 20 63 6f 6e 73 6f  6c 65 2e 6c 6f 67 28 22
5b 43 6f 6d 70 6f 73 65  72 20 73 75 62 6d 69 74
5d 20 62 75 73 79 3a 22  2c 20 62 75 73 79 2c 20
22 76 3a 22 2c 20 76 29  3b 0a 20 20 20 20 69 66
20 28 21 76 20 7c 7c 20  62 75 73 79 29 20 72 65
74 75 72 6e 3b 0a 20 20  20 20 63 6f 6e 73 6f 6c
65 2e 6c 6f 67 28 22 5b  43 6f 6d 70 6f 73 65 72
20 73 75 62 6d 69 74 5d  20 63 61 6c 6c 69 6e 67
20 6f 6e 53 65 6e 64 20  77 69 74 68 3a 22 2c 20
76 29 3b 0a 20 20 20 20  6f 6e 53 65 6e 64 28 76
29 3b 0a 20 20 20 20 63  6f 6e 73 6f 6c 65 2e 6c
6f 67 28 22 5b 43 6f 6d  70 6f 73 65 72 20 73 75
62 6d 69 74 5d 20 73 65  74 74 69 6e 67 20 76 61
6c 20 74 6f 20 65 6d 70  74 79 20 73 74 72 69 6e
67 22 29 3b 0a 20 20 20  20 73 65 74 56 61 6c 28
22 22 29 3b 0a 20 20 20  20 63 6f 6e 73 6f 6c 65
2e 6c 6f 67 28 22 5b 43  6f 6d 70 6f 73 65 72 20
73 75 62 6d 69 74 5d 20  76 61 6c 20 61 66 74 65
72 20 73 65 74 56 61 6c  3a 22 2c 20 76 61 6c 29
3b 0a 20 20 20 20 72 65  71 75 65 73 74 41 6e 69
6d 61 74 69 6f 6e 46 72  61 6d 65 28 28 29 20 3d
3e 20 7b 0a 20 20 20 20  20 20 69 66 20 28 72 65
66 2e 63 75 72 72 65 6e  74 29 20 72 65 66 2e 63
75 72 72 65 6e 74 2e 73  74 79 6c 65 2e 68 65 69
67 68 74 20 3d 20 22 61  75 74 6f 22 3b 0a 20 20
20 20 7d 29 3b 0a 20 20  7d 3b 0a 0a 20 20 2f 2f
20 44 65 62 75 67 20 76  61 6c 20 63 68 61 6e 67
65 73 0a 20 20 75 73 65  45 66 66 65 63 74 28 28
29 20 3d 3e 20 7b 0a 20  20 20 20 63 6f 6e 73 6f
6c 65 2e 6c 6f 67 28 22  5b 43 6f 6d 70 6f 73 65
72 5d 20 76 61 6c 20 63  68 61 6e 67 65 64 20 74
6f 3a 22 2c 20 76 61 6c  29 3b 0a 20 20 7d 2c 20
5b 76 61 6c 5d 29 3b 0a  20 20 75 73 65 45 66 66
65 63 74 28 28 29 20 3d  3e 20 7b 0a 20 20 20 20
69 66 20 28 21 6d 65 6e  75 29 20 72 65 74 75 72
6e 3b 0a 20 20 20 20 63  6f 6e 73 74 20 68 20 3d
20 28 65 29 20 3d 3e 20  7b 0a 20 20 20 20 20 20
69 66 20 28 77 72 61 70  52 65 66 2e 63 75 72 72
65 6e 74 20 26 26 20 21  77 72 61 70 52 65 66 2e
63 75 72 72 65 6e 74 2e  63 6f 6e 74 61 69 6e 73
28 65 2e 74 61 72 67 65  74 29 29 0a 20 20 20 20
20 20 20 20 73 65 74 4d  65 6e 75 28 66 61 6c 73
65 29 3b 0a 20 20 20 20  7d 3b 0a 20 20 20 20 64
6f 63 75 6d 65 6e 74 2e  61 64 64 45 76 65 6e 74
4c 69 73 74 65 6e 65 72  28 22 6d 6f 75 73 65 64
6f 77 6e 22 2c 20 68 29  3b 0a 20 20 20 20 72 65
74 75 72 6e 20 28 29 20  3d 3e 20 64 6f 63 75 6d
65 6e 74 2e 72 65 6d 6f  76 65 45 76 65 6e 74 4c
69 73 74 65 6e 65 72 28  22 6d 6f 75 73 65 64 6f
77 6e 22 2c 20 68 29 3b  0a 20 20 7d 2c 20 5b 6d
65 6e 75 5d 29 3b 0a 20  20 63 6f 6e 73 74 20 6e
6f 74 59 65 74 20 3d 20  28 6e 61 6d 65 29 20 3d
3e 20 7b 0a 20 20 20 20  73 65 74 4d 65 6e 75 28
66 61 6c 73 65 29 3b 0a  20 20 20 20 73 65 74 53
6f 6f 6e 28 6e 61 6d 65  20 2b 20 22 20 e2 80 94
20 73 65 67 65 72 61 20  68 61 64 69 72 22 29 3b
0a 20 20 20 20 73 65 74  54 69 6d 65 6f 75 74 28
28 29 20 3d 3e 20 73 65  74 53 6f 6f 6e 28 22 22
29 2c 20 32 36 30 30 29  3b 0a 20 20 7d 3b 0a 20
20 72 65 74 75 72 6e 20  28 0a 20 20 20 20 3c 64
69 76 20 63 6c 61 73 73  4e 61 6d 65 3d 22 63 6f
6d 70 6f 73 65 72 2d 77  72 61 70 22 3e 0a 20 20
20 20 20 20 3c 64 69 76  20 63 6c 61 73 73 4e 61
6d 65 3d 22 63 6f 6d 70  6f 73 65 72 22 3e 0a 20
20 20 20 20 20 20 20 3c  64 69 76 20 63 6c 61 73
73 4e 61 6d 65 3d 22 63  6f 6d 70 6f 73 65 72 2d
61 64 64 2d 77 72 61 70  22 20 72 65 66 3d 7b 77
72 61 70 52 65 66 7d 3e  0a 20 20 20 20 20 20 20
20 20 20 3c 62 75 74 74  6f 6e 0a 20 20 20 20 20
20 20 20 20 20 20 20 63  6c 61 73 73 4e 61 6d 65
3d 7b 22 63 6f 6d 70 6f  73 65 72 2d 61 64 64 22
20 2b 20 28 6d 65 6e 75  20 3f 20 22 20 6f 70 65
6e 22 20 3a 20 22 22 29  7d 0a 20 20 20 20 20 20
20 20 20 20 20 20 74 69  74 6c 65 3d 22 54 61 6d
62 61 68 22 0a 20 20 20  20 20 20 20 20 20 20 20
20 6f 6e 43 6c 69 63 6b  3d 7b 28 29 20 3d 3e 20
73 65 74 4d 65 6e 75 28  28 6d 29 20 3d 3e 20 21
6d 29 7d 0a 20 20 20 20  20 20 20 20 20 20 3e 0a
20 20 20 20 20 20 20 20  20 20 20 20 7b 6d 6f 64
65 20 3d 3d 3d 20 22 70  6c 61 6e 22 20 3f 20 4d
49 2e 70 6c 61 6e 20 3a  20 4d 49 2e 62 75 69 6c
64 7d 0a 20 20 20 20 20  20 20 20 20 20 3c 2f 62
75 74 74 6f 6e 3e 0a 20  20 20 20 20 20 20 20 20
20 7b 6d 65 6e 75 20 26  26 20 28 0a 20 20 20 20
20 20 20 20 20 20 20 20  3c 64 69 76 20 63 6c 61
73 73 4e 61 6d 65 3d 22  63 6f 6d 70 6f 73 65 72
2d 6d 65 6e 75 22 3e 0a  20 20 20 20 20 20 20 20
20 20 20 20 20 20 3c 62  75 74 74 6f 6e 0a 20 20
20 20 20 20 20 20 20 20  20 20 20 20 20 20 63 6c
61 73 73 4e 61 6d 65 3d  22 63 6d 2d 69 74 65 6d
22 0a 20 20 20 20 20 20  20 20 20 20 20 20 20 20
20 20 6f 6e 43 6c 69 63  6b 3d 7b 28 29 20 3d 3e
20 7b 0a 20 20 20 20 20  20 20 20 20 20 20 20 20
20 20 20 20 20 73 65 74  4d 65 6e 75 28 66 61 6c
73 65 29 3b 0a 20 20 20  20 20 20 20 20 20 20 20
20 20 20 20 20 20 20 64  6f 63 75 6d 65 6e 74 2e
67 65 74 45 6c 65 6d 65  6e 74 42 79 49 64 28 22
66 6f 6c 64 65 72 2d 75  70 6c 6f 61 64 2d 69 6e
70 75 74 22 29 3f 2e 63  6c 69 63 6b 28 29 3b 0a
20 20 20 20 20 20 20 20  20 20 20 20 20 20 20 20
7d 7d 0a 20 20 20 20 20  20 20 20 20 20 20 20 20
20 3e 0a 20 20 20 20 20  20 20 20 20 20 20 20 20
20 20 20 3c 69 3e 7b 4d  49 2e 75 70 6c 6f 61 64
7d 3c 2f 69 3e 0a 20 20  20 20 20 20 20 20 20 20
20 20 20 20 20 20 3c 73  70 61 6e 20 63 6c 61 73
73 4e 61 6d 65 3d 22 63  6d 2d 6c 62 6c 22 3e 0a
20 20 20 20 20 20 20 20  20 20 20 20 20 20 20 20
20 20 3c 62 3e 55 70 6c  6f 61 64 20 61 74 74 61
63 68 6d 65 6e 74 3c 2f  62 3e 0a 20 20 20 20 20
20 20 20 20 20 20 20 20  20 20 20 20 20 3c 73 6d
61 6c 6c 3e 66 69 6c 65  2c 20 69 6d 61 67 65 2c
20 76 69 64 65 6f 2c 20  61 75 64 69 6f 3c 2f 73
6d 61 6c 6c 3e 0a 20 20  20 20 20 20 20 20 20 20
20 20 20 20 20 20 3c 2f  73 70 61 6e 3e 0a 20 20
20 20 20 20 20 20 20 20  20 20 20 20 3c 2f 62 75
74 74 6f 6e 3e 0a 20 20  20 20 20 20 20 20 20 20
20 20 20 20 3c 64 69 76  20 63 6c 61 73 73 4e 61
6d 65 3d 22 63 6d 2d 73  65 70 22 20 2f 3e 0a 20
20 20 20 20 20 20 20 20  20 20 20 20 20 3c 64 69
76 20 63 6c 61 73 73 4e  61 6d 65 3d 22 70 78 2d
33 20 70 79 2d 32 20 74  65 78 74 2d 78 73 20 74
65 78 74 2d 67 72 61 79  2d 34 30 30 20 74 72 61
63 6b 69 6e 67 2d 77 69  64 65 20 66 6f 6e 74 2d
73 65 6d 69 62 6f 6c 64  20 75 70 70 65 72 63 61
73 65 22 3e 4d 6f 64 65  3c 2f 64 69 76 3e 0a 20
20 20 20 20 20 20 20 20  20 20 20 20 20 3c 62 75
74 74 6f 6e 0a 20 20 20  20 20 20 20 20 20 20 20
20 20 20 20 20 63 6c 61  73 73 4e 61 6d 65 3d 7b
60 63 6d 2d 69 74 65 6d  20 24 7b 6d 6f 64 65 20
3d 3d 3d 20 22 70 6c 61  6e 22 20 3f 20 22 61 63
74 69 76 65 22 20 3a 20  22 22 7d 60 7d 0a 20 20
20 20 20 20 20 20 20 20  20 20 20 20 20 20 6f 6e
43 6c 69 63 6b 3d 7b 28  29 20 3d 3e 20 7b 6f 6e
4d 6f 64 65 43 68 61 6e  67 65 28 22 70 6c 61 6e
22 29 3b 20 73 65 74 4d  65 6e 75 28 66 61 6c 73
65 29 3b 7d 7d 0a 20 20  20 20 20 20 20 20 20 20
20 20 20 20 3e 0a 20 20  20 20 20 20 20 20 20 20
20 20 20 20 20 20 3c 69  3e 7b 4d 49 2e 70 6c 61
6e 7d 3c 2f 69 3e 0a 20  20 20 20 20 20 20 20 20
20 20 20 20 20 20 20 3c  73 70 61 6e 20 63 6c 61
73 73 4e 61 6d 65 3d 22  63 6d 2d 6c 62 6c 22 3e
0a 20 20 20 20 20 20 20  20 20 20 20 20 20 20 20
20 20 20 3c 62 3e 50 6c  61 6e 3c 2f 62 3e 0a 20
20 20 20 20 20 20 20 20  20 20 20 20 20 20 20 20
20 3c 73 6d 61 6c 6c 3e  41 6e 61 6c 69 73 69 73
20 26 20 64 65 73 69 67  6e 3c 2f 73 6d 61 6c 6c
3e 0a 20 20 20 20 20 20  20 20 20 20 20 20 20 20
20 20 3c 2f 73 70 61 6e  3e 0a 20 20 20 20 20 20
20 20 20 20 20 20 20 20  20 20 7b 6d 6f 64 65 20
3d 3d 3d 20 22 70 6c 61  6e 22 20 26 26 20 3c 73
70 61 6e 20 63 6c 61 73  73 4e 61 6d 65 3d 22 63
6d 2d 6f 6e 22 3e e2 9c  93 3c 2f 73 70 61 6e 3e
7d 0a 20 20 20 20 20 20  20 20 20 20 20 20 20 20
3c 2f 62 75 74 74 6f 6e  3e 0a 20 20 20 20 20 20
20 20 20 20 20 20 20 20  3c 62 75 74 74 6f 6e 0a
20 20 20 20 20 20 20 20  20 20 20 20 20 20 20 20
63 6c 61 73 73 4e 61 6d  65 3d 7b 60 63 6d 2d 69
74 65 6d 20 24 7b 6d 6f  64 65 20 3d 3d 3d 20 22
62 75 69 6c 64 22 20 3f  20 22 61 63 74 69 76 65
22 20 3a 20 22 22 7d 60  7d 0a 20 20 20 20 20 20
20 20 20 20 20 20 20 20  20 20 6f 6e 43 6c 69 63
6b 3d 7b 28 29 20 3d 3e  20 7b 6f 6e 4d 6f 64 65
43 68 61 6e 67 65 28 22  62 75 69 6c 64 22 29 3b
20 73 65 74 4d 65 6e 75  28 66 61 6c 73 65 29 3b
7d 7d 0a 20 20 20 20 20  20 20 20 20 20 20 20 20
20 3e 0a 20 20 20 20 20  20 20 20 20 20 20 20 20
20 20 20 3c 69 3e 7b 4d  49 2e 62 75 69 6c 64 7d
3c 2f 69 3e 0a 20 20 20  20 20 20 20 20 20 20 20
20 20 20 20 20 3c 73 70  61 6e 20 63 6c 61 73 73
4e 61 6d 65 3d 22 63 6d  2d 6c 62 6c 22 3e 0a 20
20 20 20 20 20 20 20 20  20 20 20 20 20 20 20 20
20 3c 62 3e 42 75 69 6c  64 3c 2f 62 3e 0a 20 20
20 20 20 20 20 20 20 20  20 20 20 20 20 20 20 20
3c 73 6d 61 6c 6c 3e 43  6f 64 69 6e 67 20 26 20
65 78 65 63 75 74 65 3c  2f 73 6d 61 6c 6c 3e 0a
20 20 20 20 20 20 20 20  20 20 20 20 20 20 20 20
3c 2f 73 70 61 6e 3e 0a  20 20 20 20 20 20 20 20
20 20 20 20 20 20 20 20  7b 6d 6f 64 65 20 3d 3d
3d 20 22 62 75 69 6c 64  22 20 26 26 20 3c 73 70
61 6e 20 63 6c 61 73 73  4e 61 6d 65 3d 22 63 6d
2d 6f 6e 22 3e e2 9c 93  3c 2f 73 70 61 6e 3e 7d
0a 20 20 20 20 20 20 20  20 20 20 20 20 20 20 3c
2f 62 75 74 74 6f 6e 3e  0a 20 20 20 20 20 20 20
20 20 20 20 20 20 20 3c  64 69 76 20 63 6c 61 73
73 4e 61 6d 65 3d 22 63  6d 2d 73 65 70 22 20 2f
3e 0a 20 20 20 20 20 20  20 20 20 20 20 20 20 20
3c 69 6e 70 75 74 0a 20  20 20 20 20 20 20 20 20
20 20 20 20 20 20 20 69  64 3d 22 66 6f 6c 64 65
72 2d 75 70 6c 6f 61 64  2d 69 6e 70 75 74 22 0a
20 20 20 20 20 20 20 20  20 20 20 20 20 20 20 20
74 79 70 65 3d 22 66 69  6c 65 22 0a 20 20 20 20
20 20 20 20 20 20 20 20  20 20 20 20 77 65 62 6b
69 74 64 69 72 65 63 74  6f 72 79 3d 22 22 0a 20
20 20 20 20 20 20 20 20  20 20 20 20 20 20 20 64
69 72 65 63 74 6f 72 79  3d 22 22 0a 20 20 20 20
20 20 20 20 20 20 20 20  20 20 20 20 6d 75 6c 74
69 70 6c 65 0a 20 20 20  20 20 20 20 20 20 20 20
20 20 20 20 20 73 74 79  6c 65 3d 7b 7b 20 64 69
73 70 6c 61 79 3a 20 22  6e 6f 6e 65 22 20 7d 7d
0a 20 20 20 20 20 20 20  20 20 20 20 20 20 20 20
20 6f 6e 43 68 61 6e 67  65 3d 7b 28 65 29 20 3d
3e 20 7b 0a 20 20 20 20  20 20 20 20 20 20 20 20
20 20 20 20 20 20 63 6f  6e 73 74 20 66 69 6c 65
73 20 3d 20 41 72 72 61  79 2e 66 72 6f 6d 28 65
2e 74 61 72 67 65 74 2e  66 69 6c 65 73 20 7c 7c
20 5b 5d 29 3b 0a 20 20  20 20 20 20 20 20 20 20
20 20 20 20 20 20 20 20  69 66 20 28 66 69 6c 65
73 2e 6c 65 6e 67 74 68  29 20 7b 0a 20 20 20 20
20 20 20 20 20 20 20 20  20 20 20 20 20 20 20 20
6f 6e 53 65 6e 64 28 22  5b 55 70 6c 6f 61 64 65
64 20 22 20 2b 20 66 69  6c 65 73 2e 6c 65 6e 67
74 68 20 2b 20 22 20 66  69 6c 65 28 73 29 5d 22
29 3b 0a 20 20 20 20 20  20 20 20 20 20 20 20 20
20 20 20 20 20 7d 0a 20  20 20 20 20 20 20 20 20
20 20 20 20 20 20 20 20  20 65 2e 74 61 72 67 65
74 2e 76 61 6c 75 65 20  3d 20 22 22 3b 0a 20 20
20 20 20 20 20 20 20 20  20 20 20 20 20 20 7d 7d
0a 20 20 20 20 20 20 20  20 20 20 20 20 20 20 2f
3e 0a 20 20 20 20 20 20  20 20 20 20 20 20 3c 2f
64 69 76 3e 0a 20 20 20  20 20 20 20 20 20 20 29
7d 0a 20 20 20 20 20 20  20 20 3c 2f 64 69 76 3e
0a 20 20 20 20 20 20 20  20 3c 74 65 78 74 61 72
65 61 0a 20 20 20 20 20  20 20 20 20 20 72 65 66
3d 7b 72 65 66 7d 0a 20  20 20 20 20 20 20 20 20
20 72 6f 77 73 3d 7b 31  7d 0a 20 20 20 20 20 20
20 20 20 20 76 61 6c 75  65 3d 7b 76 61 6c 7d 0a
20 20 20 20 20 20 20 20  20 20 70 6c 61 63 65 68
6f 6c 64 65 72 3d 22 48  6f 77 20 63 61 6e 20 49
20 68 65 6c 70 20 79 6f  75 20 74 6f 64 61 79 3f
22 0a 20 20 20 20 20 20  20 20 20 20 6f 6e 43 68
61 6e 67 65 3d 7b 28 65  29 20 3d 3e 20 7b 0a 20
20 20 20 20 20 20 20 20  20 20 20 63 6f 6e 73 6f
6c 65 2e 6c 6f 67 28 22  5b 54 65 78 74 61 72 65
61 5d 20 76 61 6c 75 65  20 63 68 61 6e 67 65 64
3a 22 2c 20 65 2e 74 61  72 67 65 74 2e 76 61 6c
75 65 29 3b 0a 20 20 20  20 20 20 20 20 20 20 20
20 73 65 74 56 61 6c 28  65 2e 74 61 72 67 65 74
2e 76 61 6c 75 65 29 3b  0a 20 20 20 20 20 20 20
20 20 20 20 20 67 72 6f  77 28 29 3b 0a 20 20 20
20 20 20 20 20 20 20 7d  7d 0a 20 20 20 20 20 20
20 20 20 20 6f 6e 4b 65  79 44 6f 77 6e 3d 7b 28
65 29 20 3d 3e 20 7b 0a  20 20 20 20 20 20 20 20
20 20 20 20 69 66 20 28  65 2e 6b 65 79 20 3d 3d
3d 20 22 45 6e 74 65 72  22 20 26 26 20 21 65 2e
73 68 69 66 74 4b 65 79  29 20 7b 0a 20 20 20 20
20 20 20 20 20 20 20 20  20 20 65 2e 70 72 65 76
65 6e 74 44 65 66 61 75  6c 74 28 29 3b 0a 20 20
20 20 20 20 20 20 20 20  20 20 20 20 63 6f 6e 73
6f 6c 65 2e 6c 6f 67 28  22 5b 54 65 78 74 61 72
65 61 5d 20 45 6e 74 65  72 20 70 72 65 73 73 65
64 2c 20 63 61 6c 6c 69  6e 67 20 73 75 62 6d 69
74 22 29 3b 0a 20 20 20  20 20 20 20 20 20 20 20
20 20 20 73 75 62 6d 69  74 28 29 3b 0a 20 20 20
20 20 20 20 20 20 20 20  20 7d 0a 20 20 20 20 20
20 20 20 20 20 7d 7d 0a  20 20 20 20 20 20 20 20
20 20 6f 6e 46 6f 63 75  73 3d 7b 28 29 20 3d 3e
20 63 6f 6e 73 6f 6c 65  2e 6c 6f 67 28 22 5b 54
65 78 74 61 72 65 61 5d  20 66 6f 63 75 73 65 64
22 29 7d 0a 20 20 20 20  20 20 20 20 20 20 6f 6e
42 6c 75 72 3d 7b 28 29  20 3d 3e 20 63 6f 6e 73
6f 6c 65 2e 6c 6f 67 28  22 5b 54 65 78 74 61 72
65 61 5d 20 62 6c 75 72  72 65 64 22 29 7d 0a 20
20 20 20 20 20 20 20 2f  3e 0a 20 20 20 20 20 20
20 20 3c 62 75 74 74 6f  6e 0a 20 20 20 20 20 20
20 20 20 20 63 6c 61 73  73 4e 61 6d 65 3d 7b 22
73 65 6e 64 2d 62 74 6e  22 20 2b 20 28 62 75 73
79 20 3f 20 22 20 63 61  6e 63 65 6c 22 20 3a 20
22 22 29 7d 0a 20 20 20  20 20 20 20 20 20 20 6f
6e 43 6c 69 63 6b 3d 7b  62 75 73 79 20 3f 20 6f
6e 43 61 6e 63 65 6c 20  3a 20 73 75 62 6d 69 74
7d 0a 20 20 20 20 20 20  20 20 20 20 64 69 73 61
62 6c 65 64 3d 7b 21 62  75 73 79 20 26 26 20 21
76 61 6c 2e 74 72 69 6d  28 29 7d 0a 20 20 20 20
20 20 20 20 20 20 6f 6e  43 6c 69 63 6b 43 61 70
74 75 72 65 3d 7b 28 65  29 20 3d 3e 20 7b 0a 20
20 20 20 20 20 20 20 20  20 20 20 63 6f 6e 73 6f
6c 65 2e 6c 6f 67 28 0a  20 20 20 20 20 20 20 20
20 20 20 20 20 20 22 5b  53 65 6e 64 20 62 75 74
74 6f 6e 5d 20 63 6c 69  63 6b 65 64 2c 20 62 75
73 79 3a 22 2c 0a 20 20  20 20 20 20 20 20 20 20
20 20 20 20 62 75 73 79  2c 0a 20 20 20 20 20 20
20 20 20 20 20 20 20 20  22 64 69 73 61 62 6c 65
64 3a 22 2c 0a 20 20 20  20 20 20 20 20 20 20 20
20 20 20 21 62 75 73 79  20 26 26 20 21 76 61 6c
2e 74 72 69 6d 28 29 2c  0a 20 20 20 20 20 20 20
20 20 20 20 20 29 3b 0a  20 20 20 20 20 20 20 20
20 20 7d 7d 0a 20 20 20  20 20 20 20 20 3e 0a 20
20 20 20 20 20 20 20 20  20 7b 62 75 73 79 20 3f
20 28 0a 20 20 20 20 20  20 20 20 20 20 20 20 22
43 61 6e 63 65 6c 22 0a  20 20 20 20 20 20 20 20
20 20 29 20 3a 20 28 0a  20 20 20 20 20 20 20 20
20 20 20 20 3c 3e 0a 20  20 20 20 20 20 20 20 20
20 20 20 20 20 53 65 6e  64 20 3c 49 63 6f 6e 2e
73 65 6e 64 20 2f 3e 0a  20 20 20 20 20 20 20 20
20 20 20 20 3c 2f 3e 0a  20 20 20 20 20 20 20 20
20 20 29 7d 0a 20 20 20  20 20 20 20 20 3c 2f 62
75 74 74 6f 6e 3e 0a 20  20 20 20 20 20 3c 2f 64
69 76 3e 0a 20 20 20 20  20 20 3c 64 69 76 20 63
6c 61 73 73 4e 61 6d 65  3d 22 63 6f 6d 70 6f 73
65 72 2d 68 69 6e 74 22  3e 0a 20 20 20 20 20 20
20 20 7b 73 6f 6f 6e 20  3f 20 3c 62 20 73 74 79
6c 65 3d 7b 7b 20 63 6f  6c 6f 72 3a 20 22 76 61
72 28 2d 2d 62 72 61 6e  64 29 22 20 7d 7d 3e 7b
73 6f 6f 6e 7d 3c 2f 62  3e 20 3a 20 6e 75 6c 6c
7d 0a 20 20 20 20 20 20  3c 2f 64 69 76 3e 0a 20
20 20 20 3c 2f 64 69 76  3e 0a 20 20 29 3b 0a 7d
0a 0a 2f 2a 20 2d 2d 2d  2d 2d 2d 2d 2d 2d 2d 2d
2d 2d 2d 2d 2d 2d 2d 2d  2d 2d 2d 2d 2d 2d 2d 2d
2d 2d 20 56 69 73 75 61  6c 20 50 69 63 6b 65 72
20 2d 2d 2d 2d 2d 2d 2d  2d 2d 2d 2d 2d 2d 2d 2d
2d 2d 2d 2d 2d 2d 2d 2d  2d 2d 2d 2d 2d 2d 20 2a
2f 0a 2f 2f 20 4d 6f 64  75 6c 65 2d 6c 65 76 65
6c 20 67 75 61 72 64 3a  20 6f 6e 6c 79 20 4f 4e
45 20 70 69 63 6b 65 72  20 63 61 6e 20 65 76 65
72 20 62 65 20 61 63 74  69 76 65 2c 20 73 6f 20
72 65 2d 63 6c 69 63 6b  69 6e 67 20 74 68 65 0a
2f 2f 20 73 69 64 65 62  61 72 20 69 74 65 6d 20
74 6f 67 67 6c 65 73 20  69 74 20 6f 66 66 20 69
6e 73 74 65 61 64 20 6f  66 20 73 74 61 63 6b 69
6e 67 20 63 61 70 74 75  72 65 2d 6c 69 73 74 65
6e 65 72 73 20 74 68 61  74 20 77 6f 75 6c 64 0a
2f 2f 20 6b 65 65 70 20  73 77 61 6c 6c 6f 77 69
6e 67 20 63 6c 69 63 6b  73 20 28 74 68 65 20 22
63 68 61 74 20 6a 61 64  69 20 74 61 6b 20 62 69
73 61 20 64 69 6b 6c 69  6b 22 20 62 75 67 29 2e
0a 6c 65 74 20 56 50 5f  53 54 4f 50 20 3d 20 6e
75 6c 6c 3b 0a 66 75 6e  63 74 69 6f 6e 20 75 73
65 56 69 73 75 61 6c 50  69 63 6b 65 72 28 29 20
7b 0a 20 20 72 65 74 75  72 6e 20 75 73 65 43 61
6c 6c 62 61 63 6b 28 28  29 20 3d 3e 20 7b 0a 20
20 20 20 69 66 20 28 56  50 5f 53 54 4f 50 29 20
7b 0a 20 20 20 20 20 20  56 50 5f 53 54 4f 50 28
29 3b 0a 20 20 20 20 20  20 72 65 74 75 72 6e 3b
0a 20 20 20 20 7d 20 2f  2f 20 61 6c 72 65 61 64
79 20 61 63 74 69 76 65  20 e2 86 92 20 74 6f 67
67 6c 65 20 6f 66 66 0a  20 20 20 20 6c 65 74 20
68 6f 76 65 72 20 3d 20  6e 75 6c 6c 3b 0a 20 20
20 20 63 6f 6e 73 74 20  63 6c 65 61 6e 48 6f 76
65 72 73 20 3d 20 28 29  20 3d 3e 0a 20 20 20 20
20 20 64 6f 63 75 6d 65  6e 74 0a 20 20 20 20 20
20 20 20 2e 71 75 65 72  79 53 65 6c 65 63 74 6f
72 41 6c 6c 28 22 2e 76  70 2d 68 6f 76 65 72 22
29 0a 20 20 20 20 20 20  20 20 2e 66 6f 72 45 61
63 68 28 28 65 6c 29 20  3d 3e 20 65 6c 2e 63 6c
61 73 73 4c 69 73 74 2e  72 65 6d 6f 76 65 28 22
76 70 2d 68 6f 76 65 72  22 29 29 3b 0a 20 20 20
20 63 6f 6e 73 74 20 6d  6f 76 65 20 3d 20 28 65
29 20 3d 3e 20 7b 0a 20  20 20 20 20 20 63 6f 6e
73 74 20 65 6c 20 3d 20  65 2e 74 61 72 67 65 74
3b 0a 20 20 20 20 20 20  69 66 20 28 68 6f 76 65
72 20 26 26 20 68 6f 76  65 72 20 21 3d 3d 20 65
6c 29 20 68 6f 76 65 72  2e 63 6c 61 73 73 4c 69
73 74 2e 72 65 6d 6f 76  65 28 22 76 70 2d 68 6f
76 65 72 22 29 3b 0a 20  20 20 20 20 20 68 6f 76
65 72 20 3d 20 65 6c 3b  0a 20 20 20 20 20 20 65
6c 2e 63 6c 61 73 73 4c  69 73 74 2e 61 64 64 28
22 76 70 2d 68 6f 76 65  72 22 29 3b 0a 20 20 20
20 7d 3b 0a 20 20 20 20  2f 2f 20 72 65 61 6c 20
63 6c 61 73 73 65 73 20  6f 6e 6c 79 20 28 64 72
6f 70 20 74 68 65 20 70  69 63 6b 65 72 27 73 20
6f 77 6e 20 76 70 2d 2a  20 72 75 6e 74 69 6d 65
20 63 6c 61 73 73 65 73  29 0a 20 20 20 20 63 6f
6e 73 74 20 72 65 61 6c  43 6c 73 20 3d 20 28 65
6c 29 20 3d 3e 0a 20 20  20 20 20 20 74 79 70 65
6f 66 20 65 6c 2e 63 6c  61 73 73 4e 61 6d 65 20
3d 3d 3d 20 22 73 74 72  69 6e 67 22 0a 20 20 20
20 20 20 20 20 3f 20 65  6c 2e 63 6c 61 73 73 4e
61 6d 65 0a 20 20 20 20  20 20 20 20 20 20 20 20
2e 74 72 69 6d 28 29 0a  20 20 20 20 20 20 20 20
20 20 20 20 2e 73 70 6c  69 74 28 2f 5c 73 2b 2f
29 0a 20 20 20 20 20 20  20 20 20 20 20 20 2e 66
69 6c 74 65 72 28 28 63  29 20 3d 3e 20 63 20 26
26 20 21 2f 5e 76 70 2d  2f 2e 74 65 73 74 28 63
29 29 0a 20 20 20 20 20  20 20 20 3a 20 5b 5d 3b
0a 20 20 20 20 63 6f 6e  73 74 20 73 65 67 20 3d
20 28 65 6c 29 20 3d 3e  20 7b 0a 20 20 20 20 20
20 69 66 20 28 65 6c 2e  69 64 29 20 72 65 74 75
72 6e 20 22 23 22 20 2b  20 65 6c 2e 69 64 3b 0a
20 20 20 20 20 20 6c 65  74 20 73 20 3d 20 65 6c
2e 74 61 67 4e 61 6d 65  2e 74 6f 4c 6f 77 65 72
43 61 73 65 28 29 3b 0a  20 20 20 20 20 20 63 6f
6e 73 74 20 63 6c 73 20  3d 20 72 65 61 6c 43 6c
73 28 65 6c 29 3b 0a 20  20 20 20 20 20 69 66 20
28 63 6c 73 2e 6c 65 6e  67 74 68 29 20 73 20 2b
3d 20 22 2e 22 20 2b 20  63 6c 73 2e 6a 6f 69 6e
28 22 2e 22 29 3b 0a 20  20 20 20 20 20 63 6f 6e
73 74 20 70 20 3d 20 65  6c 2e 70 61 72 65 6e 74
45 6c 65 6d 65 6e 74 3b  20 2f 2f 20 64 69 73 61
6d 62 69 67 75 61 74 65  20 73 61 6d 65 2d 74 61
67 20 73 69 62 6c 69 6e  67 73 0a 20 20 20 20 20
20 69 66 20 28 70 29 20  7b 0a 20 20 20 20 20 20
20 20 63 6f 6e 73 74 20  73 61 6d 65 20 3d 20 41
72 72 61 79 2e 66 72 6f  6d 28 70 2e 63 68 69 6c
64 72 65 6e 29 2e 66 69  6c 74 65 72 28 0a 20 20
20 20 20 20 20 20 20 20  28 63 29 20 3d 3e 20 63
2e 74 61 67 4e 61 6d 65  20 3d 3d 3d 20 65 6c 2e
74 61 67 4e 61 6d 65 2c  0a 20 20 20 20 20 20 20
20 29 3b 0a 20 20 20 20  20 20 20 20 69 66 20 28
73 61 6d 65 2e 6c 65 6e  67 74 68 20 3e 20 31 29
0a 20 20 20 20 20 20 20  20 20 20 73 20 2b 3d 20
22 3a 6e 74 68 2d 6f 66  2d 74 79 70 65 28 22 20
2b 20 28 73 61 6d 65 2e  69 6e 64 65 78 4f 66 28
65 6c 29 20 2b 20 31 29  20 2b 20 22 29 22 3b 0a
20 20 20 20 20 20 7d 0a  20 20 20 20 20 20 72 65
74 75 72 6e 20 73 3b 0a  20 20 20 20 7d 3b 0a 20
20 20 20 2f 2f 20 42 75  69 6c 64 20 61 20 73 65
6c 65 63 74 6f 72 20 74  68 61 74 20 61 63 74 75
61 6c 6c 79 20 69 64 65  6e 74 69 66 69 65 73 20
74 68 65 20 65 6c 65 6d  65 6e 74 3a 20 69 66 20
69 74 20 68 61 73 20 6e  6f 20 69 64 2f 63 6c 61
73 73 2c 0a 20 20 20 20  2f 2f 20 77 61 6c 6b 20
75 70 20 74 6f 20 74 68  65 20 6e 65 61 72 65 73
74 20 63 6c 61 73 73 65  64 2f 69 64 65 64 20 61
6e 63 65 73 74 6f 72 20  73 6f 20 22 70 22 20 62
65 63 6f 6d 65 73 20 22  2e 63 6f 6d 70 6f 73 65
72 2d 68 69 6e 74 20 3e  20 70 22 2e 0a 20 20 20
20 63 6f 6e 73 74 20 73  65 6c 20 3d 20 28 65 6c
29 20 3d 3e 20 7b 0a 20  20 20 20 20 20 63 6f 6e
73 74 20 70 61 72 74 73  20 3d 20 5b 5d 3b 0a 20
20 20 20 20 20 6c 65 74  20 63 75 72 20 3d 20 65
6c 2c 0a 20 20 20 20 20  20 20 20 64 65 70 74 68
20 3d 20 30 3b 0a 20 20  20 20 20 20 77 68 69 6c
65 20 28 63 75 72 20 26  26 20 63 75 72 2e 6e 6f
64 65 54 79 70 65 20 3d  3d 3d 20 31 20 26 26 20
64 65 70 74 68 20 3c 20  36 29 20 7b 0a 20 20 20
20 20 20 20 20 70 61 72  74 73 2e 75 6e 73 68 69
66 74 28 73 65 67 28 63  75 72 29 29 3b 0a 20 20
20 20 20 20 20 20 69 66  20 28 63 75 72 2e 69 64
20 7c 7c 20 72 65 61 6c  43 6c 73 28 63 75 72 29
2e 6c 65 6e 67 74 68 29  20 62 72 65 61 6b 3b 20
2f 2f 20 61 6e 63 68 6f  72 65 64 20 e2 86 92 20
65 6e 6f 75 67 68 20 74  6f 20 62 65 20 75 6e 69
71 75 65 0a 20 20 20 20  20 20 20 20 63 75 72 20
3d 20 63 75 72 2e 70 61  72 65 6e 74 45 6c 65 6d
65 6e 74 3b 0a 20 20 20  20 20 20 20 20 64 65 70
74 68 2b 2b 3b 0a 20 20  20 20 20 20 7d 0a 20 20
20 20 20 20 72 65 74 75  72 6e 20 70 61 72 74 73
2e 6a 6f 69 6e 28 22 20  3e 20 22 29 3b 0a 20 20
20 20 7d 3b 0a 20 20 20  20 63 6f 6e 73 74 20 63
6c 69 63 6b 20 3d 20 28  65 29 20 3d 3e 20 7b 0a
20 20 20 20 20 20 65 2e  70 72 65 76 65 6e 74 44
65 66 61 75 6c 74 28 29  3b 0a 20 20 20 20 20 20
65 2e 73 74 6f 70 50 72  6f 70 61 67 61 74 69 6f
6e 28 29 3b 0a 20 20 20  20 20 20 63 6f 6e 73 74
20 65 6c 20 3d 20 65 2e  74 61 72 67 65 74 2c 0a
20 20 20 20 20 20 20 20  73 65 6c 65 63 74 6f 72
20 3d 20 73 65 6c 28 65  6c 29 3b 0a 20 20 20 20
20 20 2f 2f 20 43 61 70  74 75 72 65 20 74 68 65
20 45 53 53 45 4e 43 45  20 73 6f 20 74 68 65 20
61 67 65 6e 74 20 6b 6e  6f 77 73 20 77 68 61 74
20 77 61 73 20 70 69 63  6b 65 64 20 77 69 74 68
6f 75 74 20 73 65 61 72  63 68 69 6e 67 20 62 6c
69 6e 64 3a 0a 20 20 20  20 20 20 2f 2f 20 74 68
65 20 65 6c 65 6d 65 6e  74 27 73 20 76 69 73 69
62 6c 65 20 74 65 78 74  20 28 6f 72 20 6c 61 62
65 6c 2f 70 6c 61 63 65  68 6f 6c 64 65 72 29 2c
20 6e 6f 74 20 6a 75 73  74 20 61 6e 20 61 62 73
74 72 61 63 74 20 73 65  6c 65 63 74 6f 72 2e 0a
20 20 20 20 20 20 63 6f  6e 73 74 20 74 65 78 74
20 3d 20 28 65 6c 2e 74  65 78 74 43 6f 6e 74 65
6e 74 20 7c 7c 20 22 22  29 0a 20 20 20 20 20 20
20 20 2e 72 65 70 6c 61  63 65 28 2f 5c 73 2b 2f
67 2c 20 22 20 22 29 0a  20 20 20 20 20 20 20 20
2e 74 72 69 6d 28 29 0a  20 20 20 20 20 20 20 20
2e 73 6c 69 63 65 28 30  2c 20 31 32 30 29 3b 0a
20 20 20 20 20 20 63 6f  6e 73 74 20 6c 61 62 65
6c 20 3d 20 65 6c 2e 67  65 74 41 74 74 72 69 62
75 74 65 0a 20 20 20 20  20 20 20 20 3f 20 65 6c
2e 67 65 74 41 74 74 72  69 62 75 74 65 28 22 61
72 69 61 2d 6c 61 62 65  6c 22 29 20 7c 7c 0a 20
20 20 20 20 20 20 20 20  20 65 6c 2e 67 65 74 41
74 74 72 69 62 75 74 65  28 22 70 6c 61 63 65 68
6f 6c 64 65 72 22 29 20  7c 7c 0a 20 20 20 20 20
20 20 20 20 20 65 6c 2e  67 65 74 41 74 74 72 69
62 75 74 65 28 22 74 69  74 6c 65 22 29 20 7c 7c
0a 20 20 20 20 20 20 20  20 20 20 22 22 0a 20 20
20 20 20 20 20 20 3a 20  22 22 3b 0a 20 20 20 20
20 20 6c 65 74 20 64 20  3d 20 73 65 6c 65 63 74
6f 72 3b 0a 20 20 20 20  20 20 69 66 20 28 74 65
78 74 29 20 64 20 2b 3d  20 27 20 e2 80 94 20 74
65 6b 73 3a 20 22 27 20  2b 20 74 65 78 74 20 2b
20 27 22 27 3b 0a 20 20  20 20 20 20 65 6c 73 65
20 69 66 20 28 6c 61 62  65 6c 29 20 64 20 2b 3d
20 27 20 e2 80 94 20 6c  61 62 65 6c 3a 20 22 27
20 2b 20 6c 61 62 65 6c  2e 74 72 69 6d 28 29 2e
73 6c 69 63 65 28 30 2c  20 38 30 29 20 2b 20 27
22 27 3b 0a 20 20 20 20  20 20 74 72 79 20 7b 0a
20 20 20 20 20 20 20 20  6e 61 76 69 67 61 74 6f
72 2e 63 6c 69 70 62 6f  61 72 64 20 26 26 20 6e
61 76 69 67 61 74 6f 72  2e 63 6c 69 70 62 6f 61
72 64 2e 77 72 69 74 65  54 65 78 74 28 64 29 3b
0a 20 20 20 20 20 20 7d  20 63 61 74 63 68 20 28
5f 29 20 7b 7d 0a 20 20  20 20 20 20 73 74 6f 70
28 29 3b 0a 20 20 20 20  20 20 73 65 74 54 69 6d
65 6f 75 74 28 28 29 20  3d 3e 20 61 6c 65 72 74
28 22 54 65 72 73 61 6c  69 6e 3a 20 22 20 2b 20
64 29 2c 20 30 29 3b 0a  20 20 20 20 7d 3b 0a 20
20 20 20 63 6f 6e 73 74  20 6b 65 79 20 3d 20 28
65 29 20 3d 3e 20 7b 0a  20 20 20 20 20 20 69 66
20 28 65 2e 6b 65 79 20  3d 3d 3d 20 22 45 73 63
61 70 65 22 29 20 7b 0a  20 20 20 20 20 20 20 20
65 2e 70 72 65 76 65 6e  74 44 65 66 61 75 6c 74
28 29 3b 0a 20 20 20 20  20 20 20 20 73 74 6f 70
28 29 3b 0a 20 20 20 20  20 20 7d 0a 20 20 20 20
7d 3b 0a 20 20 20 20 66  75 6e 63 74 69 6f 6e 20
73 74 6f 70 28 29 20 7b  0a 20 20 20 20 20 20 56
50 5f 53 54 4f 50 20 3d  20 6e 75 6c 6c 3b 0a 20
20 20 20 20 20 64 6f 63  75 6d 65 6e 74 2e 62 6f
64 79 2e 63 6c 61 73 73  4c 69 73 74 2e 72 65 6d
6f 76 65 28 22 76 70 2d  6f 6e 22 29 3b 0a 20 20
20 20 20 20 63 6c 65 61  6e 48 6f 76 65 72 73 28
29 3b 0a 20 20 20 20 20  20 64 6f 63 75 6d 65 6e
74 2e 72 65 6d 6f 76 65  45 76 65 6e 74 4c 69 73
74 65 6e 65 72 28 22 6d  6f 75 73 65 6f 76 65 72
22 2c 20 6d 6f 76 65 2c  20 74 72 75 65 29 3b 0a
20 20 20 20 20 20 64 6f  63 75 6d 65 6e 74 2e 72
65 6d 6f 76 65 45 76 65  6e 74 4c 69 73 74 65 6e
65 72 28 22 63 6c 69 63  6b 22 2c 20 63 6c 69 63
6b 2c 20 74 72 75 65 29  3b 0a 20 20 20 20 20 20
64 6f 63 75 6d 65 6e 74  2e 72 65 6d 6f 76 65 45
76 65 6e 74 4c 69 73 74  65 6e 65 72 28 22 6b 65
79 64 6f 77 6e 22 2c 20  6b 65 79 2c 20 74 72 75
65 29 3b 0a 20 20 20 20  7d 0a 20 20 20 20 56 50
5f 53 54 4f 50 20 3d 20  73 74 6f 70 3b 0a 20 20
20 20 64 6f 63 75 6d 65  6e 74 2e 62 6f 64 79 2e
63 6c 61 73 73 4c 69 73  74 2e 61 64 64 28 22 76
70 2d 6f 6e 22 29 3b 0a  20 20 20 20 64 6f 63 75
6d 65 6e 74 2e 61 64 64  45 76 65 6e 74 4c 69 73
74 65 6e 65 72 28 22 6d  6f 75 73 65 6f 76 65 72
22 2c 20 6d 6f 76 65 2c  20 74 72 75 65 29 3b 0a
20 20 20 20 64 6f 63 75  6d 65 6e 74 2e 61 64 64
45 76 65 6e 74 4c 69 73  74 65 6e 65 72 28 22 63
6c 69 63 6b 22 2c 20 63  6c 69 63 6b 2c 20 74 72
75 65 29 3b 0a 20 20 20  20 64 6f 63 75 6d 65 6e
74 2e 61 64 64 45 76 65  6e 74 4c 69 73 74 65 6e
65 72 28 22 6b 65 79 64  6f 77 6e 22 2c 20 6b 65
79 2c 20 74 72 75 65 29  3b 0a 20 20 7d 2c 20 5b
5d 29 3b 0a 7d 0a 0a 2f  2a 20 2d 2d 2d 2d 2d 2d
2d 2d 2d 2d 2d 2d 2d 2d  2d 2d 2d 2d 2d 2d 2d 2d
2d 2d 2d 2d 2d 2d 2d 20  4d 6f 64 65 6c 20 48 75
62 20 76 69 65 77 20 28  72 65 61 6c 20 48 46 29
20 2d 2d 2d 2d 2d 2d 2d  2d 2d 2d 2d 2d 2d 2d 2d
2d 2d 2d 2d 2d 2d 2d 2d  2d 2d 2d 2d 2d 2d 20 2a
2f 0a 63 6f 6e 73 74 20  48 55 42 5f 43 41 54 53
20 3d 20 5b 0a 20 20 7b  20 6b 65 79 3a 20 22 61
6c 6c 22 2c 20 6c 61 62  65 6c 3a 20 22 53 65 6d
75 61 22 2c 20 71 3a 20  22 67 67 75 66 22 20 7d
2c 0a 20 20 7b 20 6b 65  79 3a 20 22 63 6f 64 65
22 2c 20 6c 61 62 65 6c  3a 20 22 43 6f 64 65 22
2c 20 71 3a 20 22 63 6f  64 65 72 20 67 67 75 66
22 20 7d 2c 0a 20 20 7b  20 6b 65 79 3a 20 22 63
68 61 74 22 2c 20 6c 61  62 65 6c 3a 20 22 43 68
61 74 22 2c 20 71 3a 20  22 69 6e 73 74 72 75 63
74 20 67 67 75 66 22 20  7d 2c 0a 20 20 7b 20 6b
65 79 3a 20 22 73 6d 61  6c 6c 22 2c 20 6c 61 62
65 6c 3a 20 22 4b 65 63  69 6c 22 2c 20 71 3a 20
22 31 62 20 67 67 75 66  22 20 7d 2c 0a 20 20 7b
20 6b 65 79 3a 20 22 71  77 65 6e 22 2c 20 6c 61
62 65 6c 3a 20 22 51 77  65 6e 22 2c 20 71 3a 20
22 71 77 65 6e 20 67 67  75 66 22 20 7d 2c 0a 20
20 7b 20 6b 65 79 3a 20  22 6c 6c 61 6d 61 22 2c
20 6c 61 62 65 6c 3a 20  22 4c 6c 61 6d 61 22 2c
20 71 3a 20 22 6c 6c 61  6d 61 20 67 67 75 66 22
20 7d 2c 0a 5d 3b 0a 66  75 6e 63 74 69 6f 6e 20
69 63 6f 6e 43 6f 6c 6f  72 46 6f 72 28 73 29 20
7b 0a 20 20 63 6f 6e 73  74 20 63 20 3d 20 5b 22
62 6c 75 65 22 2c 20 22  70 75 72 70 6c 65 22 2c
20 22 67 72 65 65 6e 22  2c 20 22 6f 72 61 6e 67
65 22 2c 20 22 72 65 64  22 5d 3b 0a 20 20 6c 65
74 20 68 20 3d 20 30 3b  0a 20 20 66 6f 72 20 28
63 6f 6e 73 74 20 63 68  20 6f 66 20 73 29 20 68
20 3d 20 28 68 20 2a 20  33 31 20 2b 20 63 68 2e
63 68 61 72 43 6f 64 65  41 74 28 30 29 29 20 3e
3e 3e 20 30 3b 0a 20 20  72 65 74 75 72 6e 20 63
5b 68 20 25 20 63 2e 6c  65 6e 67 74 68 5d 3b 0a
7d 0a 66 75 6e 63 74 69  6f 6e 20 66 6d 74 4e 28
6e 29 20 7b 0a 20 20 72  65 74 75 72 6e 20 6e 20
3e 3d 20 31 65 36 0a 20  20 20 20 3f 20 28 6e 20
2f 20 31 65 36 29 2e 74  6f 46 69 78 65 64 28 31
29 20 2b 20 22 4d 22 0a  20 20 20 20 3a 20 6e 20
3e 3d 20 31 65 33 0a 20  20 20 20 20 20 3f 20 28
6e 20 2f 20 31 65 33 29  2e 74 6f 46 69 78 65 64
28 31 29 20 2b 20 22 6b  22 0a 20 20 20 20 20 20
3a 20 22 22 20 2b 20 6e  3b 0a 7d 0a 66 75 6e 63
74 69 6f 6e 20 66 6d 74  44 61 74 65 28 69 73 6f
29 20 7b 0a 20 20 69 66  20 28 21 69 73 6f 29 20
72 65 74 75 72 6e 20 22  22 3b 0a 20 20 74 72 79
20 7b 0a 20 20 20 20 72  65 74 75 72 6e 20 6e 65
77 20 44 61 74 65 28 69  73 6f 29 2e 74 6f 4c 6f
63 61 6c 65 44 61 74 65  53 74 72 69 6e 67 28 22
69 64 2d 49 44 22 2c 20  7b 0a 20 20 20 20 20 20
79 65 61 72 3a 20 22 6e  75 6d 65 72 69 63 22 2c
0a 20 20 20 20 20 20 6d  6f 6e 74 68 3a 20 22 73
68 6f 72 74 22 2c 0a 20  20 20 20 7d 29 3b 0a 20
20 7d 20 63 61 74 63 68  20 28 65 29 20 7b 0a 20
20 20 20 72 65 74 75 72  6e 20 22 22 3b 0a 20 20
7d 0a 7d 0a 2f 2f 20 4d  61 70 20 61 6e 20 4f 6c
6c 61 6d 61 20 6d 6f 64  65 6c 20 6e 61 6d 65 20
e2 86 92 20 69 74 73 20  6d 61 6b 65 72 20 62 72
61 6e 64 20 28 72 65 61  6c 20 6c 6f 67 6f 20 2b
20 62 72 61 6e 64 20 63  6f 6c 6f 72 20 2b 20 6d
6f 6e 6f 67 72 61 6d 29  2e 0a 2f 2f 20 52 65 61
6c 20 53 56 47 73 20 6c  69 76 65 20 69 6e 20 2f
76 65 6e 64 6f 72 2f 6c  6c 6d 2f 3c 62 72 61 6e
64 3e 2e 73 76 67 3b 20  69 66 20 61 62 73 65 6e
74 2c 20 74 68 65 20 63  6f 6c 6f 72 65 64 20 6d
6f 6e 6f 67 72 61 6d 20  73 68 6f 77 73 2e 0a 63
6f 6e 73 74 20 4c 4c 4d  5f 42 52 41 4e 44 53 20
3d 20 7b 0a 20 20 6d 65  74 61 3a 20 7b 0a 20 20
20 20 63 3a 20 22 23 30  38 36 36 46 46 22 2c 0a
20 20 20 20 73 3a 20 22  e2 88 9e 22 2c 0a 20 20
20 20 72 65 3a 20 2f 5e  28 6c 6c 61 6d 61 7c 63
6f 64 65 6c 6c 61 6d 61  7c 6c 6c 61 6d 61 2d 67
75 61 72 64 7c 74 69 6e  79 6c 6c 61 6d 61 7c 6d
65 74 61 29 2f 2c 0a 20  20 7d 2c 0a 20 20 71 77
65 6e 3a 20 7b 20 63 3a  20 22 23 36 45 35 36 43
46 22 2c 20 73 3a 20 22  51 22 2c 20 72 65 3a 20
2f 5e 28 71 77 65 6e 7c  71 77 71 29 2f 20 7d 2c
0a 20 20 64 65 65 70 73  65 65 6b 3a 20 7b 20 63
3a 20 22 23 34 44 36 42  46 45 22 2c 20 73 3a 20
22 44 22 2c 20 72 65 3a  20 2f 5e 64 65 65 70 73
65 65 6b 2f 20 7d 2c 0a  20 20 67 6f 6f 67 6c 65
3a 20 7b 20 63 3a 20 22  23 34 32 38 35 46 34 22
2c 20 73 3a 20 22 47 22  2c 20 72 65 3a 20 2f 5e
28 67 65 6d 6d 61 7c 63  6f 64 65 67 65 6d 6d 61
7c 70 61 6c 69 67 65 6d  6d 61 29 2f 20 7d 2c 0a
20 20 6d 69 73 74 72 61  6c 3a 20 7b 0a 20 20 20
20 63 3a 20 22 23 46 46  37 30 30 30 22 2c 0a 20
20 20 20 73 3a 20 22 4d  22 2c 0a 20 20 20 20 72
65 3a 20 2f 5e 28 6d 69  73 74 72 61 6c 7c 6d 69
78 74 72 61 6c 7c 63 6f  64 65 73 74 72 61 6c 7c
6d 61 74 68 73 74 72 61  6c 7c 6d 69 6e 69 73 74
72 61 6c 7c 6d 61 67 69  73 74 72 61 6c 7c 64 65
76 73 74 72 61 6c 29 2f  2c 0a 20 20 7d 2c 0a 20
20 6d 69 63 72 6f 73 6f  66 74 3a 20 7b 20 63 3a
20 22 23 30 30 41 34 45  46 22 2c 20 73 3a 20 22
cf 86 22 2c 20 72 65 3a  20 2f 5e 70 68 69 2f 20
7d 2c 0a 20 20 6f 70 65  6e 61 69 3a 20 7b 20 63
3a 20 22 23 31 30 41 33  37 46 22 2c 20 73 3a 20
22 4f 22 2c 20 72 65 3a  20 2f 5e 67 70 74 2d 6f
73 73 2f 20 7d 2c 0a 20  20 69 62 6d 3a 20 7b 20
63 3a 20 22 23 30 46 36  32 46 45 22 2c 20 73 3a
20 22 c9 a2 22 2c 20 72  65 3a 20 2f 5e 67 72 61
6e 69 74 65 2f 20 7d 2c  0a 20 20 63 6f 68 65 72
65 3a 20 7b 20 63 3a 20  22 23 33 39 35 39 34 44
22 2c 20 73 3a 20 22 43  22 2c 20 72 65 3a 20 2f
5e 63 6f 6d 6d 61 6e 64  2f 20 7d 2c 0a 20 20 68
75 67 67 69 6e 67 66 61  63 65 3a 20 7b 20 63 3a
20 22 23 46 46 42 30 30  30 22 2c 20 73 3a 20 22
f0 9f a4 97 22 2c 20 72  65 3a 20 2f 5e 28 73 6d
6f 6c 6c 6d 7c 73 6d 6f  6c 29 2f 20 7d 2c 0a 20
20 66 61 6c 63 6f 6e 3a  20 7b 20 63 3a 20 22 23
31 39 37 33 45 38 22 2c  20 73 3a 20 22 46 22 2c
20 72 65 3a 20 2f 5e 66  61 6c 63 6f 6e 2f 20 7d
2c 0a 20 20 76 69 73 69  6f 6e 3a 20 7b 0a 20 20
20 20 63 3a 20 22 23 31  34 42 38 41 36 22 2c 0a
20 20 20 20 73 3a 20 22  e2 97 89 22 2c 0a 20 20
20 20 72 65 3a 20 2f 5e  28 6c 6c 61 76 61 7c 62
61 6b 6c 6c 61 76 61 7c  6d 6f 6f 6e 64 72 65 61
6d 7c 6d 69 6e 69 63 70  6d 7c 6c 6c 61 6d 61 33
2e 32 2d 76 69 73 69 6f  6e 7c 6c 6c 61 6d 61 2d
76 69 73 69 6f 6e 29 2f  2c 0a 20 20 7d 2c 0a 20
20 65 6d 62 65 64 3a 20  7b 0a 20 20 20 20 63 3a
20 22 23 36 34 37 34 38  42 22 2c 0a 20 20 20 20
73 3a 20 22 e2 89 88 22  2c 0a 20 20 20 20 72 65
3a 20 2f 5e 28 6e 6f 6d  69 63 7c 6d 78 62 61 69
7c 73 6e 6f 77 66 6c 61  6b 65 7c 61 6c 6c 2d 6d
69 6e 69 6c 6d 7c 62 67  65 7c 70 61 72 61 70 68
72 61 73 65 29 2f 2c 0a  20 20 7d 2c 0a 20 20 63
6f 64 65 3a 20 7b 0a 20  20 20 20 63 3a 20 22 23
32 32 43 35 35 45 22 2c  0a 20 20 20 20 73 3a 20
22 3c 2f 3e 22 2c 0a 20  20 20 20 72 65 3a 20 2f
5e 28 73 74 61 72 63 6f  64 65 72 7c 73 74 61 62
6c 65 2d 63 6f 64 65 7c  63 6f 64 65 67 65 65 78
7c 73 71 6c 63 6f 64 65  72 7c 77 69 7a 61 72 64
63 6f 64 65 72 29 2f 2c  0a 20 20 7d 2c 0a 7d 3b
0a 66 75 6e 63 74 69 6f  6e 20 6f 6c 6c 61 6d 61
42 72 61 6e 64 28 6e 61  6d 65 29 20 7b 0a 20 20
63 6f 6e 73 74 20 6e 20  3d 20 28 6e 61 6d 65 20
7c 7c 20 22 22 29 2e 74  6f 4c 6f 77 65 72 43 61
73 65 28 29 3b 0a 20 20  66 6f 72 20 28 63 6f 6e
73 74 20 5b 6b 2c 20 76  5d 20 6f 66 20 4f 62 6a
65 63 74 2e 65 6e 74 72  69 65 73 28 4c 4c 4d 5f
42 52 41 4e 44 53 29 29  0a 20 20 20 20 69 66 20
28 76 2e 72 65 2e 74 65  73 74 28 6e 29 29 20 72
65 74 75 72 6e 20 7b 20  6b 65 79 3a 20 6b 2c 20
2e 2e 2e 76 20 7d 3b 0a  20 20 72 65 74 75 72 6e
20 7b 20 6b 65 79 3a 20  22 67 65 6e 65 72 69 63
22 2c 20 63 3a 20 22 23  37 63 38 61 61 30 22 2c
20 73 3a 20 28 6e 5b 30  5d 20 7c 7c 20 22 3f 22
29 2e 74 6f 55 70 70 65  72 43 61 73 65 28 29 20
7d 3b 0a 7d 0a 66 75 6e  63 74 69 6f 6e 20 4c 4c
4d 4c 6f 67 6f 28 7b 20  6e 61 6d 65 20 7d 29 20
7b 0a 20 20 63 6f 6e 73  74 20 62 20 3d 20 6f 6c
6c 61 6d 61 42 72 61 6e  64 28 6e 61 6d 65 29 3b
0a 20 20 72 65 74 75 72  6e 20 28 0a 20 20 20 20
3c 3e 0a 20 20 20 20 20  20 3c 69 6d 67 0a 20 20
20 20 20 20 20 20 63 6c  61 73 73 4e 61 6d 65 3d
22 6d 2d 63 61 72 64 2d  6c 6f 67 6f 22 0a 20 20
20 20 20 20 20 20 73 72  63 3d 7b 22 2f 76 65 6e
64 6f 72 2f 6c 6c 6d 2f  22 20 2b 20 62 2e 6b 65
79 20 2b 20 22 2e 73 76  67 22 7d 0a 20 20 20 20
20 20 20 20 61 6c 74 3d  7b 62 2e 6b 65 79 7d 0a
20 20 20 20 20 20 20 20  6c 6f 61 64 69 6e 67 3d
22 6c 61 7a 79 22 0a 20  20 20 20 20 20 20 20 6f
6e 45 72 72 6f 72 3d 7b  28 65 29 20 3d 3e 20 7b
0a 20 20 20 20 20 20 20  20 20 20 65 2e 74 61 72
67 65 74 2e 73 74 79 6c  65 2e 64 69 73 70 6c 61
79 20 3d 20 22 6e 6f 6e  65 22 3b 0a 20 20 20 20
20 20 20 20 20 20 65 2e  74 61 72 67 65 74 2e 6e
65 78 74 53 69 62 6c 69  6e 67 2e 73 74 79 6c 65
2e 64 69 73 70 6c 61 79  20 3d 20 22 67 72 69 64
22 3b 0a 20 20 20 20 20  20 20 20 7d 7d 0a 20 20
20 20 20 20 2f 3e 0a 20  20 20 20 20 20 3c 73 70
61 6e 0a 20 20 20 20 20  20 20 20 63 6c 61 73 73
4e 61 6d 65 3d 22 6d 2d  63 61 72 64 2d 69 63 6f
6e 22 0a 20 20 20 20 20  20 20 20 73 74 79 6c 65
3d 7b 7b 0a 20 20 20 20  20 20 20 20 20 20 64 69
73 70 6c 61 79 3a 20 22  6e 6f 6e 65 22 2c 0a 20
20 20 20 20 20 20 20 20  20 62 61 63 6b 67 72 6f
75 6e 64 3a 20 62 2e 63  2c 0a 20 20 20 20 20 20
20 20 20 20 63 6f 6c 6f  72 3a 20 22 23 66 66 66
22 2c 0a 20 20 20 20 20  20 20 20 20 20 66 6f 6e
74 57 65 69 67 68 74 3a  20 37 30 30 2c 0a 20 20
20 20 20 20 20 20 7d 7d  0a 20 20 20 20 20 20 3e
0a 20 20 20 20 20 20 20  20 7b 62 2e 73 7d 0a 20
20 20 20 20 20 3c 2f 73  70 61 6e 3e 0a 20 20 20
20 3c 2f 3e 0a 20 20 29  3b 0a 7d 0a 2f 2f 20 43
61 70 61 62 69 6c 69 74  79 20 62 61 64 67 65 20
63 6f 6c 6f 72 0a 66 75  6e 63 74 69 6f 6e 20 63
61 70 43 6c 61 73 73 28  63 29 20 7b 0a 20 20 63
20 3d 20 28 63 20 7c 7c  20 22 22 29 2e 74 6f 4c
6f 77 65 72 43 61 73 65  28 29 3b 0a 20 20 69 66
20 28 2f 76 69 73 69 6f  6e 2f 2e 74 65 73 74 28
63 29 29 20 72 65 74 75  72 6e 20 22 63 61 70 2d
76 69 73 69 6f 6e 22 3b  0a 20 20 69 66 20 28 2f
74 6f 6f 6c 2f 2e 74 65  73 74 28 63 29 29 20 72
65 74 75 72 6e 20 22 63  61 70 2d 74 6f 6f 6c 22
3b 0a 20 20 69 66 20 28  2f 74 68 69 6e 6b 7c 72
65 61 73 6f 6e 2f 2e 74  65 73 74 28 63 29 29 20
72 65 74 75 72 6e 20 22  63 61 70 2d 74 68 69 6e
6b 22 3b 0a 20 20 69 66  20 28 2f 65 6d 62 65 64
2f 2e 74 65 73 74 28 63  29 29 20 72 65 74 75 72
6e 20 22 63 61 70 2d 65  6d 62 65 64 22 3b 0a 20
20 72 65 74 75 72 6e 20  22 63 61 70 2d 64 65 66
22 3b 0a 7d 0a 0a 66 75  6e 63 74 69 6f 6e 20 4d
6f 64 65 6c 48 75 62 56  69 65 77 28 7b 20 6f 6e
42 61 63 6b 2c 20 74 68  65 6d 65 2c 20 73 65 74
54 68 65 6d 65 2c 20 6f  6e 55 73 65 2c 20 6f 6e
43 68 61 6e 67 65 64 20  7d 29 20 7b 0a 20 20 63
6f 6e 73 74 20 5b 73 6f  75 72 63 65 2c 20 73 65
74 53 6f 75 72 63 65 5d  20 3d 20 75 73 65 53 74
61 74 65 28 22 68 66 22  29 3b 20 2f 2f 20 22 68
66 22 20 7c 20 22 6f 6c  6c 61 6d 61 22 0a 20 20
63 6f 6e 73 74 20 5b 6f  6c 6c 2c 20 73 65 74 4f
6c 6c 5d 20 3d 20 75 73  65 53 74 61 74 65 28 5b
5d 29 3b 20 2f 2f 20 6f  6c 6c 61 6d 61 20 72 65
73 75 6c 74 73 0a 20 20  63 6f 6e 73 74 20 5b 6f
6c 6c 4c 6f 61 64 69 6e  67 2c 20 73 65 74 4f 6c
6c 4c 6f 61 64 69 6e 67  5d 20 3d 20 75 73 65 53
74 61 74 65 28 66 61 6c  73 65 29 3b 0a 20 20 63
6f 6e 73 74 20 5b 6f 53  69 7a 65 2c 20 73 65 74
4f 53 69 7a 65 5d 20 3d  20 75 73 65 53 74 61 74
65 28 7b 7d 29 3b 20 2f  2f 20 63 68 6f 73 65 6e
20 73 69 7a 65 20 74 61  67 20 70 65 72 20 6f 6c
6c 61 6d 61 20 6d 6f 64  65 6c 0a 20 20 63 6f 6e
73 74 20 5b 6f 42 79 74  65 73 2c 20 73 65 74 4f
42 79 74 65 73 5d 20 3d  20 75 73 65 53 74 61 74
65 28 7b 7d 29 3b 20 2f  2f 20 72 65 73 6f 6c 76
65 64 20 64 6f 77 6e 6c  6f 61 64 20 73 69 7a 65
3a 20 22 6e 61 6d 65 3a  74 61 67 22 20 2d 3e 20
62 79 74 65 73 20 28 30  3d 65 72 72 2c 20 75 6e
64 65 66 69 6e 65 64 3d  6c 6f 61 64 69 6e 67 29
0a 20 20 63 6f 6e 73 74  20 5b 71 2c 20 73 65 74
51 5d 20 3d 20 75 73 65  53 74 61 74 65 28 22 22
29 3b 0a 20 20 63 6f 6e  73 74 20 5b 63 61 74 2c
20 73 65 74 43 61 74 5d  20 3d 20 75 73 65 53 74
61 74 65 28 22 61 6c 6c  22 29 3b 0a 20 20 63 6f
6e 73 74 20 5b 72 65 73  75 6c 74 73 2c 20 73 65
74 52 65 73 75 6c 74 73  5d 20 3d 20 75 73 65 53
74 61 74 65 28 5b 5d 29  3b 0a 20 20 63 6f 6e 73
74 20 5b 6c 6f 61 64 69  6e 67 2c 20 73 65 74 4c
6f 61 64 69 6e 67 5d 20  3d 20 75 73 65 53 74 61
74 65 28 66 61 6c 73 65  29 3b 0a 20 20 63 6f 6e
73 74 20 5b 6d 73 67 2c  20 73 65 74 4d 73 67 5d
20 3d 20 75 73 65 53 74  61 74 65 28 22 22 29 3b
0a 20 20 63 6f 6e 73 74  20 5b 64 6c 2c 20 73 65
74 44 6c 5d 20 3d 20 75  73 65 53 74 61 74 65 28
7b 7d 29 3b 0a 20 20 63  6f 6e 73 74 20 5b 6c 6f
63 61 6c 2c 20 73 65 74  4c 6f 63 61 6c 5d 20 3d
20 75 73 65 53 74 61 74  65 28 5b 5d 29 3b 0a 20
20 63 6f 6e 73 74 20 63  74 72 6c 73 20 3d 20 75
73 65 52 65 66 28 7b 7d  29 3b 0a 20 20 63 6f 6e
73 74 20 6c 6f 61 64 4c  6f 63 61 6c 20 3d 20 75
73 65 43 61 6c 6c 62 61  63 6b 28 61 73 79 6e 63
20 28 29 20 3d 3e 20 7b  0a 20 20 20 20 74 72 79
20 7b 0a 20 20 20 20 20  20 73 65 74 4c 6f 63 61
6c 28 61 77 61 69 74 20  28 61 77 61 69 74 20 66
65 74 63 68 28 22 2f 6d  6f 64 65 6c 73 22 29 29
2e 6a 73 6f 6e 28 29 29  3b 0a 20 20 20 20 7d 20
63 61 74 63 68 20 28 65  29 20 7b 7d 0a 20 20 7d
2c 20 5b 5d 29 3b 0a 20  20 75 73 65 45 66 66 65
63 74 28 28 29 20 3d 3e  20 7b 0a 20 20 20 20 6c
6f 61 64 4c 6f 63 61 6c  28 29 3b 0a 20 20 7d 2c
20 5b 6c 6f 61 64 4c 6f  63 61 6c 5d 29 3b 0a 20
20 63 6f 6e 73 74 20 73  74 6f 70 20 3d 20 28 69
64 29 20 3d 3e 20 7b 0a  20 20 20 20 63 6f 6e 73
74 20 63 20 3d 20 63 74  72 6c 73 2e 63 75 72 72
65 6e 74 5b 69 64 5d 3b  0a 20 20 20 20 69 66 20
28 63 29 20 7b 0a 20 20  20 20 20 20 74 72 79 20
7b 0a 20 20 20 20 20 20  20 20 63 2e 61 62 6f 72
74 28 29 3b 0a 20 20 20  20 20 20 7d 20 63 61 74
63 68 20 28 65 29 20 7b  7d 0a 20 20 20 20 7d 0a
20 20 20 20 73 65 74 44  6c 28 28 64 29 20 3d 3e
20 28 7b 20 2e 2e 2e 64  2c 20 5b 69 64 5d 3a 20
7b 20 73 74 61 74 65 3a  20 22 69 64 6c 65 22 20
7d 20 7d 29 29 3b 0a 20  20 7d 3b 0a 20 20 63 6f
6e 73 74 20 64 65 6c 4d  6f 64 65 6c 20 3d 20 61
73 79 6e 63 20 28 70 6f  72 74 29 20 3d 3e 20 7b
0a 20 20 20 20 69 66 20  28 21 77 69 6e 64 6f 77
2e 63 6f 6e 66 69 72 6d  28 22 48 61 70 75 73 20
6d 6f 64 65 6c 20 69 6e  69 20 64 61 72 69 20 64
69 73 6b 3f 22 29 29 20  72 65 74 75 72 6e 3b 0a
20 20 20 20 74 72 79 20  7b 0a 20 20 20 20 20 20
61 77 61 69 74 20 66 65  74 63 68 28 22 2f 6d 6f
64 65 6c 2f 64 65 6c 65  74 65 22 2c 20 7b 0a 20
20 20 20 20 20 20 20 6d  65 74 68 6f 64 3a 20 22
50 4f 53 54 22 2c 0a 20  20 20 20 20 20 20 20 68
65 61 64 65 72 73 3a 20  7b 20 22 43 6f 6e 74 65
6e 74 2d 54 79 70 65 22  3a 20 22 61 70 70 6c 69
63 61 74 69 6f 6e 2f 6a  73 6f 6e 22 20 7d 2c 0a
20 20 20 20 20 20 20 20  62 6f 64 79 3a 20 4a 53
4f 4e 2e 73 74 72 69 6e  67 69 66 79 28 7b 20 70
6f 72 74 20 7d 29 2c 0a  20 20 20 20 20 20 7d 29
3b 0a 20 20 20 20 7d 20  63 61 74 63 68 20 28 65
29 20 7b 7d 0a 20 20 20  20 6c 6f 61 64 4c 6f 63
61 6c 28 29 3b 0a 20 20  20 20 6f 6e 43 68 61 6e
67 65 64 20 26 26 20 6f  6e 43 68 61 6e 67 65 64
28 29 3b 0a 20 20 7d 3b  0a 20 20 63 6f 6e 73 74
20 5b 73 69 7a 65 73 2c  20 73 65 74 53 69 7a 65
73 5d 20 3d 20 75 73 65  53 74 61 74 65 28 7b 7d
29 3b 20 2f 2f 20 69 64  20 2d 3e 20 7b 62 79 74
65 73 2c 20 71 75 61 6e  74 7d 20 20 28 74 68 65
20 71 34 20 64 6f 77 6e  6c 6f 61 64 20 73 69 7a
65 29 0a 20 20 63 6f 6e  73 74 20 73 69 7a 65 52
65 71 20 3d 20 75 73 65  52 65 66 28 30 29 3b 0a
20 20 63 6f 6e 73 74 20  72 65 73 6f 6c 76 65 53
69 7a 65 73 20 3d 20 75  73 65 43 61 6c 6c 62 61
63 6b 28 61 73 79 6e 63  20 28 6c 69 73 74 29 20
3d 3e 20 7b 0a 20 20 20  20 63 6f 6e 73 74 20 74
6f 6b 65 6e 20 3d 20 2b  2b 73 69 7a 65 52 65 71
2e 63 75 72 72 65 6e 74  3b 0a 20 20 20 20 66 6f
72 20 28 63 6f 6e 73 74  20 6d 20 6f 66 20 6c 69
73 74 29 20 7b 0a 20 20  20 20 20 20 69 66 20 28
74 6f 6b 65 6e 20 21 3d  3d 20 73 69 7a 65 52 65
71 2e 63 75 72 72 65 6e  74 29 20 72 65 74 75 72
6e 3b 20 2f 2f 20 61 20  6e 65 77 65 72 20 73 65
61 72 63 68 20 73 74 61  72 74 65 64 20 e2 80 94
20 73 74 6f 70 0a 20 20  20 20 20 20 74 72 79 20
7b 0a 20 20 20 20 20 20  20 20 63 6f 6e 73 74 20
66 69 6c 65 73 20 3d 20  61 77 61 69 74 20 28 0a
20 20 20 20 20 20 20 20  20 20 61 77 61 69 74 20
66 65 74 63 68 28 22 2f  68 66 2f 66 69 6c 65 73
3f 69 64 3d 22 20 2b 20  65 6e 63 6f 64 65 55 52
49 43 6f 6d 70 6f 6e 65  6e 74 28 6d 2e 69 64 29
29 0a 20 20 20 20 20 20  20 20 29 2e 6a 73 6f 6e
28 29 3b 0a 20 20 20 20  20 20 20 20 69 66 20 28
41 72 72 61 79 2e 69 73  41 72 72 61 79 28 66 69
6c 65 73 29 20 26 26 20  66 69 6c 65 73 2e 6c 65
6e 67 74 68 29 20 7b 0a  20 20 20 20 20 20 20 20
20 20 63 6f 6e 73 74 20  70 69 63 6b 20 3d 0a 20
20 20 20 20 20 20 20 20  20 20 20 66 69 6c 65 73
2e 66 69 6e 64 28 28 66  29 20 3d 3e 20 2f 71 34
5f 6b 5f 6d 2f 69 2e 74  65 73 74 28 66 2e 70 61
74 68 29 29 20 7c 7c 0a  20 20 20 20 20 20 20 20
20 20 20 20 66 69 6c 65  73 2e 66 69 6e 64 28 28
66 29 20 3d 3e 20 2f 71  34 2f 69 2e 74 65 73 74
28 66 2e 70 61 74 68 29  29 20 7c 7c 0a 20 20 20
20 20 20 20 20 20 20 20  20 66 69 6c 65 73 2e 73
6c 69 63 65 28 29 2e 73  6f 72 74 28 28 61 2c 20
62 29 20 3d 3e 20 61 2e  73 69 7a 65 20 2d 20 62
2e 73 69 7a 65 29 5b 30  5d 3b 0a 20 20 20 20 20
20 20 20 20 20 63 6f 6e  73 74 20 71 75 61 6e 74
20 3d 20 28 0a 20 20 20  20 20 20 20 20 20 20 20
20 28 70 69 63 6b 2e 70  61 74 68 2e 6d 61 74 63
68 28 2f 71 5c 64 5b 61  2d 7a 30 2d 39 5f 5d 2a
7c 66 31 36 7c 62 66 31  36 2f 69 29 20 7c 7c 20
5b 5d 29 5b 30 5d 20 7c  7c 20 22 22 0a 20 20 20
20 20 20 20 20 20 20 29  2e 74 6f 4c 6f 77 65 72
43 61 73 65 28 29 3b 0a  20 20 20 20 20 20 20 20
20 20 73 65 74 53 69 7a  65 73 28 28 73 29 20 3d
3e 20 28 7b 20 2e 2e 2e  73 2c 20 5b 6d 2e 69 64
5d 3a 20 7b 20 62 79 74  65 73 3a 20 70 69 63 6b
2e 73 69 7a 65 2c 20 71  75 61 6e 74 20 7d 20 7d
29 29 3b 0a 20 20 20 20  20 20 20 20 7d 20 65 6c
73 65 20 73 65 74 53 69  7a 65 73 28 28 73 29 20
3d 3e 20 28 7b 20 2e 2e  2e 73 2c 20 5b 6d 2e 69
64 5d 3a 20 7b 20 62 79  74 65 73 3a 20 30 20 7d
20 7d 29 29 3b 0a 20 20  20 20 20 20 7d 20 63 61
74 63 68 20 28 65 29 20  7b 7d 0a 20 20 20 20 7d
0a 20 20 7d 2c 20 5b 5d  29 3b 0a 20 20 63 6f 6e
73 74 20 64 6f 53 65 61  72 63 68 20 3d 20 75 73
65 43 61 6c 6c 62 61 63  6b 28 0a 20 20 20 20 61
73 79 6e 63 20 28 71 75  65 72 79 29 20 3d 3e 20
7b 0a 20 20 20 20 20 20  73 65 74 4c 6f 61 64 69
6e 67 28 74 72 75 65 29  3b 0a 20 20 20 20 20 20
73 65 74 4d 73 67 28 22  22 29 3b 0a 20 20 20 20
20 20 74 72 79 20 7b 0a  20 20 20 20 20 20 20 20
63 6f 6e 73 74 20 72 20  3d 20 61 77 61 69 74 20
28 0a 20 20 20 20 20 20  20 20 20 20 61 77 61 69
74 20 66 65 74 63 68 28  22 2f 68 66 2f 73 65 61
72 63 68 3f 71 3d 22 20  2b 20 65 6e 63 6f 64 65
55 52 49 43 6f 6d 70 6f  6e 65 6e 74 28 71 75 65
72 79 29 29 0a 20 20 20  20 20 20 20 20 29 2e 6a
73 6f 6e 28 29 3b 0a 20  20 20 20 20 20 20 20 69
66 20 28 72 2e 65 72 72  6f 72 29 20 74 68 72 6f
77 20 6e 65 77 20 45 72  72 6f 72 28 72 2e 65 72
72 6f 72 29 3b 0a 20 20  20 20 20 20 20 20 73 65
74 52 65 73 75 6c 74 73  28 72 29 3b 0a 20 20 20
20 20 20 20 20 73 65 74  53 69 7a 65 73 28 7b 7d
29 3b 0a 20 20 20 20 20  20 20 20 72 65 73 6f 6c
76 65 53 69 7a 65 73 28  72 29 3b 0a 20 20 20 20
20 20 20 20 69 66 20 28  21 72 2e 6c 65 6e 67 74
68 29 20 73 65 74 4d 73  67 28 22 54 69 64 61 6b
20 61 64 61 20 6d 6f 64  65 6c 2e 22 29 3b 0a 20
20 20 20 20 20 7d 20 63  61 74 63 68 20 28 65 29
20 7b 0a 20 20 20 20 20  20 20 20 73 65 74 52 65
73 75 6c 74 73 28 5b 5d  29 3b 0a 20 20 20 20 20
20 20 20 73 65 74 4d 73  67 28 22 47 61 67 61 6c
20 6d 65 6d 75 61 74 3a  20 22 20 2b 20 65 2e 6d
65 73 73 61 67 65 29 3b  0a 20 20 20 20 20 20 7d
0a 20 20 20 20 20 20 73  65 74 4c 6f 61 64 69 6e
67 28 66 61 6c 73 65 29  3b 0a 20 20 20 20 7d 2c
0a 20 20 20 20 5b 72 65  73 6f 6c 76 65 53 69 7a
65 73 5d 2c 0a 20 20 29  3b 0a 20 20 75 73 65 45
66 66 65 63 74 28 28 29  20 3d 3e 20 7b 0a 20 20
20 20 63 6f 6e 73 74 20  63 20 3d 20 48 55 42 5f
43 41 54 53 2e 66 69 6e  64 28 28 78 29 20 3d 3e
20 78 2e 6b 65 79 20 3d  3d 3d 20 63 61 74 29 20
7c 7c 20 48 55 42 5f 43  41 54 53 5b 30 5d 3b 0a
20 20 20 20 64 6f 53 65  61 72 63 68 28 71 2e 74
72 69 6d 28 29 20 7c 7c  20 63 2e 71 29 3b 0a 20
20 7d 2c 20 5b 63 61 74  5d 29 3b 0a 20 20 63 6f
6e 73 74 20 73 75 62 6d  69 74 20 3d 20 28 29 20
3d 3e 20 7b 0a 20 20 20  20 63 6f 6e 73 74 20 63
20 3d 20 48 55 42 5f 43  41 54 53 2e 66 69 6e 64
28 28 78 29 20 3d 3e 20  78 2e 6b 65 79 20 3d 3d
3d 20 63 61 74 29 20 7c  7c 20 48 55 42 5f 43 41
54 53 5b 30 5d 3b 0a 20  20 20 20 64 6f 53 65 61
72 63 68 28 71 2e 74 72  69 6d 28 29 20 7c 7c 20
63 2e 71 29 3b 0a 20 20  7d 3b 0a 20 20 63 6f 6e
73 74 20 64 6f 77 6e 6c  6f 61 64 20 3d 20 61 73
79 6e 63 20 28 69 64 29  20 3d 3e 20 7b 0a 20 20
20 20 69 66 20 28 0a 20  20 20 20 20 20 64 6c 5b
69 64 5d 20 26 26 0a 20  20 20 20 20 20 28 64 6c
5b 69 64 5d 2e 73 74 61  74 65 20 3d 3d 3d 20 22
64 6f 77 6e 6c 6f 61 64  69 6e 67 22 20 7c 7c 20
64 6c 5b 69 64 5d 2e 73  74 61 74 65 20 3d 3d 3d
20 22 72 65 73 6f 6c 76  69 6e 67 22 29 0a 20 20
20 20 29 0a 20 20 20 20  20 20 72 65 74 75 72 6e
3b 0a 20 20 20 20 73 65  74 44 6c 28 28 64 29 20
3d 3e 20 28 7b 20 2e 2e  2e 64 2c 20 5b 69 64 5d
3a 20 7b 20 73 74 61 74  65 3a 20 22 72 65 73 6f
6c 76 69 6e 67 22 2c 20  70 72 6f 67 72 65 73 73
3a 20 30 20 7d 20 7d 29  29 3b 0a 20 20 20 20 74
72 79 20 7b 0a 20 20 20  20 20 20 63 6f 6e 73 74
20 66 69 6c 65 73 20 3d  20 61 77 61 69 74 20 28
0a 20 20 20 20 20 20 20  20 61 77 61 69 74 20 66
65 74 63 68 28 22 2f 68  66 2f 66 69 6c 65 73 3f
69 64 3d 22 20 2b 20 65  6e 63 6f 64 65 55 52 49
43 6f 6d 70 6f 6e 65 6e  74 28 69 64 29 29 0a 20
20 20 20 20 20 29 2e 6a  73 6f 6e 28 29 3b 0a 20
20 20 20 20 20 69 66 20  28 66 69 6c 65 73 2e 65
72 72 6f 72 20 7c 7c 20  21 66 69 6c 65 73 2e 6c
65 6e 67 74 68 29 20 7b  0a 20 20 20 20 20 20 20
20 73 65 74 44 6c 28 28  64 29 20 3d 3e 20 28 7b
20 2e 2e 2e 64 2c 20 5b  69 64 5d 3a 20 7b 20 73
74 61 74 65 3a 20 22 69  64 6c 65 22 20 7d 20 7d
29 29 3b 0a 20 20 20 20  20 20 20 20 73 65 74 4d
73 67 28 0a 20 20 20 20  20 20 20 20 20 20 27 52
65 70 6f 20 22 27 20 2b  0a 20 20 20 20 20 20 20
20 20 20 20 20 69 64 20  2b 0a 20 20 20 20 20 20
20 20 20 20 20 20 27 22  20 74 61 6b 20 70 75 6e
79 61 20 66 69 6c 65 20  2e 67 67 75 66 20 e2 80
94 20 63 6f 62 61 20 72  65 70 6f 20 62 65 72 61
6b 68 69 72 61 6e 20 22  2d 47 47 55 46 22 2e 27
2c 0a 20 20 20 20 20 20  20 20 29 3b 0a 20 20 20
20 20 20 20 20 72 65 74  75 72 6e 3b 0a 20 20 20
20 20 20 7d 0a 20 20 20  20 20 20 63 6f 6e 73 74
20 70 69 63 6b 20 3d 0a  20 20 20 20 20 20 20 20
66 69 6c 65 73 2e 66 69  6e 64 28 28 66 29 20 3d
3e 20 2f 71 34 5f 6b 5f  6d 2f 69 2e 74 65 73 74
28 66 2e 70 61 74 68 29  29 20 7c 7c 0a 20 20 20
20 20 20 20 20 66 69 6c  65 73 2e 66 69 6e 64 28
28 66 29 20 3d 3e 20 2f  71 34 2f 69 2e 74 65 73
74 28 66 2e 70 61 74 68  29 29 20 7c 7c 0a 20 20
20 20 20 20 20 20 66 69  6c 65 73 2e 73 6c 69 63
65 28 29 2e 73 6f 72 74  28 28 61 2c 20 62 29 20
3d 3e 20 61 2e 73 69 7a  65 20 2d 20 62 2e 73 69
7a 65 29 5b 30 5d 3b 0a  20 20 20 20 20 20 73 65
74 44 6c 28 28 64 29 20  3d 3e 20 28 7b 20 2e 2e
2e 64 2c 20 5b 69 64 5d  3a 20 7b 20 73 74 61 74
65 3a 20 22 64 6f 77 6e  6c 6f 61 64 69 6e 67 22
2c 20 70 72 6f 67 72 65  73 73 3a 20 30 20 7d 20
7d 29 29 3b 0a 20 20 20  20 20 20 63 6f 6e 73 74
20 63 74 72 6c 20 3d 20  6e 65 77 20 41 62 6f 72
74 43 6f 6e 74 72 6f 6c  6c 65 72 28 29 3b 0a 20
20 20 20 20 20 63 74 72  6c 73 2e 63 75 72 72 65
6e 74 5b 69 64 5d 20 3d  20 63 74 72 6c 3b 0a 20
20 20 20 20 20 63 6f 6e  73 74 20 72 65 73 20 3d
20 61 77 61 69 74 20 66  65 74 63 68 28 22 2f 68
66 2f 64 6f 77 6e 6c 6f  61 64 22 2c 20 7b 0a 20
20 20 20 20 20 20 20 6d  65 74 68 6f 64 3a 20 22
50 4f 53 54 22 2c 0a 20  20 20 20 20 20 20 20 68
65 61 64 65 72 73 3a 20  7b 20 22 43 6f 6e 74 65
6e 74 2d 54 79 70 65 22  3a 20 22 61 70 70 6c 69
63 61 74 69 6f 6e 2f 6a  73 6f 6e 22 20 7d 2c 0a
20 20 20 20 20 20 20 20  62 6f 64 79 3a 20 4a 53
4f 4e 2e 73 74 72 69 6e  67 69 66 79 28 7b 20 69
64 2c 20 66 69 6c 65 3a  20 70 69 63 6b 2e 70 61
74 68 20 7d 29 2c 0a 20  20 20 20 20 20 20 20 73
69 67 6e 61 6c 3a 20 63  74 72 6c 2e 73 69 67 6e
61 6c 2c 0a 20 20 20 20  20 20 7d 29 3b 0a 20 20
20 20 20 20 63 6f 6e 73  74 20 72 65 61 64 65 72
20 3d 20 72 65 73 2e 62  6f 64 79 2e 67 65 74 52
65 61 64 65 72 28 29 3b  0a 20 20 20 20 20 20 63
6f 6e 73 74 20 64 65 63  20 3d 20 6e 65 77 20 54
65 78 74 44 65 63 6f 64  65 72 28 29 3b 0a 20 20
20 20 20 20 6c 65 74 20  62 75 66 20 3d 20 22 22
3b 0a 20 20 20 20 20 20  77 68 69 6c 65 20 28 74
72 75 65 29 20 7b 0a 20  20 20 20 20 20 20 20 63
6f 6e 73 74 20 7b 20 64  6f 6e 65 2c 20 76 61 6c
75 65 20 7d 20 3d 20 61  77 61 69 74 20 72 65 61
64 65 72 2e 72 65 61 64  28 29 3b 0a 20 20 20 20
20 20 20 20 69 66 20 28  64 6f 6e 65 29 20 62 72
65 61 6b 3b 0a 20 20 20  20 20 20 20 20 62 75 66
20 2b 3d 20 64 65 63 2e  64 65 63 6f 64 65 28 76
61 6c 75 65 2c 20 7b 20  73 74 72 65 61 6d 3a 20
74 72 75 65 20 7d 29 3b  0a 20 20 20 20 20 20 20
20 63 6f 6e 73 74 20 6c  69 6e 65 73 20 3d 20 62
75 66 2e 73 70 6c 69 74  28 22 5c 6e 22 29 3b 0a
20 20 20 20 20 20 20 20  62 75 66 20 3d 20 6c 69
6e 65 73 2e 70 6f 70 28  29 3b 0a 20 20 20 20 20
20 20 20 66 6f 72 20 28  63 6f 6e 73 74 20 6c 69
6e 65 20 6f 66 20 6c 69  6e 65 73 29 20 7b 0a 20
20 20 20 20 20 20 20 20  20 63 6f 6e 73 74 20 6d
20 3d 20 6c 69 6e 65 2e  6d 61 74 63 68 28 2f 5e
64 61 74 61 3a 5c 73 2a  28 2e 2a 29 24 2f 29 3b
0a 20 20 20 20 20 20 20  20 20 20 69 66 20 28 21
6d 29 20 63 6f 6e 74 69  6e 75 65 3b 0a 20 20 20
20 20 20 20 20 20 20 6c  65 74 20 6a 3b 0a 20 20
20 20 20 20 20 20 20 20  74 72 79 20 7b 0a 20 20
20 20 20 20 20 20 20 20  20 20 6a 20 3d 20 4a 53
4f 4e 2e 70 61 72 73 65  28 6d 5b 31 5d 29 3b 0a
20 20 20 20 20 20 20 20  20 20 7d 20 63 61 74 63
68 20 28 65 29 20 7b 0a  20 20 20 20 20 20 20 20
20 20 20 20 63 6f 6e 74  69 6e 75 65 3b 0a 20 20
20 20 20 20 20 20 20 20  7d 0a 20 20 20 20 20 20
20 20 20 20 69 66 20 28  6a 2e 74 20 3d 3d 3d 20
22 70 72 6f 67 72 65 73  73 22 29 0a 20 20 20 20
20 20 20 20 20 20 20 20  73 65 74 44 6c 28 28 64
29 20 3d 3e 20 28 7b 0a  20 20 20 20 20 20 20 20
20 20 20 20 20 20 2e 2e  2e 64 2c 0a 20 20 20 20
20 20 20 20 20 20 20 20  20 20 5b 69 64 5d 3a 20
7b 20 73 74 61 74 65 3a  20 22 64 6f 77 6e 6c 6f
61 64 69 6e 67 22 2c 20  70 72 6f 67 72 65 73 73
3a 20 6a 2e 70 63 74 20  7d 2c 0a 20 20 20 20 20
20 20 20 20 20 20 20 7d  29 29 3b 0a 20 20 20 20
20 20 20 20 20 20 65 6c  73 65 20 69 66 20 28 6a
2e 74 20 3d 3d 3d 20 22  64 6f 6e 65 22 29 20 7b
0a 20 20 20 20 20 20 20  20 20 20 20 20 73 65 74
44 6c 28 28 64 29 20 3d  3e 20 28 7b 0a 20 20 20
20 20 20 20 20 20 20 20  20 20 20 2e 2e 2e 64 2c
0a 20 20 20 20 20 20 20  20 20 20 20 20 20 20 5b
69 64 5d 3a 20 7b 20 73  74 61 74 65 3a 20 22 64
6f 6e 65 22 2c 20 70 72  6f 67 72 65 73 73 3a 20
31 30 30 2c 20 70 6f 72  74 3a 20 6a 2e 6d 6f 64
65 6c 2e 70 6f 72 74 20  7d 2c 0a 20 20 20 20 20
20 20 20 20 20 20 20 7d  29 29 3b 0a 20 20 20 20
20 20 20 20 20 20 20 20  6c 6f 61 64 4c 6f 63 61
6c 28 29 3b 0a 20 20 20  20 20 20 20 20 20 20 20
20 6f 6e 43 68 61 6e 67  65 64 20 26 26 20 6f 6e
43 68 61 6e 67 65 64 28  29 3b 0a 20 20 20 20 20
20 20 20 20 20 7d 20 65  6c 73 65 20 69 66 20 28
6a 2e 74 20 3d 3d 3d 20  22 65 72 72 22 29 20 7b
0a 20 20 20 20 20 20 20  20 20 20 20 20 73 65 74
44 6c 28 28 64 29 20 3d  3e 20 28 7b 20 2e 2e 2e
64 2c 20 5b 69 64 5d 3a  20 7b 20 73 74 61 74 65
3a 20 22 69 64 6c 65 22  20 7d 20 7d 29 29 3b 0a
20 20 20 20 20 20 20 20  20 20 20 20 73 65 74 4d
73 67 28 22 47 61 67 61  6c 20 75 6e 64 75 68 3a
20 22 20 2b 20 6a 2e 6d  29 3b 0a 20 20 20 20 20
20 20 20 20 20 7d 0a 20  20 20 20 20 20 20 20 7d
0a 20 20 20 20 20 20 7d  0a 20 20 20 20 7d 20 63
61 74 63 68 20 28 65 29  20 7b 0a 20 20 20 20 20
20 69 66 20 28 65 2e 6e  61 6d 65 20 21 3d 3d 20
22 41 62 6f 72 74 45 72  72 6f 72 22 29 20 7b 0a
20 20 20 20 20 20 20 20  73 65 74 44 6c 28 28 64
29 20 3d 3e 20 28 7b 20  2e 2e 2e 64 2c 20 5b 69
64 5d 3a 20 7b 20 73 74  61 74 65 3a 20 22 69 64
6c 65 22 20 7d 20 7d 29  29 3b 0a 20 20 20 20 20
20 20 20 73 65 74 4d 73  67 28 22 47 61 67 61 6c
3a 20 22 20 2b 20 65 2e  6d 65 73 73 61 67 65 29
3b 0a 20 20 20 20 20 20  7d 0a 20 20 20 20 7d 0a
20 20 7d 3b 0a 20 20 2f  2f 20 4f 6c 6c 61 6d 61
3a 20 72 65 61 6c 74 69  6d 65 20 6c 69 62 72 61
72 79 20 28 73 63 72 61  70 65 64 20 73 65 72 76
65 72 2d 73 69 64 65 29  2e 20 52 65 66 65 74 63
68 20 6f 6e 20 73 6f 75  72 63 65 2f 71 75 65 72
79 20 63 68 61 6e 67 65  2e 0a 20 20 63 6f 6e 73
74 20 66 65 74 63 68 4f  6c 6c 61 6d 61 20 3d 20
75 73 65 43 61 6c 6c 62  61 63 6b 28 61 73 79 6e
63 20 28 71 75 65 72 79  29 20 3d 3e 20 7b 0a 20
20 20 20 73 65 74 4f 6c  6c 4c 6f 61 64 69 6e 67
28 74 72 75 65 29 3b 0a  20 20 20 20 74 72 79 20
7b 0a 20 20 20 20 20 20  63 6f 6e 73 74 20 72 20
3d 20 61 77 61 69 74 20  28 0a 20 20 20 20 20 20
20 20 61 77 61 69 74 20  66 65 74 63 68 28 22 2f
6f 6c 6c 61 6d 61 2f 73  65 61 72 63 68 3f 71 3d
22 20 2b 20 65 6e 63 6f  64 65 55 52 49 43 6f 6d
70 6f 6e 65 6e 74 28 71  75 65 72 79 20 7c 7c 20
22 22 29 29 0a 20 20 20  20 20 20 29 2e 6a 73 6f
6e 28 29 3b 0a 20 20 20  20 20 20 73 65 74 4f 6c
6c 28 41 72 72 61 79 2e  69 73 41 72 72 61 79 28
72 29 20 3f 20 72 20 3a  20 5b 5d 29 3b 0a 20 20
20 20 7d 20 63 61 74 63  68 20 28 65 29 20 7b 0a
20 20 20 20 20 20 73 65  74 4f 6c 6c 28 5b 5d 29
3b 0a 20 20 20 20 7d 0a  20 20 20 20 73 65 74 4f
6c 6c 4c 6f 61 64 69 6e  67 28 66 61 6c 73 65 29
3b 0a 20 20 7d 2c 20 5b  5d 29 3b 0a 20 20 75 73
65 45 66 66 65 63 74 28  28 29 20 3d 3e 20 7b 0a
20 20 20 20 69 66 20 28  73 6f 75 72 63 65 20 3d
3d 3d 20 22 6f 6c 6c 61  6d 61 22 29 20 66 65 74
63 68 4f 6c 6c 61 6d 61  28 71 2e 74 72 69 6d 28
29 29 3b 0a 20 20 7d 2c  20 5b 73 6f 75 72 63 65
5d 29 3b 0a 20 20 63 6f  6e 73 74 20 73 75 62 6d
69 74 4f 20 3d 20 28 29  20 3d 3e 20 66 65 74 63
68 4f 6c 6c 61 6d 61 28  71 2e 74 72 69 6d 28 29
29 3b 0a 20 20 2f 2f 20  52 65 73 6f 6c 76 65 20
72 65 61 6c 20 64 6f 77  6e 6c 6f 61 64 20 73 69
7a 65 20 28 62 79 74 65  73 29 20 66 6f 72 20 61
20 6d 6f 64 65 6c 3a 74  61 67 2c 20 63 61 63 68
65 64 2e 20 4d 61 72 6b  73 20 6c 6f 61 64 69 6e
67 20 61 73 20 6e 75 6c  6c 2e 0a 20 20 63 6f 6e
73 74 20 6f 52 65 71 20  3d 20 75 73 65 52 65 66
28 30 29 3b 0a 20 20 63  6f 6e 73 74 20 72 65 73
6f 6c 76 65 53 69 7a 65  20 3d 20 75 73 65 43 61
6c 6c 62 61 63 6b 28 28  6e 61 6d 65 2c 20 74 61
67 29 20 3d 3e 20 7b 0a  20 20 20 20 63 6f 6e 73
74 20 69 64 20 3d 20 6e  61 6d 65 20 2b 20 22 3a
22 20 2b 20 74 61 67 3b  0a 20 20 20 20 73 65 74
4f 42 79 74 65 73 28 28  62 29 20 3d 3e 0a 20 20
20 20 20 20 69 64 20 69  6e 20 62 0a 20 20 20 20
20 20 20 20 3f 20 62 0a  20 20 20 20 20 20 20 20
3a 20 28 28 29 20 3d 3e  20 7b 0a 20 20 20 20 20
20 20 20 20 20 20 20 66  65 74 63 68 28 0a 20 20
20 20 20 20 20 20 20 20  20 20 20 20 22 2f 6f 6c
6c 61 6d 61 2f 73 69 7a  65 3f 6e 61 6d 65 3d 22
20 2b 0a 20 20 20 20 20  20 20 20 20 20 20 20 20
20 20 20 65 6e 63 6f 64  65 55 52 49 43 6f 6d 70
6f 6e 65 6e 74 28 6e 61  6d 65 29 20 2b 0a 20 20
20 20 20 20 20 20 20 20  20 20 20 20 20 20 22 26
74 61 67 3d 22 20 2b 0a  20 20 20 20 20 20 20 20
20 20 20 20 20 20 20 20  65 6e 63 6f 64 65 55 52
49 43 6f 6d 70 6f 6e 65  6e 74 28 74 61 67 29 2c
0a 20 20 20 20 20 20 20  20 20 20 20 20 29 0a 20
20 20 20 20 20 20 20 20  20 20 20 20 20 2e 74 68
65 6e 28 28 72 29 20 3d  3e 20 72 2e 6a 73 6f 6e
28 29 29 0a 20 20 20 20  20 20 20 20 20 20 20 20
20 20 2e 74 68 65 6e 28  28 64 29 20 3d 3e 20 73
65 74 4f 42 79 74 65 73  28 28 62 32 29 20 3d 3e
20 28 7b 20 2e 2e 2e 62  32 2c 20 5b 69 64 5d 3a
20 64 2e 62 79 74 65 73  20 7c 7c 20 30 20 7d 29
29 29 0a 20 20 20 20 20  20 20 20 20 20 20 20 20
20 2e 63 61 74 63 68 28  28 29 20 3d 3e 20 73 65
74 4f 42 79 74 65 73 28  28 62 32 29 20 3d 3e 20
28 7b 20 2e 2e 2e 62 32  2c 20 5b 69 64 5d 3a 20
30 20 7d 29 29 29 3b 0a  20 20 20 20 20 20 20 20
20 20 20 20 72 65 74 75  72 6e 20 7b 20 2e 2e 2e
62 2c 20 5b 69 64 5d 3a  20 6e 75 6c 6c 20 7d 3b
0a 20 20 20 20 20 20 20  20 20 20 7d 29 28 29 2c
0a 20 20 20 20 29 3b 0a  20 20 7d 2c 20 5b 5d 29
3b 0a 20 20 2f 2f 20 57  68 65 6e 20 4f 6c 6c 61
6d 61 20 72 65 73 75 6c  74 73 20 61 72 72 69 76
65 2c 20 72 65 73 6f 6c  76 65 20 74 68 65 20 73
6d 61 6c 6c 65 73 74 20  28 64 65 66 61 75 6c 74
29 20 74 61 67 27 73 20  73 69 7a 65 20 70 65 72
20 6d 6f 64 65 6c 2e 0a  20 20 75 73 65 45 66 66
65 63 74 28 28 29 20 3d  3e 20 7b 0a 20 20 20 20
69 66 20 28 73 6f 75 72  63 65 20 21 3d 3d 20 22
6f 6c 6c 61 6d 61 22 20  7c 7c 20 21 6f 6c 6c 2e
6c 65 6e 67 74 68 29 20  72 65 74 75 72 6e 3b 0a
20 20 20 20 63 6f 6e 73  74 20 74 6f 6b 65 6e 20
3d 20 2b 2b 6f 52 65 71  2e 63 75 72 72 65 6e 74
3b 0a 20 20 20 20 6c 65  74 20 69 20 3d 20 30 3b
20 2f 2f 20 74 68 72 6f  74 74 6c 65 3a 20 6f 6e
65 20 6d 61 6e 69 66 65  73 74 20 66 65 74 63 68
20 61 74 20 61 20 74 69  6d 65 2d 69 73 68 0a 20
20 20 20 63 6f 6e 73 74  20 74 69 63 6b 20 3d 20
28 29 20 3d 3e 20 7b 0a  20 20 20 20 20 20 69 66
20 28 74 6f 6b 65 6e 20  21 3d 3d 20 6f 52 65 71
2e 63 75 72 72 65 6e 74  20 7c 7c 20 69 20 3e 3d
20 6f 6c 6c 2e 6c 65 6e  67 74 68 29 20 72 65 74
75 72 6e 3b 0a 20 20 20  20 20 20 63 6f 6e 73 74
20 6d 20 3d 20 6f 6c 6c  5b 69 2b 2b 5d 3b 0a 20
20 20 20 20 20 72 65 73  6f 6c 76 65 53 69 7a 65
28 6d 2e 6e 61 6d 65 2c  20 73 6d 61 6c 6c 65 73
74 54 61 67 28 6d 2e 73  69 7a 65 73 29 29 3b 0a
20 20 20 20 20 20 73 65  74 54 69 6d 65 6f 75 74
28 74 69 63 6b 2c 20 31  32 30 29 3b 0a 20 20 20
20 7d 3b 0a 20 20 20 20  74 69 63 6b 28 29 3b 0a
20 20 7d 2c 20 5b 6f 6c  6c 2c 20 73 6f 75 72 63
65 5d 29 3b 0a 20 20 2f  2f 20 70 69 63 6b 20 74
68 65 20 73 6d 61 6c 6c  65 73 74 20 70 61 72 61
6d 65 74 65 72 20 73 69  7a 65 20 61 73 20 74 68
65 20 64 65 66 61 75 6c  74 20 74 61 67 20 28 73
61 66 65 73 74 20 6c 6f  63 61 6c 20 64 6f 77 6e
6c 6f 61 64 29 0a 20 20  63 6f 6e 73 74 20 73 6d
61 6c 6c 65 73 74 54 61  67 20 3d 20 28 73 69 7a
65 73 29 20 3d 3e 20 7b  0a 20 20 20 20 69 66 20
28 21 73 69 7a 65 73 20  7c 7c 20 21 73 69 7a 65
73 2e 6c 65 6e 67 74 68  29 20 72 65 74 75 72 6e
20 22 6c 61 74 65 73 74  22 3b 0a 20 20 20 20 63
6f 6e 73 74 20 70 61 72  73 65 20 3d 20 28 73 29
20 3d 3e 20 7b 0a 20 20  20 20 20 20 63 6f 6e 73
74 20 6d 20 3d 20 28 73  20 7c 7c 20 22 22 29 2e
6d 61 74 63 68 28 2f 28  5b 5c 64 2e 5d 2b 29 5c
73 2a 28 5b 62 6d 5d 29  2f 69 29 3b 0a 20 20 20
20 20 20 69 66 20 28 21  6d 29 20 72 65 74 75 72
6e 20 31 65 39 3b 0a 20  20 20 20 20 20 72 65 74
75 72 6e 20 70 61 72 73  65 46 6c 6f 61 74 28 6d
5b 31 5d 29 20 2a 20 28  6d 5b 32 5d 2e 74 6f 4c
6f 77 65 72 43 61 73 65  28 29 20 3d 3d 3d 20 22
62 22 20 3f 20 31 20 3a  20 30 2e 30 30 31 29 3b
0a 20 20 20 20 7d 3b 0a  20 20 20 20 72 65 74 75
72 6e 20 73 69 7a 65 73  2e 73 6c 69 63 65 28 29
2e 73 6f 72 74 28 28 61  2c 20 62 29 20 3d 3e 20
70 61 72 73 65 28 61 29  20 2d 20 70 61 72 73 65
28 62 29 29 5b 30 5d 3b  0a 20 20 7d 3b 0a 20 20
2f 2f 20 44 6f 77 6e 6c  6f 61 64 20 61 6e 20 4f
6c 6c 61 6d 61 20 6d 6f  64 65 6c 27 73 20 47 47
55 46 20 62 6c 6f 62 20  e2 86 92 20 6c 61 75 6e
63 68 20 6c 6c 61 6d 61  2d 73 65 72 76 65 72 20
28 53 53 45 20 70 72 6f  67 72 65 73 73 2c 20 6b
65 79 65 64 20 62 79 20  6e 61 6d 65 3a 74 61 67
29 0a 20 20 63 6f 6e 73  74 20 64 6f 77 6e 6c 6f
61 64 4f 6c 6c 61 6d 61  20 3d 20 61 73 79 6e 63
20 28 6e 61 6d 65 2c 20  74 61 67 29 20 3d 3e 20
7b 0a 20 20 20 20 63 6f  6e 73 74 20 69 64 20 3d
20 6e 61 6d 65 20 2b 20  22 3a 22 20 2b 20 74 61
67 3b 0a 20 20 20 20 69  66 20 28 64 6c 5b 69 64
5d 20 26 26 20 64 6c 5b  69 64 5d 2e 73 74 61 74
65 20 3d 3d 3d 20 22 64  6f 77 6e 6c 6f 61 64 69
6e 67 22 29 20 72 65 74  75 72 6e 3b 0a 20 20 20
20 73 65 74 44 6c 28 28  64 29 20 3d 3e 20 28 7b
20 2e 2e 2e 64 2c 20 5b  69 64 5d 3a 20 7b 20 73
74 61 74 65 3a 20 22 64  6f 77 6e 6c 6f 61 64 69
6e 67 22 2c 20 70 72 6f  67 72 65 73 73 3a 20 30
20 7d 20 7d 29 29 3b 0a  20 20 20 20 63 6f 6e 73
74 20 63 74 72 6c 20 3d  20 6e 65 77 20 41 62 6f
72 74 43 6f 6e 74 72 6f  6c 6c 65 72 28 29 3b 0a
20 20 20 20 63 74 72 6c  73 2e 63 75 72 72 65 6e
74 5b 69 64 5d 20 3d 20  63 74 72 6c 3b 0a 20 20
20 20 74 72 79 20 7b 0a  20 20 20 20 20 20 63 6f
6e 73 74 20 72 65 73 20  3d 20 61 77 61 69 74 20
66 65 74 63 68 28 22 2f  6f 6c 6c 61 6d 61 2f 64
6f 77 6e 6c 6f 61 64 22  2c 20 7b 0a 20 20 20 20
20 20 20 20 6d 65 74 68  6f 64 3a 20 22 50 4f 53
54 22 2c 0a 20 20 20 20  20 20 20 20 68 65 61 64
65 72 73 3a 20 7b 20 22  43 6f 6e 74 65 6e 74 2d
54 79 70 65 22 3a 20 22  61 70 70 6c 69 63 61 74
69 6f 6e 2f 6a 73 6f 6e  22 20 7d 2c 0a 20 20 20
20 20 20 20 20 62 6f 64  79 3a 20 4a 53 4f 4e 2e
73 74 72 69 6e 67 69 66  79 28 7b 20 6e 61 6d 65
2c 20 74 61 67 20 7d 29  2c 0a 20 20 20 20 20 20
20 20 73 69 67 6e 61 6c  3a 20 63 74 72 6c 2e 73
69 67 6e 61 6c 2c 0a 20  20 20 20 20 20 7d 29 3b
0a 20 20 20 20 20 20 63  6f 6e 73 74 20 72 65 61
64 65 72 20 3d 20 72 65  73 2e 62 6f 64 79 2e 67
65 74 52 65 61 64 65 72  28 29 3b 0a 20 20 20 20
20 20 63 6f 6e 73 74 20  64 65 63 20 3d 20 6e 65
77 20 54 65 78 74 44 65  63 6f 64 65 72 28 29 3b
0a 20 20 20 20 20 20 6c  65 74 20 62 75 66 20 3d
20 22 22 3b 0a 20 20 20  20 20 20 77 68 69 6c 65
20 28 74 72 75 65 29 20  7b 0a 20 20 20 20 20 20
20 20 63 6f 6e 73 74 20  7b 20 64 6f 6e 65 2c 20
76 61 6c 75 65 20 7d 20  3d 20 61 77 61 69 74 20
72 65 61 64 65 72 2e 72  65 61 64 28 29 3b 0a 20
20 20 20 20 20 20 20 69  66 20 28 64 6f 6e 65 29
20 62 72 65 61 6b 3b 0a  20 20 20 20 20 20 20 20
62 75 66 20 2b 3d 20 64  65 63 2e 64 65 63 6f 64
65 28 76 61 6c 75 65 2c  20 7b 20 73 74 72 65 61
6d 3a 20 74 72 75 65 20  7d 29 3b 0a 20 20 20 20
20 20 20 20 63 6f 6e 73  74 20 6c 69 6e 65 73 20
3d 20 62 75 66 2e 73 70  6c 69 74 28 22 5c 6e 22
29 3b 0a 20 20 20 20 20  20 20 20 62 75 66 20 3d
20 6c 69 6e 65 73 2e 70  6f 70 28 29 3b 0a 20 20
20 20 20 20 20 20 66 6f  72 20 28 63 6f 6e 73 74
20 6c 69 6e 65 20 6f 66  20 6c 69 6e 65 73 29 20
7b 0a 20 20 20 20 20 20  20 20 20 20 63 6f 6e 73
74 20 6d 20 3d 20 6c 69  6e 65 2e 6d 61 74 63 68
28 2f 5e 64 61 74 61 3a  5c 73 2a 28 2e 2a 29 24
2f 29 3b 0a 20 20 20 20  20 20 20 20 20 20 69 66
20 28 21 6d 29 20 63 6f  6e 74 69 6e 75 65 3b 0a
20 20 20 20 20 20 20 20  20 20 6c 65 74 20 6a 3b
0a 20 20 20 20 20 20 20  20 20 20 74 72 79 20 7b
0a 20 20 20 20 20 20 20  20 20 20 20 20 6a 20 3d
20 4a 53 4f 4e 2e 70 61  72 73 65 28 6d 5b 31 5d
29 3b 0a 20 20 20 20 20  20 20 20 20 20 7d 20 63
61 74 63 68 20 28 65 29  20 7b 0a 20 20 20 20 20
20 20 20 20 20 20 20 63  6f 6e 74 69 6e 75 65 3b
0a 20 20 20 20 20 20 20  20 20 20 7d 0a 20 20 20
20 20 20 20 20 20 20 69  66 20 28 6a 2e 74 20 3d
3d 3d 20 22 70 72 6f 67  72 65 73 73 22 29 0a 20
20 20 20 20 20 20 20 20  20 20 20 73 65 74 44 6c
28 28 64 29 20 3d 3e 20  28 7b 0a 20 20 20 20 20
20 20 20 20 20 20 20 20  20 2e 2e 2e 64 2c 0a 20
20 20 20 20 20 20 20 20  20 20 20 20 20 5b 69 64
5d 3a 20 7b 20 73 74 61  74 65 3a 20 22 64 6f 77
6e 6c 6f 61 64 69 6e 67  22 2c 20 70 72 6f 67 72
65 73 73 3a 20 6a 2e 70  63 74 20 7d 2c 0a 20 20
20 20 20 20 20 20 20 20  20 20 7d 29 29 3b 0a 20
20 20 20 20 20 20 20 20  20 65 6c 73 65 20 69 66
20 28 6a 2e 74 20 3d 3d  3d 20 22 64 6f 6e 65 22
29 20 7b 0a 20 20 20 20  20 20 20 20 20 20 20 20
73 65 74 44 6c 28 28 64  29 20 3d 3e 20 28 7b 0a
20 20 20 20 20 20 20 20  20 20 20 20 20 20 2e 2e
2e 64 2c 0a 20 20 20 20  20 20 20 20 20 20 20 20
20 20 5b 69 64 5d 3a 20  7b 20 73 74 61 74 65 3a
20 22 64 6f 6e 65 22 2c  20 70 72 6f 67 72 65 73
73 3a 20 31 30 30 2c 20  70 6f 72 74 3a 20 6a 2e
6d 6f 64 65 6c 2e 70 6f  72 74 20 7d 2c 0a 20 20
20 20 20 20 20 20 20 20  20 20 7d 29 29 3b 0a 20
20 20 20 20 20 20 20 20  20 20 20 6c 6f 61 64 4c
6f 63 61 6c 28 29 3b 0a  20 20 20 20 20 20 20 20
20 20 20 20 6f 6e 43 68  61 6e 67 65 64 20 26 26
20 6f 6e 43 68 61 6e 67  65 64 28 29 3b 0a 20 20
20 20 20 20 20 20 20 20  7d 20 65 6c 73 65 20 69
66 20 28 6a 2e 74 20 3d  3d 3d 20 22 65 72 72 22
29 20 7b 0a 20 20 20 20  20 20 20 20 20 20 20 20
73 65 74 44 6c 28 28 64  29 20 3d 3e 20 28 7b 20
2e 2e 2e 64 2c 20 5b 69  64 5d 3a 20 7b 20 73 74
61 74 65 3a 20 22 69 64  6c 65 22 20 7d 20 7d 29
29 3b 0a 20 20 20 20 20  20 20 20 20 20 20 20 73
65 74 4d 73 67 28 22 47  61 67 61 6c 20 75 6e 64
75 68 3a 20 22 20 2b 20  6a 2e 6d 29 3b 0a 20 20
20 20 20 20 20 20 20 20  7d 0a 20 20 20 20 20 20
20 20 7d 0a 20 20 20 20  20 20 7d 0a 20 20 20 20
7d 20 63 61 74 63 68 20  28 65 29 20 7b 0a 20 20
20 20 20 20 69 66 20 28  65 2e 6e 61 6d 65 20 21
3d 3d 20 22 41 62 6f 72  74 45 72 72 6f 72 22 29
20 7b 0a 20 20 20 20 20  20 20 20 73 65 74 44 6c
28 28 64 29 20 3d 3e 20  28 7b 20 2e 2e 2e 64 2c
20 5b 69 64 5d 3a 20 7b  20 73 74 61 74 65 3a 20
22 69 64 6c 65 22 20 7d  20 7d 29 29 3b 0a 20 20
20 20 20 20 20 20 73 65  74 4d 73 67 28 22 47 61
67 61 6c 3a 20 22 20 2b  20 65 2e 6d 65 73 73 61
67 65 29 3b 0a 20 20 20  20 20 20 7d 0a 20 20 20
20 7d 0a 20 20 7d 3b 0a  20 20 72 65 74 75 72 6e
20 28 0a 20 20 20 20 3c  64 69 76 20 63 6c 61 73
73 4e 61 6d 65 3d 22 68  75 62 22 3e 0a 20 20 20
20 20 20 3c 68 65 61 64  65 72 20 63 6c 61 73 73
4e 61 6d 65 3d 22 68 75  62 2d 68 65 61 64 65 72
22 3e 0a 20 20 20 20 20  20 20 20 3c 64 69 76 20
63 6c 61 73 73 4e 61 6d  65 3d 22 68 75 62 2d 74
69 74 6c 65 2d 67 72 6f  75 70 22 3e 0a 20 20 20
20 20 20 20 20 20 20 3c  73 70 61 6e 20 63 6c 61
73 73 4e 61 6d 65 3d 22  68 75 62 2d 68 66 2d 6d
61 72 6b 22 3e 0a 20 20  20 20 20 20 20 20 20 20
20 20 3c 48 75 62 49 63  6f 6e 2e 68 66 20 2f 3e
0a 20 20 20 20 20 20 20  20 20 20 3c 2f 73 70 61
6e 3e 0a 20 20 20 20 20  20 20 20 20 20 3c 73 70
61 6e 20 63 6c 61 73 73  4e 61 6d 65 3d 22 68 75
62 2d 74 69 74 6c 65 22  3e 4d 6f 64 65 6c 20 48
75 62 3c 2f 73 70 61 6e  3e 0a 20 20 20 20 20 20
20 20 20 20 3c 73 70 61  6e 20 63 6c 61 73 73 4e
61 6d 65 3d 22 68 75 62  2d 73 75 62 74 69 74 6c
65 22 3e 0a 20 20 20 20  20 20 20 20 20 20 20 20
7b 73 6f 75 72 63 65 20  3d 3d 3d 20 22 6f 6c 6c
61 6d 61 22 20 3f 20 22  4f 6c 6c 61 6d 61 20 c2
b7 20 72 65 61 6c 74 69  6d 65 22 20 3a 20 22 48
75 67 67 69 6e 67 20 46  61 63 65 20 c2 b7 20 47
47 55 46 22 7d 0a 20 20  20 20 20 20 20 20 20 20
3c 2f 73 70 61 6e 3e 0a  20 20 20 20 20 20 20 20
3c 2f 64 69 76 3e 0a 20  20 20 20 20 20 20 20 3c
64 69 76 20 63 6c 61 73  73 4e 61 6d 65 3d 22 74
62 2d 73 70 61 63 65 72  22 20 2f 3e 0a 20 20 20
20 20 20 20 20 3c 64 69  76 20 63 6c 61 73 73 4e
61 6d 65 3d 22 68 75 62  2d 73 6f 75 72 63 65 22
3e 0a 20 20 20 20 20 20  20 20 20 20 3c 62 75 74
74 6f 6e 0a 20 20 20 20  20 20 20 20 20 20 20 20
63 6c 61 73 73 4e 61 6d  65 3d 7b 73 6f 75 72 63
65 20 3d 3d 3d 20 22 68  66 22 20 3f 20 22 61 63
74 69 76 65 22 20 3a 20  22 22 7d 0a 20 20 20 20
20 20 20 20 20 20 20 20  6f 6e 43 6c 69 63 6b 3d
7b 28 29 20 3d 3e 20 73  65 74 53 6f 75 72 63 65
28 22 68 66 22 29 7d 0a  20 20 20 20 20 20 20 20
20 20 3e 0a 20 20 20 20  20 20 20 20 20 20 20 20
48 75 67 67 69 6e 67 20  46 61 63 65 0a 20 20 20
20 20 20 20 20 20 20 3c  2f 62 75 74 74 6f 6e 3e
0a 20 20 20 20 20 20 20  20 20 20 3c 62 75 74 74
6f 6e 0a 20 20 20 20 20  20 20 20 20 20 20 20 63
6c 61 73 73 4e 61 6d 65  3d 7b 73 6f 75 72 63 65
20 3d 3d 3d 20 22 6f 6c  6c 61 6d 61 22 20 3f 20
22 61 63 74 69 76 65 22  20 3a 20 22 22 7d 0a 20
20 20 20 20 20 20 20 20  20 20 20 6f 6e 43 6c 69
63 6b 3d 7b 28 29 20 3d  3e 20 73 65 74 53 6f 75
72 63 65 28 22 6f 6c 6c  61 6d 61 22 29 7d 0a 20
20 20 20 20 20 20 20 20  20 3e 0a 20 20 20 20 20
20 20 20 20 20 20 20 4f  6c 6c 61 6d 61 0a 20 20
20 20 20 20 20 20 20 20  3c 2f 62 75 74 74 6f 6e
3e 0a 20 20 20 20 20 20  20 20 3c 2f 64 69 76 3e
0a 20 20 20 20 20 20 3c  2f 68 65 61 64 65 72 3e
0a 20 20 20 20 20 20 3c  64 69 76 20 63 6c 61 73
73 4e 61 6d 65 3d 22 68  75 62 2d 62 6f 64 79 22
3e 0a 20 20 20 20 20 20  20 20 3c 64 69 76 20 63
6c 61 73 73 4e 61 6d 65  3d 22 68 75 62 2d 69 6e
6e 65 72 22 3e 0a 20 20  20 20 20 20 20 20 20 20
7b 6c 6f 63 61 6c 2e 6c  65 6e 67 74 68 20 3e 20
30 20 26 26 20 28 0a 20  20 20 20 20 20 20 20 20
20 20 20 3c 64 69 76 20  63 6c 61 73 73 4e 61 6d
65 3d 22 68 75 62 2d 6c  6f 63 61 6c 22 3e 0a 20
20 20 20 20 20 20 20 20  20 20 20 20 20 3c 64 69
76 20 63 6c 61 73 73 4e  61 6d 65 3d 22 68 75 62
2d 6c 6f 63 61 6c 2d 74  69 74 6c 65 22 3e 0a 20
20 20 20 20 20 20 20 20  20 20 20 20 20 20 20 f0
9f 93 a6 20 4d 6f 64 65  6c 20 54 65 72 75 6e 64
75 68 20 28 7b 6c 6f 63  61 6c 2e 6c 65 6e 67 74
68 7d 29 0a 20 20 20 20  20 20 20 20 20 20 20 20
20 20 3c 2f 64 69 76 3e  0a 20 20 20 20 20 20 20
20 20 20 20 20 20 20 7b  6c 6f 63 61 6c 2e 6d 61
70 28 28 6d 29 20 3d 3e  20 28 0a 20 20 20 20 20
20 20 20 20 20 20 20 20  20 20 20 3c 64 69 76 20
63 6c 61 73 73 4e 61 6d  65 3d 22 68 75 62 2d 6c
6f 63 61 6c 2d 72 6f 77  22 20 6b 65 79 3d 7b 6d
2e 70 6f 72 74 7d 3e 0a  20 20 20 20 20 20 20 20
20 20 20 20 20 20 20 20  20 20 3c 64 69 76 20 63
6c 61 73 73 4e 61 6d 65  3d 22 68 75 62 2d 6c 6f
63 61 6c 2d 69 6e 66 6f  22 3e 0a 20 20 20 20 20
20 20 20 20 20 20 20 20  20 20 20 20 20 20 20 3c
62 3e 7b 6d 2e 6e 61 6d  65 7d 3c 2f 62 3e 0a 20
20 20 20 20 20 20 20 20  20 20 20 20 20 20 20 20
20 20 20 3c 73 70 61 6e  3e 0a 20 20 20 20 20 20
20 20 20 20 20 20 20 20  20 20 20 20 20 20 20 20
7b 6d 2e 73 69 7a 65 20  3f 20 66 6d 74 53 69 7a
65 28 6d 2e 73 69 7a 65  29 20 3a 20 22 22 7d 20
c2 b7 20 70 6f 72 74 20  7b 6d 2e 70 6f 72 74 7d
0a 20 20 20 20 20 20 20  20 20 20 20 20 20 20 20
20 20 20 20 20 3c 2f 73  70 61 6e 3e 0a 20 20 20
20 20 20 20 20 20 20 20  20 20 20 20 20 20 20 3c
2f 64 69 76 3e 0a 20 20  20 20 20 20 20 20 20 20
20 20 20 20 20 20 20 20  3c 62 75 74 74 6f 6e 20
63 6c 61 73 73 4e 61 6d  65 3d 22 6d 2d 75 73 65
2d 62 74 6e 22 20 6f 6e  43 6c 69 63 6b 3d 7b 28
29 20 3d 3e 20 6f 6e 55  73 65 28 6d 2e 70 6f 72
74 29 7d 3e 0a 20 20 20  20 20 20 20 20 20 20 20
20 20 20 20 20 20 20 20  20 47 75 6e 61 6b 61 6e
0a 20 20 20 20 20 20 20  20 20 20 20 20 20 20 20
20 20 20 3c 2f 62 75 74  74 6f 6e 3e 0a 20 20 20
20 20 20 20 20 20 20 20  20 20 20 20 20 20 20 3c
62 75 74 74 6f 6e 20 63  6c 61 73 73 4e 61 6d 65
3d 22 68 75 62 2d 64 65  6c 22 20 6f 6e 43 6c 69
63 6b 3d 7b 28 29 20 3d  3e 20 64 65 6c 4d 6f 64
65 6c 28 6d 2e 70 6f 72  74 29 7d 3e 0a 20 20 20
20 20 20 20 20 20 20 20  20 20 20 20 20 20 20 20
20 48 61 70 75 73 0a 20  20 20 20 20 20 20 20 20
20 20 20 20 20 20 20 20  20 3c 2f 62 75 74 74 6f
6e 3e 0a 20 20 20 20 20  20 20 20 20 20 20 20 20
20 20 20 3c 2f 64 69 76  3e 0a 20 20 20 20 20 20
20 20 20 20 20 20 20 20  29 29 7d 0a 20 20 20 20
20 20 20 20 20 20 20 20  3c 2f 64 69 76 3e 0a 20
20 20 20 20 20 20 20 20  20 29 7d 0a 20 20 20 20
20 20 20 20 20 20 3c 64  69 76 20 63 6c 61 73 73
4e 61 6d 65 3d 22 68 75  62 2d 63 6f 6e 74 72 6f
6c 73 22 3e 0a 20 20 20  20 20 20 20 20 20 20 20
20 3c 64 69 76 20 63 6c  61 73 73 4e 61 6d 65 3d
22 68 75 62 2d 73 65 61  72 63 68 22 3e 0a 20 20
20 20 20 20 20 20 20 20  20 20 20 20 3c 48 75 62
49 63 6f 6e 2e 73 65 61  72 63 68 20 2f 3e 0a 20
20 20 20 20 20 20 20 20  20 20 20 20 20 3c 69 6e
70 75 74 0a 20 20 20 20  20 20 20 20 20 20 20 20
20 20 20 20 70 6c 61 63  65 68 6f 6c 64 65 72 3d
7b 0a 20 20 20 20 20 20  20 20 20 20 20 20 20 20
20 20 20 20 73 6f 75 72  63 65 20 3d 3d 3d 20 22
6f 6c 6c 61 6d 61 22 0a  20 20 20 20 20 20 20 20
20 20 20 20 20 20 20 20  20 20 20 20 3f 20 22 43
61 72 69 20 6d 6f 64 65  6c 20 4f 6c 6c 61 6d 61
e2 80 a6 20 28 6c 6c 61  6d 61 2c 20 71 77 65 6e
2c 20 64 65 65 70 73 65  65 6b 2c 20 70 68 69 29
22 0a 20 20 20 20 20 20  20 20 20 20 20 20 20 20
20 20 20 20 20 20 3a 20  22 43 61 72 69 20 6d 6f
64 65 6c 20 47 47 55 46  e2 80 a6 20 28 6c 6c 61
6d 61 2c 20 63 6f 64 65  72 2c 20 71 77 65 6e 2c
20 70 68 69 29 22 0a 20  20 20 20 20 20 20 20 20
20 20 20 20 20 20 20 7d  0a 20 20 20 20 20 20 20
20 20 20 20 20 20 20 20  20 76 61 6c 75 65 3d 7b
71 7d 0a 20 20 20 20 20  20 20 20 20 20 20 20 20
20 20 20 6f 6e 43 68 61  6e 67 65 3d 7b 28 65 29
20 3d 3e 20 73 65 74 51  28 65 2e 74 61 72 67 65
74 2e 76 61 6c 75 65 29  7d 0a 20 20 20 20 20 20
20 20 20 20 20 20 20 20  20 20 6f 6e 4b 65 79 44
6f 77 6e 3d 7b 28 65 29  20 3d 3e 20 7b 0a 20 20
20 20 20 20 20 20 20 20  20 20 20 20 20 20 20 20
69 66 20 28 65 2e 6b 65  79 20 3d 3d 3d 20 22 45
6e 74 65 72 22 29 20 7b  0a 20 20 20 20 20 20 20
20 20 20 20 20 20 20 20  20 20 20 20 20 73 6f 75
72 63 65 20 3d 3d 3d 20  22 6f 6c 6c 61 6d 61 22
20 3f 20 73 75 62 6d 69  74 4f 28 29 20 3a 20 73
75 62 6d 69 74 28 29 3b  0a 20 20 20 20 20 20 20
20 20 20 20 20 20 20 20  20 20 20 7d 0a 20 20 20
20 20 20 20 20 20 20 20  20 20 20 20 20 7d 7d 0a
20 20 20 20 20 20 20 20  20 20 20 20 20 20 2f 3e
0a 20 20 20 20 20 20 20  20 20 20 20 20 3c 2f 64
69 76 3e 0a 20 20 20 20  20 20 20 20 20 20 3c 2f
64 69 76 3e 0a 20 20 20  20 20 20 20 20 20 20 7b
73 6f 75 72 63 65 20 3d  3d 3d 20 22 68 66 22 20
26 26 20 28 0a 20 20 20  20 20 20 20 20 20 20 20
20 3c 64 69 76 20 63 6c  61 73 73 4e 61 6d 65 3d
22 68 75 62 2d 66 69 6c  74 65 72 73 22 3e 0a 20
20 20 20 20 20 20 20 20  20 20 20 20 20 7b 48 55
42 5f 43 41 54 53 2e 6d  61 70 28 28 63 29 20 3d
3e 20 28 0a 20 20 20 20  20 20 20 20 20 20 20 20
20 20 20 20 3c 62 75 74  74 6f 6e 0a 20 20 20 20
20 20 20 20 20 20 20 20  20 20 20 20 20 20 6b 65
79 3d 7b 63 2e 6b 65 79  7d 0a 20 20 20 20 20 20
20 20 20 20 20 20 20 20  20 20 20 20 63 6c 61 73
73 4e 61 6d 65 3d 7b 22  68 75 62 2d 66 69 6c 74
65 72 22 20 2b 20 28 63  61 74 20 3d 3d 3d 20 63
2e 6b 65 79 20 3f 20 22  20 61 63 74 69 76 65 22
20 3a 20 22 22 29 7d 0a  20 20 20 20 20 20 20 20
20 20 20 20 20 20 20 20  20 20 6f 6e 43 6c 69 63
6b 3d 7b 28 29 20 3d 3e  20 7b 0a 20 20 20 20 20
20 20 20 20 20 20 20 20  20 20 20 20 20 20 20 73
65 74 51 28 22 22 29 3b  0a 20 20 20 20 20 20 20
20 20 20 20 20 20 20 20  20 20 20 20 20 73 65 74
43 61 74 28 63 2e 6b 65  79 29 3b 0a 20 20 20 20
20 20 20 20 20 20 20 20  20 20 20 20 20 20 7d 7d
0a 20 20 20 20 20 20 20  20 20 20 20 20 20 20 20
20 3e 0a 20 20 20 20 20  20 20 20 20 20 20 20 20
20 20 20 20 20 7b 63 2e  6c 61 62 65 6c 7d 0a 20
20 20 20 20 20 20 20 20  20 20 20 20 20 20 20 3c
2f 62 75 74 74 6f 6e 3e  0a 20 20 20 20 20 20 20
20 20 20 20 20 20 20 29  29 7d 0a 20 20 20 20 20
20 20 20 20 20 20 20 3c  2f 64 69 76 3e 0a 20 20
20 20 20 20 20 20 20 20  29 7d 0a 0a 20 20 20 20
20 20 20 20 20 20 7b 73  6f 75 72 63 65 20 3d 3d
3d 20 22 6f 6c 6c 61 6d  61 22 20 3f 20 28 0a 20
20 20 20 20 20 20 20 20  20 20 20 6f 6c 6c 4c 6f
61 64 69 6e 67 20 3f 20  28 0a 20 20 20 20 20 20
20 20 20 20 20 20 20 20  3c 64 69 76 20 63 6c 61
73 73 4e 61 6d 65 3d 22  68 75 62 2d 65 6d 70 74
79 22 3e 0a 20 20 20 20  20 20 20 20 20 20 20 20
20 20 20 20 3c 48 75 62  49 63 6f 6e 2e 6c 6f 61
64 65 72 20 63 6c 61 73  73 4e 61 6d 65 3d 22 73
70 69 6e 22 20 2f 3e 0a  20 20 20 20 20 20 20 20
20 20 20 20 20 20 20 20  3c 64 69 76 3e 4d 65 6d
75 61 74 20 64 61 72 69  20 4f 6c 6c 61 6d 61 e2
80 a6 3c 2f 64 69 76 3e  0a 20 20 20 20 20 20 20
20 20 20 20 20 20 20 3c  2f 64 69 76 3e 0a 20 20
20 20 20 20 20 20 20 20  20 20 29 20 3a 20 6f 6c
6c 2e 6c 65 6e 67 74 68  20 3f 20 28 0a 20 20 20
20 20 20 20 20 20 20 20  20 20 20 3c 64 69 76 20
63 6c 61 73 73 4e 61 6d  65 3d 22 68 75 62 2d 67
72 69 64 22 3e 0a 20 20  20 20 20 20 20 20 20 20
20 20 20 20 20 20 7b 6f  6c 6c 2e 6d 61 70 28 28
6d 29 20 3d 3e 20 28 0a  20 20 20 20 20 20 20 20
20 20 20 20 20 20 20 20  20 20 3c 64 69 76 20 63
6c 61 73 73 4e 61 6d 65  3d 22 6d 2d 63 61 72 64
22 20 6b 65 79 3d 7b 6d  2e 6e 61 6d 65 7d 3e 0a
20 20 20 20 20 20 20 20  20 20 20 20 20 20 20 20
20 20 20 20 3c 64 69 76  20 63 6c 61 73 73 4e 61
6d 65 3d 22 6d 2d 63 61  72 64 2d 68 65 61 64 22
3e 0a 20 20 20 20 20 20  20 20 20 20 20 20 20 20
20 20 20 20 20 20 20 20  3c 4c 4c 4d 4c 6f 67 6f
20 6e 61 6d 65 3d 7b 6d  2e 6e 61 6d 65 7d 20 2f
3e 0a 20 20 20 20 20 20  20 20 20 20 20 20 20 20
20 20 20 20 20 20 20 20  3c 64 69 76 20 63 6c 61
73 73 4e 61 6d 65 3d 22  6d 2d 63 61 72 64 2d 69
6e 66 6f 22 3e 0a 20 20  20 20 20 20 20 20 20 20
20 20 20 20 20 20 20 20  20 20 20 20 20 20 3c 64
69 76 20 63 6c 61 73 73  4e 61 6d 65 3d 22 6d 2d
63 61 72 64 2d 6e 61 6d  65 22 3e 7b 6d 2e 6e 61
6d 65 7d 3c 2f 64 69 76  3e 0a 20 20 20 20 20 20
20 20 20 20 20 20 20 20  20 20 20 20 20 20 20 20
20 20 3c 64 69 76 20 63  6c 61 73 73 4e 61 6d 65
3d 22 6d 2d 63 61 72 64  2d 69 64 22 3e 0a 20 20
20 20 20 20 20 20 20 20  20 20 20 20 20 20 20 20
20 20 20 20 20 20 20 20  7b 6f 6c 6c 61 6d 61 42
72 61 6e 64 28 6d 2e 6e  61 6d 65 29 2e 6b 65 79
20 21 3d 3d 20 22 67 65  6e 65 72 69 63 22 0a 20
20 20 20 20 20 20 20 20  20 20 20 20 20 20 20 20
20 20 20 20 20 20 20 20  20 20 20 3f 20 6f 6c 6c
61 6d 61 42 72 61 6e 64  28 6d 2e 6e 61 6d 65 29
2e 6b 65 79 0a 20 20 20  20 20 20 20 20 20 20 20
20 20 20 20 20 20 20 20  20 20 20 20 20 20 20 20
20 3a 20 22 6f 6c 6c 61  6d 61 22 7d 0a 20 20 20
20 20 20 20 20 20 20 20  20 20 20 20 20 20 20 20
20 20 20 20 20 3c 2f 64  69 76 3e 0a 20 20 20 20
20 20 20 20 20 20 20 20  20 20 20 20 20 20 20 20
20 20 3c 2f 64 69 76 3e  0a 20 20 20 20 20 20 20
20 20 20 20 20 20 20 20  20 20 20 20 20 3c 2f 64
69 76 3e 0a 20 20 20 20  20 20 20 20 20 20 20 20
20 20 20 20 20 20 20 20  3c 70 20 63 6c 61 73 73
4e 61 6d 65 3d 22 6d 2d  63 61 72 64 2d 64 65 73
63 22 3e 7b 6d 2e 64 65  73 63 72 69 70 74 69 6f
6e 7d 3c 2f 70 3e 0a 20  20 20 20 20 20 20 20 20
20 20 20 20 20 20 20 20  20 20 20 7b 6d 2e 63 61
70 61 62 69 6c 69 74 69  65 73 2e 6c 65 6e 67 74
68 20 3e 20 30 20 26 26  20 28 0a 20 20 20 20 20
20 20 20 20 20 20 20 20  20 20 20 20 20 20 20 20
20 3c 64 69 76 20 63 6c  61 73 73 4e 61 6d 65 3d
22 6d 2d 63 61 72 64 2d  74 61 67 73 22 3e 0a 20
20 20 20 20 20 20 20 20  20 20 20 20 20 20 20 20
20 20 20 20 20 20 20 7b  6d 2e 63 61 70 61 62 69
6c 69 74 69 65 73 2e 6d  61 70 28 28 63 29 20 3d
3e 20 28 0a 20 20 20 20  20 20 20 20 20 20 20 20
20 20 20 20 20 20 20 20  20 20 20 20 20 20 3c 73
70 61 6e 20 6b 65 79 3d  7b 63 7d 20 63 6c 61 73
73 4e 61 6d 65 3d 7b 22  6d 2d 63 61 70 20 22 20
2b 20 63 61 70 43 6c 61  73 73 28 63 29 7d 3e 0a
20 20 20 20 20 20 20 20  20 20 20 20 20 20 20 20
20 20 20 20 20 20 20 20  20 20 20 20 7b 63 7d 0a
20 20 20 20 20 20 20 20  20 20 20 20 20 20 20 20
20 20 20 20 20 20 20 20  20 20 3c 2f 73 70 61 6e
3e 0a 20 20 20 20 20 20  20 20 20 20 20 20 20 20
20 20 20 20 20 20 20 20  20 20 29 29 7d 0a 20 20
20 20 20 20 20 20 20 20  20 20 20 20 20 20 20 20
20 20 20 20 3c 2f 64 69  76 3e 0a 20 20 20 20 20
20 20 20 20 20 20 20 20  20 20 20 20 20 20 20 29
7d 0a 20 20 20 20 20 20  20 20 20 20 20 20 20 20
20 20 20 20 20 20 7b 6d  2e 73 69 7a 65 73 2e 6c
65 6e 67 74 68 20 3e 20  30 20 26 26 0a 20 20 20
20 20 20 20 20 20 20 20  20 20 20 20 20 20 20 20
20 20 20 28 28 29 20 3d  3e 20 7b 0a 20 20 20 20
20 20 20 20 20 20 20 20  20 20 20 20 20 20 20 20
20 20 20 20 63 6f 6e 73  74 20 63 75 72 20 3d 20
6f 53 69 7a 65 5b 6d 2e  6e 61 6d 65 5d 20 7c 7c
20 73 6d 61 6c 6c 65 73  74 54 61 67 28 6d 2e 73
69 7a 65 73 29 3b 0a 20  20 20 20 20 20 20 20 20
20 20 20 20 20 20 20 20  20 20 20 20 20 20 20 72
65 74 75 72 6e 20 28 0a  20 20 20 20 20 20 20 20
20 20 20 20 20 20 20 20  20 20 20 20 20 20 20 20
20 20 3c 64 69 76 20 63  6c 61 73 73 4e 61 6d 65
3d 22 6d 2d 63 61 72 64  2d 74 61 67 73 20 6d 2d
73 69 7a 65 2d 72 6f 77  22 3e 0a 20 20 20 20 20
20 20 20 20 20 20 20 20  20 20 20 20 20 20 20 20
20 20 20 20 20 20 20 7b  6d 2e 73 69 7a 65 73 2e
6d 61 70 28 28 73 29 20  3d 3e 20 28 0a 20 20 20
20 20 20 20 20 20 20 20  20 20 20 20 20 20 20 20
20 20 20 20 20 20 20 20  20 20 20 3c 62 75 74 74
6f 6e 0a 20 20 20 20 20  20 20 20 20 20 20 20 20
20 20 20 20 20 20 20 20  20 20 20 20 20 20 20 20
20 20 20 6b 65 79 3d 7b  73 7d 0a 20 20 20 20 20
20 20 20 20 20 20 20 20  20 20 20 20 20 20 20 20
20 20 20 20 20 20 20 20  20 20 20 63 6c 61 73 73
4e 61 6d 65 3d 7b 22 6d  2d 73 69 7a 65 22 20 2b
20 28 63 75 72 20 3d 3d  3d 20 73 20 3f 20 22 20
73 65 6c 22 20 3a 20 22  22 29 7d 0a 20 20 20 20
20 20 20 20 20 20 20 20  20 20 20 20 20 20 20 20
20 20 20 20 20 20 20 20  20 20 20 20 6f 6e 43 6c
69 63 6b 3d 7b 28 29 20  3d 3e 20 7b 0a 20 20 20
20 20 20 20 20 20 20 20  20 20 20 20 20 20 20 20
20 20 20 20 20 20 20 20  20 20 20 20 20 20 20 73
65 74 4f 53 69 7a 65 28  28 6f 29 20 3d 3e 20 28
7b 20 2e 2e 2e 6f 2c 20  5b 6d 2e 6e 61 6d 65 5d
3a 20 73 20 7d 29 29 3b  0a 20 20 20 20 20 20 20
20 20 20 20 20 20 20 20  20 20 20 20 20 20 20 20
20 20 20 20 20 20 20 20  20 20 20 72 65 73 6f 6c
76 65 53 69 7a 65 28 6d  2e 6e 61 6d 65 2c 20 73
29 3b 0a 20 20 20 20 20  20 20 20 20 20 20 20 20
20 20 20 20 20 20 20 20  20 20 20 20 20 20 20 20
20 20 20 7d 7d 0a 20 20  20 20 20 20 20 20 20 20
20 20 20 20 20 20 20 20  20 20 20 20 20 20 20 20
20 20 20 20 3e 0a 20 20  20 20 20 20 20 20 20 20
20 20 20 20 20 20 20 20  20 20 20 20 20 20 20 20
20 20 20 20 20 20 7b 73  7d 0a 20 20 20 20 20 20
20 20 20 20 20 20 20 20  20 20 20 20 20 20 20 20
20 20 20 20 20 20 20 20  3c 2f 62 75 74 74 6f 6e
3e 0a 20 20 20 20 20 20  20 20 20 20 20 20 20 20
20 20 20 20 20 20 20 20  20 20 20 20 20 20 29 29
7d 0a 20 20 20 20 20 20  20 20 20 20 20 20 20 20
20 20 20 20 20 20 20 20  20 20 20 20 3c 2f 64 69
76 3e 0a 20 20 20 20 20  20 20 20 20 20 20 20 20
20 20 20 20 20 20 20 20  20 20 20 29 3b 0a 20 20
20 20 20 20 20 20 20 20  20 20 20 20 20 20 20 20
20 20 20 20 7d 29 28 29  7d 0a 20 20 20 20 20 20
20 20 20 20 20 20 20 20  20 20 20 20 20 20 7b 28
28 29 20 3d 3e 20 7b 0a  20 20 20 20 20 20 20 20
20 20 20 20 20 20 20 20  20 20 20 20 20 20 63 6f
6e 73 74 20 74 61 67 20  3d 20 6f 53 69 7a 65 5b
6d 2e 6e 61 6d 65 5d 20  7c 7c 20 73 6d 61 6c 6c
65 73 74 54 61 67 28 6d  2e 73 69 7a 65 73 29 3b
0a 20 20 20 20 20 20 20  20 20 20 20 20 20 20 20
20 20 20 20 20 20 20 63  6f 6e 73 74 20 62 20 3d
20 6f 42 79 74 65 73 5b  6d 2e 6e 61 6d 65 20 2b
20 22 3a 22 20 2b 20 74  61 67 5d 3b 0a 20 20 20
20 20 20 20 20 20 20 20  20 20 20 20 20 20 20 20
20 20 20 72 65 74 75 72  6e 20 28 0a 20 20 20 20
20 20 20 20 20 20 20 20  20 20 20 20 20 20 20 20
20 20 20 20 3c 64 69 76  20 63 6c 61 73 73 4e 61
6d 65 3d 22 6d 2d 63 61  72 64 2d 6d 65 74 61 22
3e 0a 20 20 20 20 20 20  20 20 20 20 20 20 20 20
20 20 20 20 20 20 20 20  20 20 20 20 3c 73 70 61
6e 20 63 6c 61 73 73 4e  61 6d 65 3d 22 6d 2d 64
6c 73 69 7a 65 22 3e 0a  20 20 20 20 20 20 20 20
20 20 20 20 20 20 20 20  20 20 20 20 20 20 20 20
20 20 20 20 7b 62 20 3d  3d 3d 20 75 6e 64 65 66
69 6e 65 64 20 3f 20 28  0a 20 20 20 20 20 20 20
20 20 20 20 20 20 20 20  20 20 20 20 20 20 20 20
20 20 20 20 20 20 20 3c  73 70 61 6e 20 73 74 79
6c 65 3d 7b 7b 20 6f 70  61 63 69 74 79 3a 20 30
2e 35 20 7d 7d 3e e2 ac  87 20 e2 80 94 3c 2f 73
70 61 6e 3e 0a 20 20 20  20 20 20 20 20 20 20 20
20 20 20 20 20 20 20 20  20 20 20 20 20 20 20 20
20 29 20 3a 20 62 20 3d  3d 3d 20 6e 75 6c 6c 20
3f 20 28 0a 20 20 20 20  20 20 20 20 20 20 20 20
20 20 20 20 20 20 20 20  20 20 20 20 20 20 20 20
20 20 3c 73 70 61 6e 20  73 74 79 6c 65 3d 7b 7b
20 6f 70 61 63 69 74 79  3a 20 30 2e 35 20 7d 7d
3e 0a 20 20 20 20 20 20  20 20 20 20 20 20 20 20
20 20 20 20 20 20 20 20  20 20 20 20 20 20 20 20
20 20 e2 ac 87 20 6d 65  6e 67 68 69 74 75 6e 67
e2 80 a6 0a 20 20 20 20  20 20 20 20 20 20 20 20
20 20 20 20 20 20 20 20  20 20 20 20 20 20 20 20
20 20 3c 2f 73 70 61 6e  3e 0a 20 20 20 20 20 20
20 20 20 20 20 20 20 20  20 20 20 20 20 20 20 20
20 20 20 20 20 20 29 20  3a 20 62 20 3e 20 30 20
3f 20 28 0a 20 20 20 20  20 20 20 20 20 20 20 20
20 20 20 20 20 20 20 20  20 20 20 20 20 20 20 20
20 20 3c 63 6f 64 65 3e  0a 20 20 20 20 20 20 20
20 20 20 20 20 20 20 20  20 20 20 20 20 20 20 20
20 20 20 20 20 20 20 20  20 e2 ac 87 20 7b 66 6d
74 53 69 7a 65 28 62 29  7d 20 c2 b7 20 7b 74 61
67 7d 0a 20 20 20 20 20  20 20 20 20 20 20 20 20
20 20 20 20 20 20 20 20  20 20 20 20 20 20 20 20
20 3c 2f 63 6f 64 65 3e  0a 20 20 20 20 20 20 20
20 20 20 20 20 20 20 20  20 20 20 20 20 20 20 20
20 20 20 20 20 29 20 3a  20 28 0a 20 20 20 20 20
20 20 20 20 20 20 20 20  20 20 20 20 20 20 20 20
20 20 20 20 20 20 20 20  20 3c 73 70 61 6e 20 73
74 79 6c 65 3d 7b 7b 20  6f 70 61 63 69 74 79 3a
20 30 2e 35 20 7d 7d 3e  e2 ac 87 20 3f 3c 2f 73
70 61 6e 3e 0a 20 20 20  20 20 20 20 20 20 20 20
20 20 20 20 20 20 20 20  20 20 20 20 20 20 20 20
20 29 7d 0a 20 20 20 20  20 20 20 20 20 20 20 20
20 20 20 20 20 20 20 20  20 20 20 20 20 20 3c 2f
73 70 61 6e 3e 0a 20 20  20 20 20 20 20 20 20 20
20 20 20 20 20 20 20 20  20 20 20 20 20 20 20 20
3c 73 70 61 6e 3e 0a 20  20 20 20 20 20 20 20 20
20 20 20 20 20 20 20 20  20 20 20 20 20 20 20 20
20 20 20 3c 48 75 62 49  63 6f 6e 2e 64 6c 20 73
74 79 6c 65 3d 7b 7b 20  77 69 64 74 68 3a 20 31
32 2c 20 68 65 69 67 68  74 3a 20 31 32 20 7d 7d
20 2f 3e 7b 22 20 22 7d  0a 20 20 20 20 20 20 20
20 20 20 20 20 20 20 20  20 20 20 20 20 20 20 20
20 20 20 20 20 7b 6d 2e  70 75 6c 6c 73 7d 0a 20
20 20 20 20 20 20 20 20  20 20 20 20 20 20 20 20
20 20 20 20 20 20 20 20  20 3c 2f 73 70 61 6e 3e
0a 20 20 20 20 20 20 20  20 20 20 20 20 20 20 20
20 20 20 20 20 20 20 20  20 20 20 3c 73 70 61 6e
3e f0 9f 8f b7 20 7b 6d  2e 74 61 67 73 7d 3c 2f
73 70 61 6e 3e 0a 20 20  20 20 20 20 20 20 20 20
20 20 20 20 20 20 20 20  20 20 20 20 20 20 20 20
7b 6d 2e 75 70 64 61 74  65 64 20 26 26 20 3c 73
70 61 6e 3e e2 86 bb 20  7b 6d 2e 75 70 64 61 74
65 64 7d 3c 2f 73 70 61  6e 3e 7d 0a 20 20 20 20
20 20 20 20 20 20 20 20  20 20 20 20 20 20 20 20
20 20 20 20 3c 2f 64 69  76 3e 0a 20 20 20 20 20
20 20 20 20 20 20 20 20  20 20 20 20 20 20 20 20
20 29 3b 0a 20 20 20 20  20 20 20 20 20 20 20 20
20 20 20 20 20 20 20 20  7d 29 28 29 7d 0a 20 20
20 20 20 20 20 20 20 20  20 20 20 20 20 20 20 20
20 20 7b 28 28 29 20 3d  3e 20 7b 0a 20 20 20 20
20 20 20 20 20 20 20 20  20 20 20 20 20 20 20 20
20 20 63 6f 6e 73 74 20  74 61 67 20 3d 20 6f 53
69 7a 65 5b 6d 2e 6e 61  6d 65 5d 20 7c 7c 20 73
6d 61 6c 6c 65 73 74 54  61 67 28 6d 2e 73 69 7a
65 73 29 3b 0a 20 20 20  20 20 20 20 20 20 20 20
20 20 20 20 20 20 20 20  20 20 20 63 6f 6e 73 74
20 69 64 20 3d 20 6d 2e  6e 61 6d 65 20 2b 20 22
3a 22 20 2b 20 74 61 67  3b 0a 20 20 20 20 20 20
20 20 20 20 20 20 20 20  20 20 20 20 20 20 20 20
63 6f 6e 73 74 20 64 20  3d 20 64 6c 5b 69 64 5d
20 7c 7c 20 7b 7d 3b 0a  20 20 20 20 20 20 20 20
20 20 20 20 20 20 20 20  20 20 20 20 20 20 63 6f
6e 73 74 20 73 74 20 3d  20 64 2e 73 74 61 74 65
20 7c 7c 20 22 69 64 6c  65 22 3b 0a 20 20 20 20
20 20 20 20 20 20 20 20  20 20 20 20 20 20 20 20
20 20 72 65 74 75 72 6e  20 28 0a 20 20 20 20 20
20 20 20 20 20 20 20 20  20 20 20 20 20 20 20 20
20 20 20 3c 3e 0a 20 20  20 20 20 20 20 20 20 20
20 20 20 20 20 20 20 20  20 20 20 20 20 20 20 20
7b 73 74 20 3d 3d 3d 20  22 64 6f 77 6e 6c 6f 61
64 69 6e 67 22 20 26 26  20 28 0a 20 20 20 20 20
20 20 20 20 20 20 20 20  20 20 20 20 20 20 20 20
20 20 20 20 20 20 20 3c  64 69 76 20 63 6c 61 73
73 4e 61 6d 65 3d 22 6d  2d 70 72 6f 67 72 65 73
73 22 3e 0a 20 20 20 20  20 20 20 20 20 20 20 20
20 20 20 20 20 20 20 20  20 20 20 20 20 20 20 20
20 20 3c 64 69 76 20 63  6c 61 73 73 4e 61 6d 65
3d 22 6d 2d 70 72 6f 67  72 65 73 73 2d 62 61 72
22 3e 0a 20 20 20 20 20  20 20 20 20 20 20 20 20
20 20 20 20 20 20 20 20  20 20 20 20 20 20 20 20
20 20 20 3c 64 69 76 0a  20 20 20 20 20 20 20 20
20 20 20 20 20 20 20 20  20 20 20 20 20 20 20 20
20 20 20 20 20 20 20 20  20 20 63 6c 61 73 73 4e
61 6d 65 3d 22 6d 2d 70  72 6f 67 72 65 73 73 2d
66 69 6c 6c 22 0a 20 20  20 20 20 20 20 20 20 20
20 20 20 20 20 20 20 20  20 20 20 20 20 20 20 20
20 20 20 20 20 20 20 20  73 74 79 6c 65 3d 7b 7b
20 77 69 64 74 68 3a 20  28 64 2e 70 72 6f 67 72
65 73 73 20 7c 7c 20 30  29 20 2b 20 22 25 22 20
7d 7d 0a 20 20 20 20 20  20 20 20 20 20 20 20 20
20 20 20 20 20 20 20 20  20 20 20 20 20 20 20 20
20 20 20 2f 3e 0a 20 20  20 20 20 20 20 20 20 20
20 20 20 20 20 20 20 20  20 20 20 20 20 20 20 20
20 20 20 20 3c 2f 64 69  76 3e 0a 20 20 20 20 20
20 20 20 20 20 20 20 20  20 20 20 20 20 20 20 20
20 20 20 20 20 20 20 20  20 3c 64 69 76 20 63 6c
61 73 73 4e 61 6d 65 3d  22 6d 2d 70 72 6f 67 72
65 73 73 2d 69 6e 66 6f  22 3e 0a 20 20 20 20 20
20 20 20 20 20 20 20 20  20 20 20 20 20 20 20 20
20 20 20 20 20 20 20 20  20 20 20 3c 73 70 61 6e
3e 4d 65 6e 67 75 6e 64  75 68 20 7b 74 61 67 7d
e2 80 a6 3c 2f 73 70 61  6e 3e 0a 20 20 20 20 20
20 20 20 20 20 20 20 20  20 20 20 20 20 20 20 20
20 20 20 20 20 20 20 20  20 20 20 3c 73 70 61 6e
3e 7b 4d 61 74 68 2e 72  6f 75 6e 64 28 64 2e 70
72 6f 67 72 65 73 73 20  7c 7c 20 30 29 7d 25 3c
2f 73 70 61 6e 3e 0a 20  20 20 20 20 20 20 20 20
20 20 20 20 20 20 20 20  20 20 20 20 20 20 20 20
20 20 20 20 20 3c 2f 64  69 76 3e 0a 20 20 20 20
20 20 20 20 20 20 20 20  20 20 20 20 20 20 20 20
20 20 20 20 20 20 20 20  3c 2f 64 69 76 3e 0a 20
20 20 20 20 20 20 20 20  20 20 20 20 20 20 20 20
20 20 20 20 20 20 20 20  20 29 7d 0a 20 20 20 20
20 20 20 20 20 20 20 20  20 20 20 20 20 20 20 20
20 20 20 20 20 20 3c 64  69 76 20 63 6c 61 73 73
4e 61 6d 65 3d 22 6d 2d  63 61 72 64 2d 66 6f 6f
74 22 3e 0a 20 20 20 20  20 20 20 20 20 20 20 20
20 20 20 20 20 20 20 20  20 20 20 20 20 20 20 20
7b 73 74 20 3d 3d 3d 20  22 64 6f 6e 65 22 20 3f
20 28 0a 20 20 20 20 20  20 20 20 20 20 20 20 20
20 20 20 20 20 20 20 20  20 20 20 20 20 20 20 20
20 3c 3e 0a 20 20 20 20  20 20 20 20 20 20 20 20
20 20 20 20 20 20 20 20  20 20 20 20 20 20 20 20
20 20 20 20 3c 73 70 61  6e 20 63 6c 61 73 73 4e
61 6d 65 3d 22 6d 2d 64  6f 6e 65 2d 62 61 64 67
65 22 3e 0a 20 20 20 20  20 20 20 20 20 20 20 20
20 20 20 20 20 20 20 20  20 20 20 20 20 20 20 20
20 20 20 20 20 20 3c 48  75 62 49 63 6f 6e 2e 63
68 65 63 6b 20 2f 3e 20  54 65 72 75 6e 64 75 68
0a 20 20 20 20 20 20 20  20 20 20 20 20 20 20 20
20 20 20 20 20 20 20 20  20 20 20 20 20 20 20 20
20 3c 2f 73 70 61 6e 3e  0a 20 20 20 20 20 20 20
20 20 20 20 20 20 20 20  20 20 20 20 20 20 20 20
20 20 20 20 20 20 20 20  20 3c 62 75 74 74 6f 6e
0a 20 20 20 20 20 20 20  20 20 20 20 20 20 20 20
20 20 20 20 20 20 20 20  20 20 20 20 20 20 20 20
20 20 20 63 6c 61 73 73  4e 61 6d 65 3d 22 6d 2d
75 73 65 2d 62 74 6e 20  61 63 74 69 76 65 22 0a
20 20 20 20 20 20 20 20  20 20 20 20 20 20 20 20
20 20 20 20 20 20 20 20  20 20 20 20 20 20 20 20
20 20 6f 6e 43 6c 69 63  6b 3d 7b 28 29 20 3d 3e
20 6f 6e 55 73 65 28 64  2e 70 6f 72 74 29 7d 0a
20 20 20 20 20 20 20 20  20 20 20 20 20 20 20 20
20 20 20 20 20 20 20 20  20 20 20 20 20 20 20 20
3e 0a 20 20 20 20 20 20  20 20 20 20 20 20 20 20
20 20 20 20 20 20 20 20  20 20 20 20 20 20 20 20
20 20 20 20 47 75 6e 61  6b 61 6e 0a 20 20 20 20
20 20 20 20 20 20 20 20  20 20 20 20 20 20 20 20
20 20 20 20 20 20 20 20  20 20 20 20 3c 2f 62 75
74 74 6f 6e 3e 0a 20 20  20 20 20 20 20 20 20 20
20 20 20 20 20 20 20 20  20 20 20 20 20 20 20 20
20 20 20 20 20 20 3c 62  75 74 74 6f 6e 0a 20 20
20 20 20 20 20 20 20 20  20 20 20 20 20 20 20 20
20 20 20 20 20 20 20 20  20 20 20 20 20 20 20 20
63 6c 61 73 73 4e 61 6d  65 3d 22 68 75 62 2d 64
65 6c 22 0a 20 20 20 20  20 20 20 20 20 20 20 20
20 20 20 20 20 20 20 20  20 20 20 20 20 20 20 20
20 20 20 20 20 20 6f 6e  43 6c 69 63 6b 3d 7b 28
29 20 3d 3e 20 64 65 6c  4d 6f 64 65 6c 28 64 2e
70 6f 72 74 29 7d 0a 20  20 20 20 20 20 20 20 20
20 20 20 20 20 20 20 20  20 20 20 20 20 20 20 20
20 20 20 20 20 20 20 3e  0a 20 20 20 20 20 20 20
20 20 20 20 20 20 20 20  20 20 20 20 20 20 20 20
20 20 20 20 20 20 20 20  20 20 20 48 61 70 75 73
0a 20 20 20 20 20 20 20  20 20 20 20 20 20 20 20
20 20 20 20 20 20 20 20  20 20 20 20 20 20 20 20
20 3c 2f 62 75 74 74 6f  6e 3e 0a 20 20 20 20 20
20 20 20 20 20 20 20 20  20 20 20 20 20 20 20 20
20 20 20 20 20 20 20 20  20 3c 2f 3e 0a 20 20 20
20 20 20 20 20 20 20 20  20 20 20 20 20 20 20 20
20 20 20 20 20 20 20 20  20 29 20 3a 20 73 74 20
3d 3d 3d 20 22 64 6f 77  6e 6c 6f 61 64 69 6e 67
22 20 3f 20 28 0a 20 20  20 20 20 20 20 20 20 20
20 20 20 20 20 20 20 20  20 20 20 20 20 20 20 20
20 20 20 20 3c 3e 0a 20  20 20 20 20 20 20 20 20
20 20 20 20 20 20 20 20  20 20 20 20 20 20 20 20
20 20 20 20 20 20 20 3c  62 75 74 74 6f 6e 20 63
6c 61 73 73 4e 61 6d 65  3d 22 6d 2d 64 6c 2d 62
74 6e 22 20 64 69 73 61  62 6c 65 64 3e 0a 20 20
20 20 20 20 20 20 20 20  20 20 20 20 20 20 20 20
20 20 20 20 20 20 20 20  20 20 20 20 20 20 20 20
3c 48 75 62 49 63 6f 6e  2e 6c 6f 61 64 65 72 20
63 6c 61 73 73 4e 61 6d  65 3d 22 73 70 69 6e 22
20 2f 3e 20 4d 65 6e 67  75 6e 64 75 68 e2 80 a6
0a 20 20 20 20 20 20 20  20 20 20 20 20 20 20 20
20 20 20 20 20 20 20 20  20 20 20 20 20 20 20 20
20 3c 2f 62 75 74 74 6f  6e 3e 0a 20 20 20 20 20
20 20 20 20 20 20 20 20  20 20 20 20 20 20 20 20
20 20 20 20 20 20 20 20  20 20 20 3c 62 75 74 74
6f 6e 0a 20 20 20 20 20  20 20 20 20 20 20 20 20
20 20 20 20 20 20 20 20  20 20 20 20 20 20 20 20
20 20 20 20 20 63 6c 61  73 73 4e 61 6d 65 3d 22
68 75 62 2d 64 65 6c 22  0a 20 20 20 20 20 20 20
20 20 20 20 20 20 20 20  20 20 20 20 20 20 20 20
20 20 20 20 20 20 20 20  20 20 20 6f 6e 43 6c 69
63 6b 3d 7b 28 29 20 3d  3e 20 73 74 6f 70 28 69
64 29 7d 0a 20 20 20 20  20 20 20 20 20 20 20 20
20 20 20 20 20 20 20 20  20 20 20 20 20 20 20 20
20 20 20 20 3e 0a 20 20  20 20 20 20 20 20 20 20
20 20 20 20 20 20 20 20  20 20 20 20 20 20 20 20
20 20 20 20 20 20 20 20  53 74 6f 70 0a 20 20 20
20 20 20 20 20 20 20 20  20 20 20 20 20 20 20 20
20 20 20 20 20 20 20 20  20 20 20 20 20 3c 2f 62
75 74 74 6f 6e 3e 0a 20  20 20 20 20 20 20 20 20
20 20 20 20 20 20 20 20  20 20 20 20 20 20 20 20
20 20 20 20 20 3c 2f 3e  0a 20 20 20 20 20 20 20
20 20 20 20 20 20 20 20  20 20 20 20 20 20 20 20
20 20 20 20 20 29 20 3a  20 28 0a 20 20 20 20 20
20 20 20 20 20 20 20 20  20 20 20 20 20 20 20 20
20 20 20 20 20 20 20 20  20 3c 3e 0a 20 20 20 20
20 20 20 20 20 20 20 20  20 20 20 20 20 20 20 20
20 20 20 20 20 20 20 20  20 20 20 20 3c 62 75 74
74 6f 6e 0a 20 20 20 20  20 20 20 20 20 20 20 20
20 20 20 20 20 20 20 20  20 20 20 20 20 20 20 20
20 20 20 20 20 20 63 6c  61 73 73 4e 61 6d 65 3d
22 6d 2d 64 6c 2d 62 74  6e 22 0a 20 20 20 20 20
20 20 20 20 20 20 20 20  20 20 20 20 20 20 20 20
20 20 20 20 20 20 20 20  20 20 20 20 20 6f 6e 43
6c 69 63 6b 3d 7b 28 29  20 3d 3e 20 64 6f 77 6e
6c 6f 61 64 4f 6c 6c 61  6d 61 28 6d 2e 6e 61 6d
65 2c 20 74 61 67 29 7d  0a 20 20 20 20 20 20 20
20 20 20 20 20 20 20 20  20 20 20 20 20 20 20 20
20 20 20 20 20 20 20 20  20 3e 0a 20 20 20 20 20
20 20 20 20 20 20 20 20  20 20 20 20 20 20 20 20
20 20 20 20 20 20 20 20  20 20 20 20 20 3c 48 75
62 49 63 6f 6e 2e 64 6f  77 6e 6c 6f 61 64 20 2f
3e 20 44 6f 77 6e 6c 6f  61 64 20 7b 6d 2e 6e 61
6d 65 7d 3a 7b 74 61 67  7d 0a 20 20 20 20 20 20
20 20 20 20 20 20 20 20  20 20 20 20 20 20 20 20
20 20 20 20 20 20 20 20  20 20 3c 2f 62 75 74 74
6f 6e 3e 0a 20 20 20 20  20 20 20 20 20 20 20 20
20 20 20 20 20 20 20 20  20 20 20 20 20 20 20 20
20 20 20 20 3c 61 0a 20  20 20 20 20 20 20 20 20
20 20 20 20 20 20 20 20  20 20 20 20 20 20 20 20
20 20 20 20 20 20 20 20  20 63 6c 61 73 73 4e 61
6d 65 3d 22 68 75 62 2d  64 65 6c 22 0a 20 20 20
20 20 20 20 20 20 20 20  20 20 20 20 20 20 20 20
20 20 20 20 20 20 20 20  20 20 20 20 20 20 20 68
72 65 66 3d 7b 22 68 74  74 70 73 3a 2f 2f 6f 6c
6c 61 6d 61 2e 63 6f 6d  2f 6c 69 62 72 61 72 79
2f 22 20 2b 20 6d 2e 6e  61 6d 65 7d 0a 20 20 20
20 20 20 20 20 20 20 20  20 20 20 20 20 20 20 20
20 20 20 20 20 20 20 20  20 20 20 20 20 20 20 74
61 72 67 65 74 3d 22 5f  62 6c 61 6e 6b 22 0a 20
20 20 20 20 20 20 20 20  20 20 20 20 20 20 20 20
20 20 20 20 20 20 20 20  20 20 20 20 20 20 20 20
20 72 65 6c 3d 22 6e 6f  72 65 66 65 72 72 65 72
22 0a 20 20 20 20 20 20  20 20 20 20 20 20 20 20
20 20 20 20 20 20 20 20  20 20 20 20 20 20 20 20
20 20 20 20 73 74 79 6c  65 3d 7b 7b 20 74 65 78
74 44 65 63 6f 72 61 74  69 6f 6e 3a 20 22 6e 6f
6e 65 22 20 7d 7d 0a 20  20 20 20 20 20 20 20 20
20 20 20 20 20 20 20 20  20 20 20 20 20 20 20 20
20 20 20 20 20 20 20 3e  0a 20 20 20 20 20 20 20
20 20 20 20 20 20 20 20  20 20 20 20 20 20 20 20
20 20 20 20 20 20 20 20  20 20 20 e2 86 97 0a 20
20 20 20 20 20 20 20 20  20 20 20 20 20 20 20 20
20 20 20 20 20 20 20 20  20 20 20 20 20 20 20 3c
2f 61 3e 0a 20 20 20 20  20 20 20 20 20 20 20 20
20 20 20 20 20 20 20 20  20 20 20 20 20 20 20 20
20 20 3c 2f 3e 0a 20 20  20 20 20 20 20 20 20 20
20 20 20 20 20 20 20 20  20 20 20 20 20 20 20 20
20 20 29 7d 0a 20 20 20  20 20 20 20 20 20 20 20
20 20 20 20 20 20 20 20  20 20 20 20 20 20 20 3c
2f 64 69 76 3e 0a 20 20  20 20 20 20 20 20 20 20
20 20 20 20 20 20 20 20  20 20 20 20 20 20 3c 2f
3e 0a 20 20 20 20 20 20  20 20 20 20 20 20 20 20
20 20 20 20 20 20 20 20  29 3b 0a 20 20 20 20 20
20 20 20 20 20 20 20 20  20 20 20 20 20 20 20 7d
29 28 29 7d 0a 20 20 20  20 20 20 20 20 20 20 20
20 20 20 20 20 20 20 3c  2f 64 69 76 3e 0a 20 20
20 20 20 20 20 20 20 20  20 20 20 20 20 20 29 29
7d 0a 20 20 20 20 20 20  20 20 20 20 20 20 20 20
3c 2f 64 69 76 3e 0a 20  20 20 20 20 20 20 20 20
20 20 20 29 20 3a 20 28  0a 20 20 20 20 20 20 20
20 20 20 20 20 20 20 3c  64 69 76 20 63 6c 61 73
73 4e 61 6d 65 3d 22 68  75 62 2d 65 6d 70 74 79
22 3e 0a 20 20 20 20 20  20 20 20 20 20 20 20 20
20 20 20 3c 48 75 62 49  63 6f 6e 2e 65 6d 70 74
79 20 2f 3e 0a 20 20 20  20 20 20 20 20 20 20 20
20 20 20 20 20 3c 64 69  76 3e 7b 71 20 3f 20 22
54 69 64 61 6b 20 61 64  61 20 6d 6f 64 65 6c 20
63 6f 63 6f 6b 2e 22 20  3a 20 22 4d 65 6d 75 61
74 e2 80 a6 22 7d 3c 2f  64 69 76 3e 0a 20 20 20
20 20 20 20 20 20 20 20  20 20 20 3c 2f 64 69 76
3e 0a 20 20 20 20 20 20  20 20 20 20 20 20 29 0a
20 20 20 20 20 20 20 20  20 20 29 20 3a 20 6c 6f
61 64 69 6e 67 20 3f 20  28 0a 20 20 20 20 20 20
20 20 20 20 20 20 3c 64  69 76 20 63 6c 61 73 73
4e 61 6d 65 3d 22 68 75  62 2d 65 6d 70 74 79 22
3e 0a 20 20 20 20 20 20  20 20 20 20 20 20 20 20
3c 48 75 62 49 63 6f 6e  2e 6c 6f 61 64 65 72 20
63 6c 61 73 73 4e 61 6d  65 3d 22 73 70 69 6e 22
20 2f 3e 0a 20 20 20 20  20 20 20 20 20 20 20 20
20 20 3c 64 69 76 3e 4d  65 6d 75 61 74 20 64 61
72 69 20 48 75 67 67 69  6e 67 20 46 61 63 65 e2
80 a6 3c 2f 64 69 76 3e  0a 20 20 20 20 20 20 20
20 20 20 20 20 3c 2f 64  69 76 3e 0a 20 20 20 20
20 20 20 20 20 20 29 20  3a 20 72 65 73 75 6c 74
73 2e 6c 65 6e 67 74 68  20 3f 20 28 0a 20 20 20
20 20 20 20 20 20 20 20  20 3c 64 69 76 20 63 6c
61 73 73 4e 61 6d 65 3d  22 68 75 62 2d 67 72 69
64 22 3e 0a 20 20 20 20  20 20 20 20 20 20 20 20
20 20 7b 72 65 73 75 6c  74 73 2e 6d 61 70 28 28
6d 29 20 3d 3e 20 7b 0a  20 20 20 20 20 20 20 20
20 20 20 20 20 20 20 20  63 6f 6e 73 74 20 64 20
3d 20 64 6c 5b 6d 2e 69  64 5d 20 7c 7c 20 7b 7d
3b 0a 20 20 20 20 20 20  20 20 20 20 20 20 20 20
20 20 63 6f 6e 73 74 20  73 74 20 3d 20 64 2e 73
74 61 74 65 20 7c 7c 20  22 69 64 6c 65 22 3b 0a
20 20 20 20 20 20 20 20  20 20 20 20 20 20 20 20
63 6f 6e 73 74 20 61 75  74 68 6f 72 20 3d 20 6d
2e 69 64 2e 73 70 6c 69  74 28 22 2f 22 29 5b 30
5d 20 7c 7c 20 22 3f 22  3b 0a 20 20 20 20 20 20
20 20 20 20 20 20 20 20  20 20 63 6f 6e 73 74 20
6e 61 6d 65 20 3d 20 6d  2e 69 64 2e 73 70 6c 69
74 28 22 2f 22 29 2e 70  6f 70 28 29 3b 0a 20 20
20 20 20 20 20 20 20 20  20 20 20 20 20 20 72 65
74 75 72 6e 20 28 0a 20  20 20 20 20 20 20 20 20
20 20 20 20 20 20 20 20  20 3c 64 69 76 20 63 6c
61 73 73 4e 61 6d 65 3d  22 6d 2d 63 61 72 64 22
20 6b 65 79 3d 7b 6d 2e  69 64 7d 3e 0a 20 20 20
20 20 20 20 20 20 20 20  20 20 20 20 20 20 20 20
20 3c 64 69 76 20 63 6c  61 73 73 4e 61 6d 65 3d
22 6d 2d 63 61 72 64 2d  68 65 61 64 22 3e 0a 20
20 20 20 20 20 20 20 20  20 20 20 20 20 20 20 20
20 20 20 20 20 7b 6d 2e  61 76 61 74 61 72 20 3f
20 28 0a 20 20 20 20 20  20 20 20 20 20 20 20 20
20 20 20 20 20 20 20 20  20 20 20 3c 69 6d 67 0a
20 20 20 20 20 20 20 20  20 20 20 20 20 20 20 20
20 20 20 20 20 20 20 20  20 20 63 6c 61 73 73 4e
61 6d 65 3d 22 6d 2d 63  61 72 64 2d 6c 6f 67 6f
22 0a 20 20 20 20 20 20  20 20 20 20 20 20 20 20
20 20 20 20 20 20 20 20  20 20 20 20 73 72 63 3d
7b 6d 2e 61 76 61 74 61  72 7d 0a 20 20 20 20 20
20 20 20 20 20 20 20 20  20 20 20 20 20 20 20 20
20 20 20 20 20 61 6c 74  3d 7b 61 75 74 68 6f 72
7d 0a 20 20 20 20 20 20  20 20 20 20 20 20 20 20
20 20 20 20 20 20 20 20  20 20 20 20 6c 6f 61 64
69 6e 67 3d 22 6c 61 7a  79 22 0a 20 20 20 20 20
20 20 20 20 20 20 20 20  20 20 20 20 20 20 20 20
20 20 20 20 20 6f 6e 45  72 72 6f 72 3d 7b 28 65
29 20 3d 3e 20 7b 0a 20  20 20 20 20 20 20 20 20
20 20 20 20 20 20 20 20  20 20 20 20 20 20 20 20
20 20 20 65 2e 74 61 72  67 65 74 2e 73 74 79 6c
65 2e 64 69 73 70 6c 61  79 20 3d 20 22 6e 6f 6e
65 22 3b 0a 20 20 20 20  20 20 20 20 20 20 20 20
20 20 20 20 20 20 20 20  20 20 20 20 20 20 20 20
65 2e 74 61 72 67 65 74  2e 6e 65 78 74 53 69 62
6c 69 6e 67 2e 73 74 79  6c 65 2e 64 69 73 70 6c
61 79 20 3d 20 22 67 72  69 64 22 3b 0a 20 20 20
20 20 20 20 20 20 20 20  20 20 20 20 20 20 20 20
20 20 20 20 20 20 20 7d  7d 0a 20 20 20 20 20 20
20 20 20 20 20 20 20 20  20 20 20 20 20 20 20 20
20 20 2f 3e 0a 20 20 20  20 20 20 20 20 20 20 20
20 20 20 20 20 20 20 20  20 20 20 29 20 3a 20 6e
75 6c 6c 7d 0a 20 20 20  20 20 20 20 20 20 20 20
20 20 20 20 20 20 20 20  20 20 20 3c 64 69 76 0a
20 20 20 20 20 20 20 20  20 20 20 20 20 20 20 20
20 20 20 20 20 20 20 20  63 6c 61 73 73 4e 61 6d
65 3d 7b 22 6d 2d 63 61  72 64 2d 69 63 6f 6e 20
22 20 2b 20 69 63 6f 6e  43 6f 6c 6f 72 46 6f 72
28 61 75 74 68 6f 72 29  7d 0a 20 20 20 20 20 20
20 20 20 20 20 20 20 20  20 20 20 20 20 20 20 20
20 20 73 74 79 6c 65 3d  7b 7b 20 64 69 73 70 6c
61 79 3a 20 6d 2e 61 76  61 74 61 72 20 3f 20 22
6e 6f 6e 65 22 20 3a 20  22 67 72 69 64 22 20 7d
7d 0a 20 20 20 20 20 20  20 20 20 20 20 20 20 20
20 20 20 20 20 20 20 20  3e 0a 20 20 20 20 20 20
20 20 20 20 20 20 20 20  20 20 20 20 20 20 20 20
20 20 7b 61 75 74 68 6f  72 5b 30 5d 2e 74 6f 55
70 70 65 72 43 61 73 65  28 29 7d 0a 20 20 20 20
20 20 20 20 20 20 20 20  20 20 20 20 20 20 20 20
20 20 3c 2f 64 69 76 3e  0a 20 20 20 20 20 20 20
20 20 20 20 20 20 20 20  20 20 20 20 20 20 20 3c
64 69 76 20 63 6c 61 73  73 4e 61 6d 65 3d 22 6d
2d 63 61 72 64 2d 69 6e  66 6f 22 3e 0a 20 20 20
20 20 20 20 20 20 20 20  20 20 20 20 20 20 20 20
20 20 20 20 20 3c 64 69  76 20 63 6c 61 73 73 4e
61 6d 65 3d 22 6d 2d 63  61 72 64 2d 6e 61 6d 65
22 3e 7b 6e 61 6d 65 7d  3c 2f 64 69 76 3e 0a 20
20 20 20 20 20 20 20 20  20 20 20 20 20 20 20 20
20 20 20 20 20 20 20 3c  64 69 76 20 63 6c 61 73
73 4e 61 6d 65 3d 22 6d  2d 63 61 72 64 2d 69 64
22 3e 7b 6d 2e 69 64 7d  3c 2f 64 69 76 3e 0a 20
20 20 20 20 20 20 20 20  20 20 20 20 20 20 20 20
20 20 20 20 20 3c 2f 64  69 76 3e 0a 20 20 20 20
20 20 20 20 20 20 20 20  20 20 20 20 20 20 20 20
3c 2f 64 69 76 3e 0a 20  20 20 20 20 20 20 20 20
20 20 20 20 20 20 20 20  20 20 20 7b 28 6d 2e 70
69 70 65 6c 69 6e 65 20  7c 7c 20 28 6d 2e 74 61
67 73 20 26 26 20 6d 2e  74 61 67 73 2e 6c 65 6e
67 74 68 29 20 7c 7c 20  6d 2e 6c 69 62 72 61 72
79 29 20 26 26 20 28 0a  20 20 20 20 20 20 20 20
20 20 20 20 20 20 20 20  20 20 20 20 20 20 3c 64
69 76 20 63 6c 61 73 73  4e 61 6d 65 3d 22 6d 2d
63 61 72 64 2d 74 61 67  73 22 3e 0a 20 20 20 20
20 20 20 20 20 20 20 20  20 20 20 20 20 20 20 20
20 20 20 20 7b 6d 2e 70  69 70 65 6c 69 6e 65 20
26 26 20 28 0a 20 20 20  20 20 20 20 20 20 20 20
20 20 20 20 20 20 20 20  20 20 20 20 20 20 20 3c
73 70 61 6e 0a 20 20 20  20 20 20 20 20 20 20 20
20 20 20 20 20 20 20 20  20 20 20 20 20 20 20 20
20 63 6c 61 73 73 4e 61  6d 65 3d 7b 0a 20 20 20
20 20 20 20 20 20 20 20  20 20 20 20 20 20 20 20
20 20 20 20 20 20 20 20  20 20 20 22 6d 2d 74 61
67 20 22 20 2b 0a 20 20  20 20 20 20 20 20 20 20
20 20 20 20 20 20 20 20  20 20 20 20 20 20 20 20
20 20 20 20 28 2f 63 6f  64 65 2f 69 2e 74 65 73
74 28 6d 2e 70 69 70 65  6c 69 6e 65 29 20 3f 20
22 63 6f 64 65 22 20 3a  20 22 67 65 6e 22 29 0a
20 20 20 20 20 20 20 20  20 20 20 20 20 20 20 20
20 20 20 20 20 20 20 20  20 20 20 20 7d 0a 20 20
20 20 20 20 20 20 20 20  20 20 20 20 20 20 20 20
20 20 20 20 20 20 20 20  3e 0a 20 20 20 20 20 20
20 20 20 20 20 20 20 20  20 20 20 20 20 20 20 20
20 20 20 20 20 20 7b 6d  2e 70 69 70 65 6c 69 6e
65 7d 0a 20 20 20 20 20  20 20 20 20 20 20 20 20
20 20 20 20 20 20 20 20  20 20 20 20 20 3c 2f 73
70 61 6e 3e 0a 20 20 20  20 20 20 20 20 20 20 20
20 20 20 20 20 20 20 20  20 20 20 20 20 29 7d 0a
20 20 20 20 20 20 20 20  20 20 20 20 20 20 20 20
20 20 20 20 20 20 20 20  7b 6d 2e 6c 69 62 72 61
72 79 20 26 26 20 28 0a  20 20 20 20 20 20 20 20
20 20 20 20 20 20 20 20  20 20 20 20 20 20 20 20
20 20 3c 73 70 61 6e 20  63 6c 61 73 73 4e 61 6d
65 3d 22 6d 2d 74 61 67  2d 73 6f 66 74 22 3e 7b
6d 2e 6c 69 62 72 61 72  79 7d 3c 2f 73 70 61 6e
3e 0a 20 20 20 20 20 20  20 20 20 20 20 20 20 20
20 20 20 20 20 20 20 20  20 20 29 7d 0a 20 20 20
20 20 20 20 20 20 20 20  20 20 20 20 20 20 20 20
20 20 20 20 20 7b 28 6d  2e 74 61 67 73 20 7c 7c
20 5b 5d 29 2e 73 6c 69  63 65 28 30 2c 20 32 29
2e 6d 61 70 28 28 74 29  20 3d 3e 20 28 0a 20 20
20 20 20 20 20 20 20 20  20 20 20 20 20 20 20 20
20 20 20 20 20 20 20 20  3c 73 70 61 6e 20 63 6c
61 73 73 4e 61 6d 65 3d  22 6d 2d 74 61 67 2d 73
6f 66 74 22 20 6b 65 79  3d 7b 74 7d 3e 0a 20 20
20 20 20 20 20 20 20 20  20 20 20 20 20 20 20 20
20 20 20 20 20 20 20 20  20 20 7b 74 7d 0a 20 20
20 20 20 20 20 20 20 20  20 20 20 20 20 20 20 20
20 20 20 20 20 20 20 20  3c 2f 73 70 61 6e 3e 0a
20 20 20 20 20 20 20 20  20 20 20 20 20 20 20 20
20 20 20 20 20 20 20 20  29 29 7d 0a 20 20 20 20
20 20 20 20 20 20 20 20  20 20 20 20 20 20 20 20
20 20 20 20 7b 6d 2e 67  61 74 65 64 20 26 26 20
28 0a 20 20 20 20 20 20  20 20 20 20 20 20 20 20
20 20 20 20 20 20 20 20  20 20 20 20 3c 73 70 61
6e 20 63 6c 61 73 73 4e  61 6d 65 3d 22 6d 2d 74
61 67 2d 73 6f 66 74 22  3e f0 9f 94 92 20 67 61
74 65 64 3c 2f 73 70 61  6e 3e 0a 20 20 20 20 20
20 20 20 20 20 20 20 20  20 20 20 20 20 20 20 20
20 20 20 29 7d 0a 20 20  20 20 20 20 20 20 20 20
20 20 20 20 20 20 20 20  20 20 20 20 3c 2f 64 69
76 3e 0a 20 20 20 20 20  20 20 20 20 20 20 20 20
20 20 20 20 20 20 20 29  7d 0a 20 20 20 20 20 20
20 20 20 20 20 20 20 20  20 20 20 20 20 20 3c 64
69 76 20 63 6c 61 73 73  4e 61 6d 65 3d 22 6d 2d
63 61 72 64 2d 6d 65 74  61 22 3e 0a 20 20 20 20
20 20 20 20 20 20 20 20  20 20 20 20 20 20 20 20
20 20 3c 73 70 61 6e 3e  0a 20 20 20 20 20 20 20
20 20 20 20 20 20 20 20  20 20 20 20 20 20 20 20
20 3c 48 75 62 49 63 6f  6e 2e 64 6c 20 73 74 79
6c 65 3d 7b 7b 20 77 69  64 74 68 3a 20 31 32 2c
20 68 65 69 67 68 74 3a  20 31 32 20 7d 7d 20 2f
3e 7b 22 20 22 7d 0a 20  20 20 20 20 20 20 20 20
20 20 20 20 20 20 20 20  20 20 20 20 20 20 20 7b
66 6d 74 4e 28 6d 2e 64  6f 77 6e 6c 6f 61 64 73
29 7d 20 75 6e 64 75 68  61 6e 0a 20 20 20 20 20
20 20 20 20 20 20 20 20  20 20 20 20 20 20 20 20
20 3c 2f 73 70 61 6e 3e  0a 20 20 20 20 20 20 20
20 20 20 20 20 20 20 20  20 20 20 20 20 20 20 3c
73 70 61 6e 3e 0a 20 20  20 20 20 20 20 20 20 20
20 20 20 20 20 20 20 20  20 20 20 20 20 20 3c 48
75 62 49 63 6f 6e 2e 73  74 61 72 0a 20 20 20 20
20 20 20 20 20 20 20 20  20 20 20 20 20 20 20 20
20 20 20 20 20 20 73 74  79 6c 65 3d 7b 7b 0a 20
20 20 20 20 20 20 20 20  20 20 20 20 20 20 20 20
20 20 20 20 20 20 20 20  20 20 20 77 69 64 74 68
3a 20 31 32 2c 0a 20 20  20 20 20 20 20 20 20 20
20 20 20 20 20 20 20 20  20 20 20 20 20 20 20 20
20 20 68 65 69 67 68 74  3a 20 31 32 2c 0a 20 20
20 20 20 20 20 20 20 20  20 20 20 20 20 20 20 20
20 20 20 20 20 20 20 20  20 20 63 6f 6c 6f 72 3a
20 22 76 61 72 28 2d 2d  62 72 61 6e 64 29 22 2c
0a 20 20 20 20 20 20 20  20 20 20 20 20 20 20 20
20 20 20 20 20 20 20 20  20 20 20 7d 7d 0a 20 20
20 20 20 20 20 20 20 20  20 20 20 20 20 20 20 20
20 20 20 20 20 20 2f 3e  7b 22 20 22 7d 0a 20 20
20 20 20 20 20 20 20 20  20 20 20 20 20 20 20 20
20 20 20 20 20 20 7b 66  6d 74 4e 28 6d 2e 6c 69
6b 65 73 29 7d 0a 20 20  20 20 20 20 20 20 20 20
20 20 20 20 20 20 20 20  20 20 20 20 3c 2f 73 70
61 6e 3e 0a 20 20 20 20  20 20 20 20 20 20 20 20
20 20 20 20 20 20 20 20  20 20 7b 6d 2e 75 70 64
61 74 65 64 20 26 26 20  3c 73 70 61 6e 3e e2 86
bb 20 7b 66 6d 74 44 61  74 65 28 6d 2e 75 70 64
61 74 65 64 29 7d 3c 2f  73 70 61 6e 3e 7d 0a 20
20 20 20 20 20 20 20 20  20 20 20 20 20 20 20 20
20 20 20 20 20 7b 73 69  7a 65 73 5b 6d 2e 69 64
5d 20 3f 20 28 0a 20 20  20 20 20 20 20 20 20 20
20 20 20 20 20 20 20 20  20 20 20 20 20 20 3c 73
70 61 6e 3e 0a 20 20 20  20 20 20 20 20 20 20 20
20 20 20 20 20 20 20 20  20 20 20 20 20 20 20 3c
63 6f 64 65 3e 0a 20 20  20 20 20 20 20 20 20 20
20 20 20 20 20 20 20 20  20 20 20 20 20 20 20 20
20 20 7b 73 69 7a 65 73  5b 6d 2e 69 64 5d 2e 62
79 74 65 73 0a 20 20 20  20 20 20 20 20 20 20 20
20 20 20 20 20 20 20 20  20 20 20 20 20 20 20 20
20 20 20 3f 20 22 e2 ac  87 20 22 20 2b 0a 20 20
20 20 20 20 20 20 20 20  20 20 20 20 20 20 20 20
20 20 20 20 20 20 20 20  20 20 20 20 20 20 66 6d
74 53 69 7a 65 28 73 69  7a 65 73 5b 6d 2e 69 64
5d 2e 62 79 74 65 73 29  20 2b 0a 20 20 20 20 20
20 20 20 20 20 20 20 20  20 20 20 20 20 20 20 20
20 20 20 20 20 20 20 20  20 20 20 28 73 69 7a 65
73 5b 6d 2e 69 64 5d 2e  71 75 61 6e 74 0a 20 20
20 20 20 20 20 20 20 20  20 20 20 20 20 20 20 20
20 20 20 20 20 20 20 20  20 20 20 20 20 20 20 20
3f 20 22 20 c2 b7 20 22  20 2b 20 73 69 7a 65 73
5b 6d 2e 69 64 5d 2e 71  75 61 6e 74 0a 20 20 20
20 20 20 20 20 20 20 20  20 20 20 20 20 20 20 20
20 20 20 20 20 20 20 20  20 20 20 20 20 20 20 3a
20 22 22 29 0a 20 20 20  20 20 20 20 20 20 20 20
20 20 20 20 20 20 20 20  20 20 20 20 20 20 20 20
20 20 20 3a 20 22 e2 80  94 22 7d 0a 20 20 20 20
20 20 20 20 20 20 20 20  20 20 20 20 20 20 20 20
20 20 20 20 20 20 3c 2f  63 6f 64 65 3e 0a 20 20
20 20 20 20 20 20 20 20  20 20 20 20 20 20 20 20
20 20 20 20 20 20 3c 2f  73 70 61 6e 3e 0a 20 20
20 20 20 20 20 20 20 20  20 20 20 20 20 20 20 20
20 20 20 20 29 20 3a 20  28 0a 20 20 20 20 20 20
20 20 20 20 20 20 20 20  20 20 20 20 20 20 20 20
20 20 3c 73 70 61 6e 20  73 74 79 6c 65 3d 7b 7b
20 6f 70 61 63 69 74 79  3a 20 30 2e 35 20 7d 7d
3e e2 ac 87 20 6d 65 6e  67 68 69 74 75 6e 67 e2
80 a6 3c 2f 73 70 61 6e  3e 0a 20 20 20 20 20 20
20 20 20 20 20 20 20 20  20 20 20 20 20 20 20 20
29 7d 0a 20 20 20 20 20  20 20 20 20 20 20 20 20
20 20 20 20 20 20 20 3c  2f 64 69 76 3e 0a 20 20
20 20 20 20 20 20 20 20  20 20 20 20 20 20 20 20
20 20 7b 73 74 20 3d 3d  3d 20 22 64 6f 77 6e 6c
6f 61 64 69 6e 67 22 20  26 26 20 28 0a 20 20 20
20 20 20 20 20 20 20 20  20 20 20 20 20 20 20 20
20 20 20 3c 64 69 76 20  63 6c 61 73 73 4e 61 6d
65 3d 22 6d 2d 70 72 6f  67 72 65 73 73 22 3e 0a
20 20 20 20 20 20 20 20  20 20 20 20 20 20 20 20
20 20 20 20 20 20 20 20  3c 64 69 76 20 63 6c 61
73 73 4e 61 6d 65 3d 22  6d 2d 70 72 6f 67 72 65
73 73 2d 62 61 72 22 3e  0a 20 20 20 20 20 20 20
20 20 20 20 20 20 20 20  20 20 20 20 20 20 20 20
20 20 20 3c 64 69 76 0a  20 20 20 20 20 20 20 20
20 20 20 20 20 20 20 20  20 20 20 20 20 20 20 20
20 20 20 20 63 6c 61 73  73 4e 61 6d 65 3d 22 6d
2d 70 72 6f 67 72 65 73  73 2d 66 69 6c 6c 22 0a
20 20 20 20 20 20 20 20  20 20 20 20 20 20 20 20
20 20 20 20 20 20 20 20  20 20 20 20 73 74 79 6c
65 3d 7b 7b 20 77 69 64  74 68 3a 20 28 64 2e 70
72 6f 67 72 65 73 73 20  7c 7c 20 30 29 20 2b 20
22 25 22 20 7d 7d 0a 20  20 20 20 20 20 20 20 20
20 20 20 20 20 20 20 20  20 20 20 20 20 20 20 20
20 2f 3e 0a 20 20 20 20  20 20 20 20 20 20 20 20
20 20 20 20 20 20 20 20  20 20 20 20 3c 2f 64 69
76 3e 0a 20 20 20 20 20  20 20 20 20 20 20 20 20
20 20 20 20 20 20 20 20  20 20 20 3c 64 69 76 20
63 6c 61 73 73 4e 61 6d  65 3d 22 6d 2d 70 72 6f
67 72 65 73 73 2d 69 6e  66 6f 22 3e 0a 20 20 20
20 20 20 20 20 20 20 20  20 20 20 20 20 20 20 20
20 20 20 20 20 20 20 3c  73 70 61 6e 3e 4d 65 6e
67 75 6e 64 75 68 e2 80  a6 3c 2f 73 70 61 6e 3e
0a 20 20 20 20 20 20 20  20 20 20 20 20 20 20 20
20 20 20 20 20 20 20 20  20 20 20 3c 73 70 61 6e
3e 7b 4d 61 74 68 2e 72  6f 75 6e 64 28 64 2e 70
72 6f 67 72 65 73 73 20  7c 7c 20 30 29 7d 25 3c
2f 73 70 61 6e 3e 0a 20  20 20 20 20 20 20 20 20
20 20 20 20 20 20 20 20  20 20 20 20 20 20 20 3c
2f 64 69 76 3e 0a 20 20  20 20 20 20 20 20 20 20
20 20 20 20 20 20 20 20  20 20 20 20 3c 2f 64 69
76 3e 0a 20 20 20 20 20  20 20 20 20 20 20 20 20
20 20 20 20 20 20 20 29  7d 0a 20 20 20 20 20 20
20 20 20 20 20 20 20 20  20 20 20 20 20 20 3c 64
69 76 20 63 6c 61 73 73  4e 61 6d 65 3d 22 6d 2d
63 61 72 64 2d 66 6f 6f  74 22 3e 0a 20 20 20 20
20 20 20 20 20 20 20 20  20 20 20 20 20 20 20 20
20 20 7b 73 74 20 3d 3d  3d 20 22 64 6f 6e 65 22
20 3f 20 28 0a 20 20 20  20 20 20 20 20 20 20 20
20 20 20 20 20 20 20 20  20 20 20 20 20 3c 3e 0a
20 20 20 20 20 20 20 20  20 20 20 20 20 20 20 20
20 20 20 20 20 20 20 20  20 20 3c 73 70 61 6e 20
63 6c 61 73 73 4e 61 6d  65 3d 22 6d 2d 64 6f 6e
65 2d 62 61 64 67 65 22  3e 0a 20 20 20 20 20 20
20 20 20 20 20 20 20 20  20 20 20 20 20 20 20 20
20 20 20 20 20 20 3c 48  75 62 49 63 6f 6e 2e 63
68 65 63 6b 20 2f 3e 20  54 65 72 75 6e 64 75 68
0a 20 20 20 20 20 20 20  20 20 20 20 20 20 20 20
20 20 20 20 20 20 20 20  20 20 20 3c 2f 73 70 61
6e 3e 0a 20 20 20 20 20  20 20 20 20 20 20 20 20
20 20 20 20 20 20 20 20  20 20 20 20 20 3c 62 75
74 74 6f 6e 0a 20 20 20  20 20 20 20 20 20 20 20
20 20 20 20 20 20 20 20  20 20 20 20 20 20 20 20
20 63 6c 61 73 73 4e 61  6d 65 3d 22 6d 2d 75 73
65 2d 62 74 6e 20 61 63  74 69 76 65 22 0a 20 20
20 20 20 20 20 20 20 20  20 20 20 20 20 20 20 20
20 20 20 20 20 20 20 20  20 20 6f 6e 43 6c 69 63
6b 3d 7b 28 29 20 3d 3e  20 6f 6e 55 73 65 28 64
2e 70 6f 72 74 29 7d 0a  20 20 20 20 20 20 20 20
20 20 20 20 20 20 20 20  20 20 20 20 20 20 20 20
20 20 3e 0a 20 20 20 20  20 20 20 20 20 20 20 20
20 20 20 20 20 20 20 20  20 20 20 20 20 20 20 20
47 75 6e 61 6b 61 6e 0a  20 20 20 20 20 20 20 20
20 20 20 20 20 20 20 20  20 20 20 20 20 20 20 20
20 20 3c 2f 62 75 74 74  6f 6e 3e 0a 20 20 20 20
20 20 20 20 20 20 20 20  20 20 20 20 20 20 20 20
20 20 20 20 20 20 3c 62  75 74 74 6f 6e 0a 20 20
20 20 20 20 20 20 20 20  20 20 20 20 20 20 20 20
20 20 20 20 20 20 20 20  20 20 63 6c 61 73 73 4e
61 6d 65 3d 22 68 75 62  2d 64 65 6c 22 0a 20 20
20 20 20 20 20 20 20 20  20 20 20 20 20 20 20 20
20 20 20 20 20 20 20 20  20 20 6f 6e 43 6c 69 63
6b 3d 7b 28 29 20 3d 3e  20 64 65 6c 4d 6f 64 65
6c 28 64 2e 70 6f 72 74  29 7d 0a 20 20 20 20 20
20 20 20 20 20 20 20 20  20 20 20 20 20 20 20 20
20 20 20 20 20 3e 0a 20  20 20 20 20 20 20 20 20
20 20 20 20 20 20 20 20  20 20 20 20 20 20 20 20
20 20 20 48 61 70 75 73  0a 20 20 20 20 20 20 20
20 20 20 20 20 20 20 20  20 20 20 20 20 20 20 20
20 20 20 3c 2f 62 75 74  74 6f 6e 3e 0a 20 20 20
20 20 20 20 20 20 20 20  20 20 20 20 20 20 20 20
20 20 20 20 20 3c 2f 3e  0a 20 20 20 20 20 20 20
20 20 20 20 20 20 20 20  20 20 20 20 20 20 20 29
20 3a 20 73 74 20 3d 3d  3d 20 22 64 6f 77 6e 6c
6f 61 64 69 6e 67 22 20  3f 20 28 0a 20 20 20 20
20 20 20 20 20 20 20 20  20 20 20 20 20 20 20 20
20 20 20 20 3c 3e 0a 20  20 20 20 20 20 20 20 20
20 20 20 20 20 20 20 20  20 20 20 20 20 20 20 20
20 3c 62 75 74 74 6f 6e  20 63 6c 61 73 73 4e 61
6d 65 3d 22 6d 2d 64 6c  2d 62 74 6e 22 20 64 69
73 61 62 6c 65 64 3e 0a  20 20 20 20 20 20 20 20
20 20 20 20 20 20 20 20  20 20 20 20 20 20 20 20
20 20 20 20 3c 48 75 62  49 63 6f 6e 2e 6c 6f 61
64 65 72 20 63 6c 61 73  73 4e 61 6d 65 3d 22 73
70 69 6e 22 20 2f 3e 20  4d 65 6e 67 75 6e 64 75
68 e2 80 a6 0a 20 20 20  20 20 20 20 20 20 20 20
20 20 20 20 20 20 20 20  20 20 20 20 20 20 20 3c
2f 62 75 74 74 6f 6e 3e  0a 20 20 20 20 20 20 20
20 20 20 20 20 20 20 20  20 20 20 20 20 20 20 20
20 20 20 3c 62 75 74 74  6f 6e 0a 20 20 20 20 20
20 20 20 20 20 20 20 20  20 20 20 20 20 20 20 20
20 20 20 20 20 20 20 63  6c 61 73 73 4e 61 6d 65
3d 22 68 75 62 2d 64 65  6c 22 0a 20 20 20 20 20
20 20 20 20 20 20 20 20  20 20 20 20 20 20 20 20
20 20 20 20 20 20 20 6f  6e 43 6c 69 63 6b 3d 7b
28 29 20 3d 3e 20 73 74  6f 70 28 6d 2e 69 64 29
7d 0a 20 20 20 20 20 20  20 20 20 20 20 20 20 20
20 20 20 20 20 20 20 20  20 20 20 20 3e 0a 20 20
20 20 20 20 20 20 20 20  20 20 20 20 20 20 20 20
20 20 20 20 20 20 20 20  20 20 53 74 6f 70 0a 20
20 20 20 20 20 20 20 20  20 20 20 20 20 20 20 20
20 20 20 20 20 20 20 20  20 3c 2f 62 75 74 74 6f
6e 3e 0a 20 20 20 20 20  20 20 20 20 20 20 20 20
20 20 20 20 20 20 20 20  20 20 20 3c 2f 3e 0a 20
20 20 20 20 20 20 20 20  20 20 20 20 20 20 20 20
20 20 20 20 20 29 20 3a  20 73 74 20 3d 3d 3d 20
22 72 65 73 6f 6c 76 69  6e 67 22 20 3f 20 28 0a
20 20 20 20 20 20 20 20  20 20 20 20 20 20 20 20
20 20 20 20 20 20 20 20  3c 62 75 74 74 6f 6e 20
63 6c 61 73 73 4e 61 6d  65 3d 22 6d 2d 64 6c 2d
62 74 6e 22 20 64 69 73  61 62 6c 65 64 3e 0a 20
20 20 20 20 20 20 20 20  20 20 20 20 20 20 20 20
20 20 20 20 20 20 20 20  20 3c 48 75 62 49 63 6f
6e 2e 6c 6f 61 64 65 72  20 63 6c 61 73 73 4e 61
6d 65 3d 22 73 70 69 6e  22 20 2f 3e 20 4d 65 6e
79 69 61 70 6b 61 6e e2  80 a6 0a 20 20 20 20 20
20 20 20 20 20 20 20 20  20 20 20 20 20 20 20 20
20 20 20 3c 2f 62 75 74  74 6f 6e 3e 0a 20 20 20
20 20 20 20 20 20 20 20  20 20 20 20 20 20 20 20
20 20 20 29 20 3a 20 28  0a 20 20 20 20 20 20 20
20 20 20 20 20 20 20 20  20 20 20 20 20 20 20 20
20 3c 62 75 74 74 6f 6e  0a 20 20 20 20 20 20 20
20 20 20 20 20 20 20 20  20 20 20 20 20 20 20 20
20 20 20 63 6c 61 73 73  4e 61 6d 65 3d 22 6d 2d
64 6c 2d 62 74 6e 22 0a  20 20 20 20 20 20 20 20
20 20 20 20 20 20 20 20  20 20 20 20 20 20 20 20
20 20 6f 6e 43 6c 69 63  6b 3d 7b 28 29 20 3d 3e
20 64 6f 77 6e 6c 6f 61  64 28 6d 2e 69 64 29 7d
0a 20 20 20 20 20 20 20  20 20 20 20 20 20 20 20
20 20 20 20 20 20 20 20  20 3e 0a 20 20 20 20 20
20 20 20 20 20 20 20 20  20 20 20 20 20 20 20 20
20 20 20 20 20 3c 48 75  62 49 63 6f 6e 2e 64 6f
77 6e 6c 6f 61 64 20 2f  3e 20 44 6f 77 6e 6c 6f
61 64 0a 20 20 20 20 20  20 20 20 20 20 20 20 20
20 20 20 20 20 20 20 20  20 20 20 3c 2f 62 75 74
74 6f 6e 3e 0a 20 20 20  20 20 20 20 20 20 20 20
20 20 20 20 20 20 20 20  20 20 20 29 7d 0a 20 20
20 20 20 20 20 20 20 20  20 20 20 20 20 20 20 20
20 20 3c 2f 64 69 76 3e  0a 20 20 20 20 20 20 20
20 20 20 20 20 20 20 20  20 20 20 3c 2f 64 69 76
3e 0a 20 20 20 20 20 20  20 20 20 20 20 20 20 20
20 20 29 3b 0a 20 20 20  20 20 20 20 20 20 20 20
20 20 20 7d 29 7d 0a 20  20 20 20 20 20 20 20 20
20 20 20 3c 2f 64 69 76  3e 0a 20 20 20 20 20 20
20 20 20 20 29 20 3a 20  28 0a 20 20 20 20 20 20
20 20 20 20 20 20 3c 64  69 76 20 63 6c 61 73 73
4e 61 6d 65 3d 22 68 75  62 2d 65 6d 70 74 79 22
3e 0a 20 20 20 20 20 20  20 20 20 20 20 20 20 20
3c 48 75 62 49 63 6f 6e  2e 65 6d 70 74 79 20 2f
3e 0a 20 20 20 20 20 20  20 20 20 20 20 20 20 20
3c 64 69 76 3e 7b 6d 73  67 20 7c 7c 20 22 4b 65
74 69 6b 20 75 6e 74 75  6b 20 6d 65 6e 63 61 72
69 20 6d 6f 64 65 6c 2e  22 7d 3c 2f 64 69 76 3e
0a 20 20 20 20 20 20 20  20 20 20 20 20 3c 2f 64
69 76 3e 0a 20 20 20 20  20 20 20 20 20 20 29 7d
0a 20 20 20 20 20 20 20  20 20 20 7b 6d 73 67 20
26 26 20 72 65 73 75 6c  74 73 2e 6c 65 6e 67 74
68 20 3e 20 30 20 26 26  20 28 0a 20 20 20 20 20
20 20 20 20 20 20 20 3c  64 69 76 20 63 6c 61 73
73 4e 61 6d 65 3d 22 68  66 2d 6d 73 67 22 20 73
74 79 6c 65 3d 7b 7b 20  6d 61 72 67 69 6e 54 6f
70 3a 20 31 34 20 7d 7d  3e 0a 20 20 20 20 20 20
20 20 20 20 20 20 20 20  7b 6d 73 67 7d 0a 20 20
20 20 20 20 20 20 20 20  20 20 3c 2f 64 69 76 3e
0a 20 20 20 20 20 20 20  20 20 20 29 7d 0a 20 20
20 20 20 20 20 20 3c 2f  64 69 76 3e 0a 20 20 20
20 20 20 3c 2f 64 69 76  3e 0a 20 20 20 20 3c 2f
64 69 76 3e 0a 20 20 29  3b 0a 7d 0a 0a 2f 2a 20
2d 2d 2d 2d 2d 2d 2d 2d  2d 2d 2d 2d 2d 2d 2d 2d
2d 2d 2d 2d 2d 2d 2d 2d  2d 2d 2d 2d 2d 20 43 61
6e 76 61 73 20 28 6c 69  76 65 20 77 65 62 2f 61
70 70 20 73 70 6c 69 74  20 76 69 65 77 29 20 2d
2d 2d 2d 2d 2d 2d 2d 2d  2d 2d 2d 2d 2d 2d 2d 2d
2d 2d 2d 2d 2d 2d 2d 2d  2d 2d 2d 2d 20 2a 2f 0a
2f 2f 20 42 75 69 6c 64  20 73 65 6c 66 2d 63 6f
6e 74 61 69 6e 65 64 20  48 54 4d 4c 20 72 75 6e
6e 65 72 20 66 6f 72 20  63 6f 6d 70 69 6c 65 64
20 46 6c 75 74 74 65 72  2f 44 61 72 74 20 4a 53
0a 66 75 6e 63 74 69 6f  6e 20 66 6c 75 74 74 65
72 52 75 6e 6e 65 72 44  6f 63 28 63 6f 6d 70 69
6c 65 64 4a 73 29 20 7b  0a 20 20 72 65 74 75 72
6e 20 60 3c 21 44 4f 43  54 59 50 45 20 68 74 6d
6c 3e 0a 3c 68 74 6d 6c  3e 0a 3c 68 65 61 64 3e
0a 3c 6d 65 74 61 20 63  68 61 72 73 65 74 3d 22
55 54 46 2d 38 22 3e 0a  3c 6d 65 74 61 20 6e 61
6d 65 3d 22 76 69 65 77  70 6f 72 74 22 20 63 6f
6e 74 65 6e 74 3d 22 77  69 64 74 68 3d 64 65 76
69 63 65 2d 77 69 64 74  68 2c 69 6e 69 74 69 61
6c 2d 73 63 61 6c 65 3d  31 2e 30 22 3e 0a 3c 73
74 79 6c 65 3e 0a 20 20  2a 20 7b 20 6d 61 72 67
69 6e 3a 30 3b 20 70 61  64 64 69 6e 67 3a 30 3b
20 62 6f 78 2d 73 69 7a  69 6e 67 3a 62 6f 72 64
65 72 2d 62 6f 78 3b 20  7d 0a 20 20 62 6f 64 79
20 7b 20 62 61 63 6b 67  72 6f 75 6e 64 3a 23 66
66 66 3b 20 6f 76 65 72  66 6c 6f 77 3a 68 69 64
64 65 6e 3b 20 7d 0a 20  20 66 6c 74 2d 67 6c 61
73 73 2d 70 61 6e 65 20  7b 20 64 69 73 70 6c 61
79 3a 62 6c 6f 63 6b 3b  20 77 69 64 74 68 3a 31
30 30 76 77 3b 20 68 65  69 67 68 74 3a 31 30 30
76 68 3b 20 7d 0a 3c 2f  73 74 79 6c 65 3e 0a 3c
2f 68 65 61 64 3e 0a 3c  62 6f 64 79 3e 0a 3c 73
63 72 69 70 74 3e 0a 2f  2f 20 46 6c 75 74 74 65
72 20 77 65 62 20 63 6f  6d 70 69 6c 65 64 20 6f
75 74 70 75 74 20 28 64  61 72 74 32 6a 73 29 0a
24 7b 63 6f 6d 70 69 6c  65 64 4a 73 7d 0a 3c 2f
73 63 72 69 70 74 3e 0a  3c 2f 62 6f 64 79 3e 0a
3c 2f 68 74 6d 6c 3e 60  3b 0a 7d 0a 0a 2f 2f 20
56 69 73 75 61 6c 2d 65  64 69 74 20 6f 76 65 72
6c 61 79 20 66 6f 72 20  74 68 65 20 46 6c 75 74
74 65 72 20 70 72 65 76  69 65 77 2e 20 46 6c 75
74 74 65 72 20 28 43 61  6e 76 61 73 4b 69 74 29
20 70 61 69 6e 74 73 20  74 6f 20 6f 6e 65 0a 2f
2f 20 3c 63 61 6e 76 61  73 3e 2c 20 73 6f 20 70
65 72 2d 77 69 64 67 65  74 20 44 4f 4d 20 64 6f
65 73 6e 27 74 20 65 78  69 73 74 20 e2 80 94 20
69 6e 73 74 65 61 64 20  77 65 20 66 6f 72 63 65
2d 65 6e 61 62 6c 65 20  46 6c 75 74 74 65 72 27
73 0a 2f 2f 20 61 63 63  65 73 73 69 62 69 6c 69
74 79 20 53 45 4d 41 4e  54 49 43 53 20 6c 61 79
65 72 20 28 66 6c 74 2d  73 65 6d 61 6e 74 69 63
73 20 6e 6f 64 65 73 20  63 61 72 72 79 20 65 61
63 68 20 77 69 64 67 65  74 27 73 20 73 63 72 65
65 6e 0a 2f 2f 20 72 65  63 74 20 2b 20 6c 61 62
65 6c 29 20 61 6e 64 20  68 69 74 2d 74 65 73 74
20 61 67 61 69 6e 73 74  20 74 68 6f 73 65 2e 20
49 6e 74 65 72 61 63 74  69 6f 6e 20 6d 69 72 72
6f 72 73 20 74 68 65 20  77 65 62 20 56 69 73 75
61 6c 0a 2f 2f 20 50 69  63 6b 65 72 3a 20 63 6c
69 63 6b 20 73 65 6c 65  63 74 73 20 61 20 77 69
64 67 65 74 2c 20 64 72  61 67 20 6d 6f 76 65 73
20 69 74 73 20 6f 75 74  6c 69 6e 65 2c 20 70 61
72 65 6e 74 20 73 68 6f  77 73 20 74 68 65 20 70
61 6e 65 6c 2e 0a 2f 2f  20 52 65 74 75 72 6e 73
20 52 41 57 20 4a 53 20  28 6e 6f 20 3c 73 63 72
69 70 74 3e 20 77 72 61  70 70 65 72 29 3a 20 74
68 65 20 63 6f 6d 70 69  6c 65 64 20 61 70 70 20
69 73 20 6e 6f 77 20 6c  6f 61 64 65 64 20 76 69
61 0a 2f 2f 20 73 72 63  3d 20 28 73 61 6d 65 20
6f 72 69 67 69 6e 29 2c  20 73 6f 20 74 68 65 20
70 61 72 65 6e 74 20 69  6e 6a 65 63 74 73 20 74
68 69 73 20 69 6e 74 6f  20 63 6f 6e 74 65 6e 74
44 6f 63 75 6d 65 6e 74  20 6f 6e 20 6c 6f 61 64
2e 0a 66 75 6e 63 74 69  6f 6e 20 66 6c 75 74 74
65 72 44 72 61 67 53 63  72 69 70 74 28 29 20 7b
0a 20 20 72 65 74 75 72  6e 20 60 28 66 75 6e 63
74 69 6f 6e 28 29 7b 0a  20 20 76 61 72 20 61 63
74 69 76 65 3d 66 61 6c  73 65 3b 0a 20 20 76 61
72 20 73 65 6c 3d 6e 75  6c 6c 2c 20 74 6f 74 61
6c 44 78 3d 30 2c 20 74  6f 74 61 6c 44 79 3d 30
3b 0a 20 20 76 61 72 20  68 6f 76 65 72 42 6f 78
3d 6e 75 6c 6c 2c 20 73  65 6c 42 6f 78 3d 6e 75
6c 6c 3b 0a 20 20 76 61  72 20 64 72 61 67 67 69
6e 67 3d 66 61 6c 73 65  2c 20 73 78 3d 30 2c 20
73 79 3d 30 2c 20 62 61  73 65 4c 65 66 74 3d 30
2c 20 62 61 73 65 54 6f  70 3d 30 3b 0a 0a 20 20
66 75 6e 63 74 69 6f 6e  20 6d 6b 42 6f 78 28 73
74 79 6c 65 29 7b 0a 20  20 20 20 76 61 72 20 64
3d 64 6f 63 75 6d 65 6e  74 2e 63 72 65 61 74 65
45 6c 65 6d 65 6e 74 28  27 64 69 76 27 29 3b 0a
20 20 20 20 64 2e 73 74  79 6c 65 2e 63 73 73 54
65 78 74 3d 27 70 6f 73  69 74 69 6f 6e 3a 66 69
78 65 64 3b 70 6f 69 6e  74 65 72 2d 65 76 65 6e
74 73 3a 6e 6f 6e 65 3b  7a 2d 69 6e 64 65 78 3a
39 39 39 39 39 39 3b 62  6f 72 64 65 72 2d 72 61
64 69 75 73 3a 34 70 78  3b 64 69 73 70 6c 61 79
3a 6e 6f 6e 65 3b 62 6f  78 2d 73 69 7a 69 6e 67
3a 62 6f 72 64 65 72 2d  62 6f 78 3b 27 2b 73 74
79 6c 65 3b 0a 20 20 20  20 64 6f 63 75 6d 65 6e
74 2e 62 6f 64 79 2e 61  70 70 65 6e 64 43 68 69
6c 64 28 64 29 3b 20 72  65 74 75 72 6e 20 64 3b
0a 20 20 7d 0a 20 20 66  75 6e 63 74 69 6f 6e 20
70 6c 61 63 65 28 62 2c  72 29 7b 20 62 2e 73 74
79 6c 65 2e 6c 65 66 74  3d 72 2e 6c 65 66 74 2b
27 70 78 27 3b 20 62 2e  73 74 79 6c 65 2e 74 6f
70 3d 72 2e 74 6f 70 2b  27 70 78 27 3b 20 62 2e
73 74 79 6c 65 2e 77 69  64 74 68 3d 72 2e 77 69
64 74 68 2b 27 70 78 27  3b 20 62 2e 73 74 79 6c
65 2e 68 65 69 67 68 74  3d 72 2e 68 65 69 67 68
74 2b 27 70 78 27 3b 20  62 2e 73 74 79 6c 65 2e
64 69 73 70 6c 61 79 3d  27 62 6c 6f 63 6b 27 3b
20 7d 0a 0a 20 20 2f 2f  20 46 6c 75 74 74 65 72
20 6f 6e 6c 79 20 62 75  69 6c 64 73 20 74 68 65
20 73 65 6d 61 6e 74 69  63 73 20 44 4f 4d 20 61
66 74 65 72 20 69 74 73  20 68 69 64 64 65 6e 20
61 31 31 79 20 70 6c 61  63 65 68 6f 6c 64 65 72
20 69 73 0a 20 20 2f 2f  20 61 63 74 69 76 61 74
65 64 20 e2 80 94 20 63  6c 69 63 6b 20 69 74 20
70 72 6f 67 72 61 6d 6d  61 74 69 63 61 6c 6c 79
20 28 72 65 74 72 79 20  75 6e 74 69 6c 20 74 68
65 20 74 72 65 65 20 61  70 70 65 61 72 73 29 2e
0a 20 20 66 75 6e 63 74  69 6f 6e 20 65 6e 61 62
6c 65 53 65 6d 61 6e 74  69 63 73 28 29 7b 0a 20
20 20 20 76 61 72 20 70  68 3d 64 6f 63 75 6d 65
6e 74 2e 71 75 65 72 79  53 65 6c 65 63 74 6f 72
28 27 66 6c 74 2d 73 65  6d 61 6e 74 69 63 73 2d
70 6c 61 63 65 68 6f 6c  64 65 72 27 29 3b 0a 20
20 20 20 69 66 28 70 68  29 7b 20 74 72 79 7b 20
70 68 2e 64 69 73 70 61  74 63 68 45 76 65 6e 74
28 6e 65 77 20 4d 6f 75  73 65 45 76 65 6e 74 28
27 63 6c 69 63 6b 27 2c  7b 62 75 62 62 6c 65 73
3a 74 72 75 65 2c 63 61  6e 63 65 6c 61 62 6c 65
3a 74 72 75 65 7d 29 29  3b 20 7d 63 61 74 63 68
28 65 29 7b 7d 20 7d 0a  20 20 7d 0a 20 20 76 61
72 20 74 72 69 65 73 3d  30 3b 0a 20 20 76 61 72
20 74 69 6d 65 72 3d 73  65 74 49 6e 74 65 72 76
61 6c 28 66 75 6e 63 74  69 6f 6e 28 29 7b 0a 20
20 20 20 65 6e 61 62 6c  65 53 65 6d 61 6e 74 69
63 73 28 29 3b 0a 20 20  20 20 69 66 28 64 6f 63
75 6d 65 6e 74 2e 71 75  65 72 79 53 65 6c 65 63
74 6f 72 28 27 66 6c 74  2d 73 65 6d 61 6e 74 69
63 73 27 29 7c 7c 2b 2b  74 72 69 65 73 3e 33 30
29 20 63 6c 65 61 72 49  6e 74 65 72 76 61 6c 28
74 69 6d 65 72 29 3b 0a  20 20 7d 2c 34 30 30 29
3b 0a 0a 20 20 66 75 6e  63 74 69 6f 6e 20 6e 6f
64 65 73 41 74 28 78 2c  79 29 7b 0a 20 20 20 20
76 61 72 20 6f 75 74 3d  5b 5d 2c 20 61 6c 6c 3d
64 6f 63 75 6d 65 6e 74  2e 71 75 65 72 79 53 65
6c 65 63 74 6f 72 41 6c  6c 28 27 66 6c 74 2d 73
65 6d 61 6e 74 69 63 73  27 29 3b 0a 20 20 20 20
66 6f 72 28 76 61 72 20  69 3d 30 3b 69 3c 61 6c
6c 2e 6c 65 6e 67 74 68  3b 69 2b 2b 29 7b 0a 20
20 20 20 20 20 76 61 72  20 72 3d 61 6c 6c 5b 69
5d 2e 67 65 74 42 6f 75  6e 64 69 6e 67 43 6c 69
65 6e 74 52 65 63 74 28  29 3b 0a 20 20 20 20 20
20 69 66 28 72 2e 77 69  64 74 68 3e 33 26 26 72
2e 68 65 69 67 68 74 3e  33 26 26 78 3e 3d 72 2e
6c 65 66 74 26 26 78 3c  3d 72 2e 72 69 67 68 74
26 26 79 3e 3d 72 2e 74  6f 70 26 26 79 3c 3d 72
2e 62 6f 74 74 6f 6d 29  0a 20 20 20 20 20 20 20
20 6f 75 74 2e 70 75 73  68 28 7b 65 6c 3a 61 6c
6c 5b 69 5d 2c 72 3a 72  2c 61 72 65 61 3a 72 2e
77 69 64 74 68 2a 72 2e  68 65 69 67 68 74 7d 29
3b 0a 20 20 20 20 7d 0a  20 20 20 20 6f 75 74 2e
73 6f 72 74 28 66 75 6e  63 74 69 6f 6e 28 61 2c
62 29 7b 72 65 74 75 72  6e 20 61 2e 61 72 65 61
2d 62 2e 61 72 65 61 3b  7d 29 3b 20 20 2f 2f 20
73 6d 61 6c 6c 65 73 74  20 72 65 63 74 20 3d 20
64 65 65 70 65 73 74 20  77 69 64 67 65 74 0a 20
20 20 20 72 65 74 75 72  6e 20 6f 75 74 3b 0a 20
20 7d 0a 20 20 66 75 6e  63 74 69 6f 6e 20 6c 61
62 65 6c 4f 66 28 65 6c  29 7b 0a 20 20 20 20 76
61 72 20 6c 3d 28 65 6c  2e 67 65 74 41 74 74 72
69 62 75 74 65 28 27 61  72 69 61 2d 6c 61 62 65
6c 27 29 7c 7c 65 6c 2e  74 65 78 74 43 6f 6e 74
65 6e 74 7c 7c 27 27 29  2e 74 72 69 6d 28 29 3b
0a 20 20 20 20 72 65 74  75 72 6e 20 28 6c 7c 7c
65 6c 2e 67 65 74 41 74  74 72 69 62 75 74 65 28
27 72 6f 6c 65 27 29 7c  7c 27 77 69 64 67 65 74
27 29 2e 73 6c 69 63 65  28 30 2c 38 30 29 3b 0a
20 20 7d 0a 20 20 66 75  6e 63 74 69 6f 6e 20 72
6f 6c 65 4f 66 28 65 6c  29 7b 20 72 65 74 75 72
6e 20 65 6c 2e 67 65 74  41 74 74 72 69 62 75 74
65 28 27 72 6f 6c 65 27  29 7c 7c 27 77 69 64 67
65 74 27 3b 20 7d 0a 0a  20 20 64 6f 63 75 6d 65
6e 74 2e 61 64 64 45 76  65 6e 74 4c 69 73 74 65
6e 65 72 28 27 6d 6f 75  73 65 6d 6f 76 65 27 2c
66 75 6e 63 74 69 6f 6e  28 65 29 7b 0a 20 20 20
20 69 66 28 21 61 63 74  69 76 65 29 20 72 65 74
75 72 6e 3b 0a 20 20 20  20 69 66 28 64 72 61 67
67 69 6e 67 29 7b 0a 20  20 20 20 20 20 65 2e 70
72 65 76 65 6e 74 44 65  66 61 75 6c 74 28 29 3b
20 65 2e 73 74 6f 70 50  72 6f 70 61 67 61 74 69
6f 6e 28 29 3b 0a 20 20  20 20 20 20 76 61 72 20
64 78 3d 65 2e 63 6c 69  65 6e 74 58 2d 73 78 2c
20 64 79 3d 65 2e 63 6c  69 65 6e 74 59 2d 73 79
3b 0a 20 20 20 20 20 20  73 65 6c 42 6f 78 2e 73
74 79 6c 65 2e 6c 65 66  74 3d 28 62 61 73 65 4c
65 66 74 2b 64 78 29 2b  27 70 78 27 3b 20 73 65
6c 42 6f 78 2e 73 74 79  6c 65 2e 74 6f 70 3d 28
62 61 73 65 54 6f 70 2b  64 79 29 2b 27 70 78 27
3b 0a 20 20 20 20 20 20  72 65 74 75 72 6e 3b 0a
20 20 20 20 7d 0a 20 20  20 20 76 61 72 20 6e 73
3d 6e 6f 64 65 73 41 74  28 65 2e 63 6c 69 65 6e
74 58 2c 65 2e 63 6c 69  65 6e 74 59 29 3b 0a 20
20 20 20 69 66 28 21 68  6f 76 65 72 42 6f 78 29
20 68 6f 76 65 72 42 6f  78 3d 6d 6b 42 6f 78 28
27 62 6f 72 64 65 72 3a  32 70 78 20 64 61 73 68
65 64 20 23 35 65 65 61  64 34 3b 62 61 63 6b 67
72 6f 75 6e 64 3a 72 67  62 61 28 39 34 2c 32 33
34 2c 32 31 32 2c 2e 30  35 29 3b 27 29 3b 0a 20
20 20 20 69 66 28 6e 73  2e 6c 65 6e 67 74 68 29
7b 20 70 6c 61 63 65 28  68 6f 76 65 72 42 6f 78
2c 6e 73 5b 30 5d 2e 72  29 3b 20 64 6f 63 75 6d
65 6e 74 2e 62 6f 64 79  2e 73 74 79 6c 65 2e 63
75 72 73 6f 72 3d 27 70  6f 69 6e 74 65 72 27 3b
20 7d 0a 20 20 20 20 65  6c 73 65 20 7b 20 68 6f
76 65 72 42 6f 78 2e 73  74 79 6c 65 2e 64 69 73
70 6c 61 79 3d 27 6e 6f  6e 65 27 3b 20 64 6f 63
75 6d 65 6e 74 2e 62 6f  64 79 2e 73 74 79 6c 65
2e 63 75 72 73 6f 72 3d  27 27 3b 20 7d 0a 20 20
7d 2c 74 72 75 65 29 3b  0a 0a 20 20 64 6f 63 75
6d 65 6e 74 2e 61 64 64  45 76 65 6e 74 4c 69 73
74 65 6e 65 72 28 27 6d  6f 75 73 65 64 6f 77 6e
27 2c 66 75 6e 63 74 69  6f 6e 28 65 29 7b 0a 20
20 20 20 69 66 28 21 61  63 74 69 76 65 7c 7c 65
2e 62 75 74 74 6f 6e 21  3d 3d 30 29 20 72 65 74
75 72 6e 3b 0a 20 20 20  20 65 2e 70 72 65 76 65
6e 74 44 65 66 61 75 6c  74 28 29 3b 20 65 2e 73
74 6f 70 50 72 6f 70 61  67 61 74 69 6f 6e 28 29
3b 0a 20 20 20 20 76 61  72 20 6e 73 3d 6e 6f 64
65 73 41 74 28 65 2e 63  6c 69 65 6e 74 58 2c 65
2e 63 6c 69 65 6e 74 59  29 3b 0a 20 20 20 20 69
66 28 21 6e 73 2e 6c 65  6e 67 74 68 29 20 72 65
74 75 72 6e 3b 0a 20 20  20 20 76 61 72 20 65 6c
3d 6e 73 5b 30 5d 2e 65  6c 2c 20 72 3d 6e 73 5b
30 5d 2e 72 3b 0a 20 20  20 20 69 66 28 73 65 6c
21 3d 3d 65 6c 29 7b 0a  20 20 20 20 20 20 73 65
6c 3d 65 6c 3b 20 74 6f  74 61 6c 44 78 3d 30 3b
20 74 6f 74 61 6c 44 79  3d 30 3b 0a 20 20 20 20
20 20 69 66 28 21 73 65  6c 42 6f 78 29 20 73 65
6c 42 6f 78 3d 6d 6b 42  6f 78 28 27 62 6f 72 64
65 72 3a 32 70 78 20 73  6f 6c 69 64 20 23 35 65
65 61 64 34 3b 62 61 63  6b 67 72 6f 75 6e 64 3a
72 67 62 61 28 39 34 2c  32 33 34 2c 32 31 32 2c
2e 31 29 3b 27 29 3b 0a  20 20 20 20 20 20 70 6c
61 63 65 28 73 65 6c 42  6f 78 2c 72 29 3b 0a 20
20 20 20 20 20 77 69 6e  64 6f 77 2e 70 61 72 65
6e 74 2e 70 6f 73 74 4d  65 73 73 61 67 65 28 7b
5f 5f 71 64 72 61 67 5f  5f 3a 74 72 75 65 2c 74
79 70 65 3a 27 73 65 6c  65 63 74 27 2c 65 6c 65
6d 65 6e 74 54 65 78 74  3a 6c 61 62 65 6c 4f 66
28 65 6c 29 2c 65 6c 65  6d 65 6e 74 54 61 67 3a
72 6f 6c 65 4f 66 28 65  6c 29 7d 2c 27 2a 27 29
3b 0a 20 20 20 20 7d 0a  20 20 20 20 64 72 61 67
67 69 6e 67 3d 74 72 75  65 3b 20 73 78 3d 65 2e
63 6c 69 65 6e 74 58 3b  20 73 79 3d 65 2e 63 6c
69 65 6e 74 59 3b 0a 20  20 20 20 76 61 72 20 62
72 3d 73 65 6c 42 6f 78  2e 67 65 74 42 6f 75 6e
64 69 6e 67 43 6c 69 65  6e 74 52 65 63 74 28 29
3b 20 62 61 73 65 4c 65  66 74 3d 62 72 2e 6c 65
66 74 3b 20 62 61 73 65  54 6f 70 3d 62 72 2e 74
6f 70 3b 0a 20 20 20 20  64 6f 63 75 6d 65 6e 74
2e 62 6f 64 79 2e 73 74  79 6c 65 2e 63 75 72 73
6f 72 3d 27 6d 6f 76 65  27 3b 0a 20 20 7d 2c 74
72 75 65 29 3b 0a 0a 20  20 64 6f 63 75 6d 65 6e
74 2e 61 64 64 45 76 65  6e 74 4c 69 73 74 65 6e
65 72 28 27 6d 6f 75 73  65 75 70 27 2c 66 75 6e
63 74 69 6f 6e 28 65 29  7b 0a 20 20 20 20 69 66
28 21 61 63 74 69 76 65  7c 7c 21 64 72 61 67 67
69 6e 67 29 20 72 65 74  75 72 6e 3b 0a 20 20 20
20 65 2e 70 72 65 76 65  6e 74 44 65 66 61 75 6c
74 28 29 3b 20 65 2e 73  74 6f 70 50 72 6f 70 61
67 61 74 69 6f 6e 28 29  3b 0a 20 20 20 20 64 72
61 67 67 69 6e 67 3d 66  61 6c 73 65 3b 0a 20 20
20 20 74 6f 74 61 6c 44  78 2b 3d 65 2e 63 6c 69
65 6e 74 58 2d 73 78 3b  20 74 6f 74 61 6c 44 79
2b 3d 65 2e 63 6c 69 65  6e 74 59 2d 73 79 3b 0a
20 20 20 20 64 6f 63 75  6d 65 6e 74 2e 62 6f 64
79 2e 73 74 79 6c 65 2e  63 75 72 73 6f 72 3d 27
70 6f 69 6e 74 65 72 27  3b 0a 20 20 20 20 69 66
28 73 65 6c 29 20 77 69  6e 64 6f 77 2e 70 61 72
65 6e 74 2e 70 6f 73 74  4d 65 73 73 61 67 65 28
7b 5f 5f 71 64 72 61 67  5f 5f 3a 74 72 75 65 2c
74 79 70 65 3a 27 6d 6f  76 65 64 27 2c 65 6c 65
6d 65 6e 74 54 65 78 74  3a 6c 61 62 65 6c 4f 66
28 73 65 6c 29 2c 65 6c  65 6d 65 6e 74 54 61 67
3a 72 6f 6c 65 4f 66 28  73 65 6c 29 2c 64 78 3a
4d 61 74 68 2e 72 6f 75  6e 64 28 74 6f 74 61 6c
44 78 29 2c 64 79 3a 4d  61 74 68 2e 72 6f 75 6e
64 28 74 6f 74 61 6c 44  79 29 7d 2c 27 2a 27 29
3b 0a 20 20 7d 2c 74 72  75 65 29 3b 0a 0a 20 20
2f 2f 20 53 77 61 6c 6c  6f 77 20 63 6c 69 63 6b
73 20 77 68 69 6c 65 20  65 64 69 74 69 6e 67 20
73 6f 20 62 75 74 74 6f  6e 73 20 69 6e 20 74 68
65 20 61 70 70 20 64 6f  6e 27 74 20 66 69 72 65
0a 20 20 64 6f 63 75 6d  65 6e 74 2e 61 64 64 45
76 65 6e 74 4c 69 73 74  65 6e 65 72 28 27 63 6c
69 63 6b 27 2c 66 75 6e  63 74 69 6f 6e 28 65 29
7b 20 69 66 28 61 63 74  69 76 65 29 7b 20 65 2e
70 72 65 76 65 6e 74 44  65 66 61 75 6c 74 28 29
3b 20 65 2e 73 74 6f 70  50 72 6f 70 61 67 61 74
69 6f 6e 28 29 3b 20 7d  20 7d 2c 74 72 75 65 29
3b 0a 0a 20 20 77 69 6e  64 6f 77 2e 61 64 64 45
76 65 6e 74 4c 69 73 74  65 6e 65 72 28 27 6d 65
73 73 61 67 65 27 2c 66  75 6e 63 74 69 6f 6e 28
65 76 29 7b 0a 20 20 20  20 69 66 28 21 65 76 2e
64 61 74 61 7c 7c 21 65  76 2e 64 61 74 61 2e 5f
5f 71 64 72 61 67 63 6d  64 5f 5f 29 20 72 65 74
75 72 6e 3b 0a 20 20 20  20 69 66 28 65 76 2e 64
61 74 61 2e 63 6d 64 3d  3d 3d 27 73 65 74 41 63
74 69 76 65 27 29 7b 0a  20 20 20 20 20 20 61 63
74 69 76 65 3d 65 76 2e  64 61 74 61 2e 76 61 6c
3b 0a 20 20 20 20 20 20  69 66 28 21 61 63 74 69
76 65 29 7b 20 69 66 28  68 6f 76 65 72 42 6f 78
29 68 6f 76 65 72 42 6f  78 2e 73 74 79 6c 65 2e
64 69 73 70 6c 61 79 3d  27 6e 6f 6e 65 27 3b 20
69 66 28 73 65 6c 42 6f  78 29 73 65 6c 42 6f 78
2e 73 74 79 6c 65 2e 64  69 73 70 6c 61 79 3d 27
6e 6f 6e 65 27 3b 20 73  65 6c 3d 6e 75 6c 6c 3b
20 64 6f 63 75 6d 65 6e  74 2e 62 6f 64 79 2e 73
74 79 6c 65 2e 63 75 72  73 6f 72 3d 27 27 3b 20
7d 0a 20 20 20 20 20 20  65 6c 73 65 20 65 6e 61
62 6c 65 53 65 6d 61 6e  74 69 63 73 28 29 3b 0a
20 20 20 20 7d 0a 20 20  20 20 69 66 28 65 76 2e
64 61 74 61 2e 63 6d 64  3d 3d 3d 27 63 6c 65 61
72 53 65 6c 27 29 7b 20  69 66 28 73 65 6c 42 6f
78 29 73 65 6c 42 6f 78  2e 73 74 79 6c 65 2e 64
69 73 70 6c 61 79 3d 27  6e 6f 6e 65 27 3b 20 73
65 6c 3d 6e 75 6c 6c 3b  20 74 6f 74 61 6c 44 78
3d 30 3b 20 74 6f 74 61  6c 44 79 3d 30 3b 20 7d
0a 20 20 7d 29 3b 0a 7d  29 28 29 3b 60 3b 0a 7d
0a 0a 2f 2f 20 50 6c 61  63 65 68 6f 6c 64 65 72
20 77 68 69 6c 65 20 74  68 65 20 6d 6f 64 65 6c
20 69 73 20 73 74 69 6c  6c 20 77 72 69 74 69 6e
67 20 74 68 65 20 41 32  55 49 20 4a 53 4f 4e 20
73 70 65 63 20 28 6e 6f  20 72 65 6e 64 65 72 20
79 65 74 29 0a 63 6f 6e  73 74 20 41 32 55 49 5f
53 54 52 45 41 4d 49 4e  47 20 3d 0a 20 20 27 3c
21 44 4f 43 54 59 50 45  20 68 74 6d 6c 3e 3c 68
74 6d 6c 3e 3c 68 65 61  64 3e 3c 6d 65 74 61 20
63 68 61 72 73 65 74 3d  22 55 54 46 2d 38 22 3e
27 20 2b 0a 20 20 22 3c  73 74 79 6c 65 3e 62 6f
64 79 7b 6d 61 72 67 69  6e 3a 30 3b 64 69 73 70
6c 61 79 3a 66 6c 65 78  3b 61 6c 69 67 6e 2d 69
74 65 6d 73 3a 63 65 6e  74 65 72 3b 6a 75 73 74
69 66 79 2d 63 6f 6e 74  65 6e 74 3a 63 65 6e 74
65 72 3b 68 65 69 67 68  74 3a 31 30 30 76 68 3b
62 61 63 6b 67 72 6f 75  6e 64 3a 23 30 64 31 31
31 37 3b 66 6f 6e 74 2d  66 61 6d 69 6c 79 3a 73
79 73 74 65 6d 2d 75 69  3b 63 6f 6c 6f 72 3a 23
35 34 63 35 66 38 3b 66  6c 65 78 2d 64 69 72 65
63 74 69 6f 6e 3a 63 6f  6c 75 6d 6e 3b 67 61 70
3a 31 32 70 78 7d 22 20  2b 0a 20 20 22 2e 64 6f
74 73 20 73 70 61 6e 7b  61 6e 69 6d 61 74 69 6f
6e 3a 62 20 31 2e 32 73  20 69 6e 66 69 6e 69 74
65 3b 64 69 73 70 6c 61  79 3a 69 6e 6c 69 6e 65
2d 62 6c 6f 63 6b 7d 2e  64 6f 74 73 20 73 70 61
6e 3a 6e 74 68 2d 63 68  69 6c 64 28 32 29 7b 61
6e 69 6d 61 74 69 6f 6e  2d 64 65 6c 61 79 3a 2e
32 73 7d 2e 64 6f 74 73  20 73 70 61 6e 3a 6e 74
68 2d 63 68 69 6c 64 28  33 29 7b 61 6e 69 6d 61
74 69 6f 6e 2d 64 65 6c  61 79 3a 2e 34 73 7d 22
20 2b 0a 20 20 22 40 6b  65 79 66 72 61 6d 65 73
20 62 7b 30 25 2c 38 30  25 2c 31 30 30 25 7b 6f
70 61 63 69 74 79 3a 2e  32 35 7d 34 30 25 7b 6f
70 61 63 69 74 79 3a 31  7d 7d 70 7b 66 6f 6e 74
2d 73 69 7a 65 3a 31 33  70 78 3b 6f 70 61 63 69
74 79 3a 2e 37 35 7d 3c  2f 73 74 79 6c 65 3e 3c
2f 68 65 61 64 3e 22 20  2b 0a 20 20 27 3c 62 6f
64 79 3e 3c 64 69 76 20  63 6c 61 73 73 3d 22 64
6f 74 73 22 20 73 74 79  6c 65 3d 22 66 6f 6e 74
2d 73 69 7a 65 3a 32 36  70 78 22 3e 3c 73 70 61
6e 3e e2 97 8f 3c 2f 73  70 61 6e 3e 20 3c 73 70
61 6e 3e e2 97 8f 3c 2f  73 70 61 6e 3e 20 3c 73
70 61 6e 3e e2 97 8f 3c  2f 73 70 61 6e 3e 3c 2f
64 69 76 3e 3c 70 3e 6d  65 6e 65 72 69 6d 61 20
73 70 65 73 69 66 69 6b  61 73 69 20 41 32 55 49
20 64 61 72 69 20 6d 6f  64 65 6c e2 80 a6 3c 2f
70 3e 3c 2f 62 6f 64 79  3e 3c 2f 68 74 6d 6c 3e
27 3b 0a 2f 2f 20 46 61  6c 6c 62 61 63 6b 3a 20
69 66 20 61 20 6d 6f 64  65 6c 20 77 72 6f 6e 67
6c 79 20 72 65 74 75 72  6e 73 20 60 60 60 64 61
72 74 20 69 6e 73 74 65  61 64 20 6f 66 20 41 32
55 49 20 4a 53 4f 4e 0a  63 6f 6e 73 74 20 46 4c
55 54 54 45 52 5f 53 54  52 45 41 4d 49 4e 47 20
3d 0a 20 20 27 3c 21 44  4f 43 54 59 50 45 20 68
74 6d 6c 3e 3c 68 74 6d  6c 3e 3c 68 65 61 64 3e
3c 6d 65 74 61 20 63 68  61 72 73 65 74 3d 22 55
54 46 2d 38 22 3e 27 20  2b 0a 20 20 22 3c 73 74
79 6c 65 3e 62 6f 64 79  7b 6d 61 72 67 69 6e 3a
30 3b 64 69 73 70 6c 61  79 3a 66 6c 65 78 3b 61
6c 69 67 6e 2d 69 74 65  6d 73 3a 63 65 6e 74 65
72 3b 6a 75 73 74 69 66  79 2d 63 6f 6e 74 65 6e
74 3a 63 65 6e 74 65 72  3b 68 65 69 67 68 74 3a
31 30 30 76 68 3b 62 61  63 6b 67 72 6f 75 6e 64
3a 23 30 64 31 31 31 37  3b 66 6f 6e 74 2d 66 61
6d 69 6c 79 3a 73 79 73  74 65 6d 2d 75 69 3b 63
6f 6c 6f 72 3a 23 35 34  63 35 66 38 3b 66 6c 65
78 2d 64 69 72 65 63 74  69 6f 6e 3a 63 6f 6c 75
6d 6e 3b 67 61 70 3a 31  32 70 78 7d 22 20 2b 0a
20 20 22 2e 64 6f 74 73  20 73 70 61 6e 7b 61 6e
69 6d 61 74 69 6f 6e 3a  62 20 31 2e 32 73 20 69
6e 66 69 6e 69 74 65 3b  64 69 73 70 6c 61 79 3a
69 6e 6c 69 6e 65 2d 62  6c 6f 63 6b 7d 2e 64 6f
74 73 20 73 70 61 6e 3a  6e 74 68 2d 63 68 69 6c
64 28 32 29 7b 61 6e 69  6d 61 74 69 6f 6e 2d 64
65 6c 61 79 3a 2e 32 73  7d 2e 64 6f 74 73 20 73
70 61 6e 3a 6e 74 68 2d  63 68 69 6c 64 28 33 29
7b 61 6e 69 6d 61 74 69  6f 6e 2d 64 65 6c 61 79
3a 2e 34 73 7d 22 20 2b  0a 20 20 22 40 6b 65 79
66 72 61 6d 65 73 20 62  7b 30 25 2c 38 30 25 2c
31 30 30 25 7b 6f 70 61  63 69 74 79 3a 2e 32 35
7d 34 30 25 7b 6f 70 61  63 69 74 79 3a 31 7d 7d
70 7b 66 6f 6e 74 2d 73  69 7a 65 3a 31 33 70 78
3b 6f 70 61 63 69 74 79  3a 2e 37 35 7d 3c 2f 73
74 79 6c 65 3e 3c 2f 68  65 61 64 3e 22 20 2b 0a
20 20 27 3c 62 6f 64 79  3e 3c 64 69 76 20 63 6c
61 73 73 3d 22 64 6f 74  73 22 20 73 74 79 6c 65
3d 22 66 6f 6e 74 2d 73  69 7a 65 3a 32 36 70 78
22 3e 3c 73 70 61 6e 3e  e2 97 8f 3c 2f 73 70 61
6e 3e 20 3c 73 70 61 6e  3e e2 97 8f 3c 2f 73 70
61 6e 3e 20 3c 73 70 61  6e 3e e2 97 8f 3c 2f 73
70 61 6e 3e 3c 2f 64 69  76 3e 3c 70 3e 6d 65 6e
65 72 69 6d 61 20 6b 6f  64 65 20 46 6c 75 74 74
65 72 20 64 61 72 69 20  6d 6f 64 65 6c e2 80 a6
3c 2f 70 3e 3c 2f 62 6f  64 79 3e 3c 2f 68 74 6d
6c 3e 27 3b 0a 0a 2f 2f  20 4c 6f 61 64 69 6e 67
20 70 6c 61 63 65 68 6f  6c 64 65 72 20 73 68 6f
77 6e 20 77 68 69 6c 65  20 44 61 72 74 50 61 64
20 41 50 49 20 63 6f 6d  70 69 6c 65 73 0a 63 6f
6e 73 74 20 46 4c 55 54  54 45 52 5f 43 4f 4d 50
49 4c 49 4e 47 20 3d 20  60 3c 21 44 4f 43 54 59
50 45 20 68 74 6d 6c 3e  0a 3c 68 74 6d 6c 3e 3c
68 65 61 64 3e 3c 6d 65  74 61 20 63 68 61 72 73
65 74 3d 22 55 54 46 2d  38 22 3e 0a 3c 73 74 79
6c 65 3e 62 6f 64 79 7b  6d 61 72 67 69 6e 3a 30
3b 64 69 73 70 6c 61 79  3a 66 6c 65 78 3b 61 6c
69 67 6e 2d 69 74 65 6d  73 3a 63 65 6e 74 65 72
3b 6a 75 73 74 69 66 79  2d 63 6f 6e 74 65 6e 74
3a 63 65 6e 74 65 72 3b  68 65 69 67 68 74 3a 31
30 30 76 68 3b 62 61 63  6b 67 72 6f 75 6e 64 3a
23 30 64 31 31 31 37 3b  66 6f 6e 74 2d 66 61 6d
69 6c 79 3a 73 79 73 74  65 6d 2d 75 69 3b 63 6f
6c 6f 72 3a 23 35 65 65  61 64 34 3b 66 6c 65 78
2d 64 69 72 65 63 74 69  6f 6e 3a 63 6f 6c 75 6d
6e 3b 67 61 70 3a 31 34  70 78 3b 7d 0a 2e 73 70
69 6e 7b 77 69 64 74 68  3a 33 36 70 78 3b 68 65
69 67 68 74 3a 33 36 70  78 3b 62 6f 72 64 65 72
3a 33 70 78 20 73 6f 6c  69 64 20 72 67 62 61 28
39 34 2c 32 33 34 2c 32  31 32 2c 2e 32 29 3b 62
6f 72 64 65 72 2d 74 6f  70 2d 63 6f 6c 6f 72 3a
23 35 65 65 61 64 34 3b  62 6f 72 64 65 72 2d 72
61 64 69 75 73 3a 35 30  25 3b 61 6e 69 6d 61 74
69 6f 6e 3a 73 70 69 6e  20 2e 38 73 20 6c 69 6e
65 61 72 20 69 6e 66 69  6e 69 74 65 3b 7d 0a 40
6b 65 79 66 72 61 6d 65  73 20 73 70 69 6e 7b 74
6f 7b 74 72 61 6e 73 66  6f 72 6d 3a 72 6f 74 61
74 65 28 33 36 30 64 65  67 29 7d 7d 0a 70 7b 66
6f 6e 74 2d 73 69 7a 65  3a 31 33 70 78 3b 6f 70
61 63 69 74 79 3a 2e 37  3b 7d 3c 2f 73 74 79 6c
65 3e 3c 2f 68 65 61 64  3e 0a 3c 62 6f 64 79 3e
3c 64 69 76 20 63 6c 61  73 73 3d 22 73 70 69 6e
22 3e 3c 2f 64 69 76 3e  3c 70 3e 4d 65 6e 67 6b
6f 6d 70 69 6c 61 73 69  20 46 6c 75 74 74 65 72
e2 80 a6 3c 2f 70 3e 3c  2f 62 6f 64 79 3e 3c 2f
68 74 6d 6c 3e 60 3b 0a  0a 2f 2f 20 57 65 62 20
44 65 76 20 69 73 20 41  32 55 49 2d 6f 6e 6c 79
2e 20 49 66 20 61 20 6d  6f 64 65 6c 20 77 72 6f
6e 67 6c 79 20 72 65 74  75 72 6e 73 20 44 61 72
74 20 69 6e 73 74 65 61  64 20 6f 66 20 61 6e 20
41 32 55 49 20 4a 53 4f  4e 20 73 70 65 63 2c 0a
2f 2f 20 77 65 20 73 68  6f 77 20 74 68 69 73 20
69 6e 73 74 65 61 64 20  6f 66 20 63 6f 6d 70 69
6c 69 6e 67 20 74 68 65  20 6f 6c 64 20 77 61 79
2e 0a 63 6f 6e 73 74 20  44 41 52 54 5f 4e 4f 54
49 43 45 20 3d 0a 20 20  27 3c 21 64 6f 63 74 79
70 65 20 68 74 6d 6c 3e  3c 68 74 6d 6c 3e 3c 68
65 61 64 3e 3c 6d 65 74  61 20 63 68 61 72 73 65
74 3d 22 75 74 66 2d 38  22 3e 3c 2f 68 65 61 64
3e 27 20 2b 0a 20 20 27  3c 62 6f 64 79 20 73 74
79 6c 65 3d 22 6d 61 72  67 69 6e 3a 30 3b 64 69
73 70 6c 61 79 3a 67 72  69 64 3b 70 6c 61 63 65
2d 69 74 65 6d 73 3a 63  65 6e 74 65 72 3b 68 65
69 67 68 74 3a 31 30 30  76 68 3b 62 61 63 6b 67
72 6f 75 6e 64 3a 23 30  62 30 64 31 31 3b 63 6f
6c 6f 72 3a 23 63 62 64  35 65 31 3b 66 6f 6e 74
2d 66 61 6d 69 6c 79 3a  73 79 73 74 65 6d 2d 75
69 3b 74 65 78 74 2d 61  6c 69 67 6e 3a 63 65 6e
74 65 72 3b 70 61 64 64  69 6e 67 3a 32 34 70 78
22 3e 27 20 2b 0a 20 20  27 3c 64 69 76 3e 3c 64
69 76 20 73 74 79 6c 65  3d 22 66 6f 6e 74 2d 73
69 7a 65 3a 33 30 70 78  3b 6d 61 72 67 69 6e 2d
62 6f 74 74 6f 6d 3a 31  30 70 78 22 3e e2 9a a0
ef b8 8f 3c 2f 64 69 76  3e 27 20 2b 0a 20 20 27
3c 64 69 76 20 73 74 79  6c 65 3d 22 63 6f 6c 6f
72 3a 23 66 62 62 66 32  34 3b 66 6f 6e 74 2d 77
65 69 67 68 74 3a 36 30  30 3b 6d 61 72 67 69 6e
2d 62 6f 74 74 6f 6d 3a  38 70 78 22 3e 4d 6f 64
65 6c 20 6d 65 6e 67 65  6d 62 61 6c 69 6b 61 6e
20 6b 6f 64 65 20 44 61  72 74 2c 20 62 75 6b 61
6e 20 41 32 55 49 20 4a  53 4f 4e 3c 2f 64 69 76
3e 27 20 2b 0a 20 20 27  3c 64 69 76 20 73 74 79
6c 65 3d 22 66 6f 6e 74  2d 73 69 7a 65 3a 31 33
70 78 3b 6f 70 61 63 69  74 79 3a 2e 37 3b 6d 61
78 2d 77 69 64 74 68 3a  33 34 30 70 78 3b 6c 69
6e 65 2d 68 65 69 67 68  74 3a 31 2e 36 22 3e 27
20 2b 0a 20 20 22 47 75  6e 61 6b 61 6e 20 6d 6f
64 65 6c 20 79 61 6e 67  20 6b 6f 6e 73 69 73 74
65 6e 20 6d 65 6e 67 68  61 73 69 6c 6b 61 6e 20
41 32 55 49 20 4a 53 4f  4e 2c 20 61 74 61 75 20
6d 69 6e 74 61 20 75 6c  61 6e 67 2e 20 4b 6f 64
65 20 44 61 72 74 20 74  69 64 61 6b 20 6c 61 67
69 20 64 69 6b 6f 6d 70  69 6c 61 73 69 2e 3c 2f
64 69 76 3e 3c 2f 64 69  76 3e 3c 2f 62 6f 64 79
3e 3c 2f 68 74 6d 6c 3e  22 3b 0a 0a 2f 2f 20 44
65 74 65 63 74 20 77 65  62 2f 61 70 70 20 6f 75
74 70 75 74 20 69 6e 20  61 20 72 65 70 6c 79 20
61 6e 64 20 61 73 73 65  6d 62 6c 65 20 4f 4e 45
20 70 72 65 76 69 65 77  61 62 6c 65 20 48 54 4d
4c 20 64 6f 63 75 6d 65  6e 74 2e 0a 66 75 6e 63
74 69 6f 6e 20 62 75 69  6c 64 50 72 65 76 69 65
77 28 74 65 78 74 29 20  7b 0a 20 20 63 6f 6e 73
74 20 74 20 3d 20 74 65  78 74 20 7c 7c 20 22 22
3b 0a 20 20 2f 2f 20 54  6f 6c 65 72 61 6e 74 20
66 65 6e 63 65 20 73 63  61 6e 3a 20 63 61 70 74
75 72 65 20 63 6c 6f 73  65 64 20 62 6c 6f 63 6b
73 20 41 4e 44 20 61 20  73 74 69 6c 6c 2d 73 74
72 65 61 6d 69 6e 67 20  74 72 61 69 6c 69 6e 67
20 6f 6e 65 2e 0a 20 20  63 6f 6e 73 74 20 62 6c
6f 63 6b 73 20 3d 20 5b  5d 3b 0a 20 20 63 6f 6e
73 74 20 72 65 20 3d 20  2f 60 60 60 28 5b 5c 77
2b 23 2e 2d 5d 2a 29 5b  5e 5c 6e 5d 2a 5c 6e 28
5b 5c 73 5c 53 5d 2a 3f  29 60 60 60 2f 67 3b 0a
20 20 6c 65 74 20 6d 3b  0a 20 20 77 68 69 6c 65
20 28 28 6d 20 3d 20 72  65 2e 65 78 65 63 28 74
29 29 29 0a 20 20 20 20  62 6c 6f 63 6b 73 2e 70
75 73 68 28 7b 20 6c 61  6e 67 3a 20 28 6d 5b 31
5d 20 7c 7c 20 22 22 29  2e 74 6f 4c 6f 77 65 72
43 61 73 65 28 29 2c 20  63 6f 64 65 3a 20 6d 5b
32 5d 20 7d 29 3b 0a 20  20 63 6f 6e 73 74 20 74
61 69 6c 20 3d 20 74 2e  73 6c 69 63 65 28 72 65
2e 6c 61 73 74 49 6e 64  65 78 29 3b 0a 20 20 63
6f 6e 73 74 20 6f 6d 20  3d 20 74 61 69 6c 2e 6d
61 74 63 68 28 2f 60 60  60 28 5b 5c 77 2b 23 2e
2d 5d 2a 29 5b 5e 5c 6e  5d 2a 5c 6e 28 5b 5c 73
5c 53 5d 2a 29 24 2f 29  3b 0a 20 20 69 66 20 28
6f 6d 20 26 26 20 6f 6d  5b 32 5d 29 0a 20 20 20
20 62 6c 6f 63 6b 73 2e  70 75 73 68 28 7b 20 6c
61 6e 67 3a 20 28 6f 6d  5b 31 5d 20 7c 7c 20 22
22 29 2e 74 6f 4c 6f 77  65 72 43 61 73 65 28 29
2c 20 63 6f 64 65 3a 20  6f 6d 5b 32 5d 2c 20 6f
70 65 6e 3a 20 74 72 75  65 20 7d 29 3b 20 2f 2f
20 66 65 6e 63 65 20 62  65 6c 75 6d 20 64 69 74
75 74 75 70 20 3d 20 6d  61 73 69 68 20 73 74 72
65 61 6d 69 6e 67 0a 20  20 63 6f 6e 73 74 20 66
69 6e 64 20 3d 20 28 72  65 32 29 20 3d 3e 20 62
6c 6f 63 6b 73 2e 66 69  6e 64 28 28 62 29 20 3d
3e 20 72 65 32 2e 74 65  73 74 28 62 2e 6c 61 6e
67 20 7c 7c 20 22 22 29  29 3b 0a 0a 20 20 2f 2f
20 44 45 42 55 47 3a 20  6c 6f 67 20 66 6f 75 6e
64 20 62 6c 6f 63 6b 73  0a 20 20 63 6f 6e 73 6f
6c 65 2e 6c 6f 67 28 0a  20 20 20 20 22 5b 62 75
69 6c 64 50 72 65 76 69  65 77 5d 20 62 6c 6f 63
6b 73 20 66 6f 75 6e 64  3a 22 2c 0a 20 20 20 20
62 6c 6f 63 6b 73 2e 6d  61 70 28 28 62 29 20 3d
3e 20 28 7b 0a 20 20 20  20 20 20 6c 61 6e 67 3a
20 62 2e 6c 61 6e 67 2c  0a 20 20 20 20 20 20 6c
65 6e 3a 20 62 2e 63 6f  64 65 3f 2e 6c 65 6e 67
74 68 20 7c 7c 20 30 2c  0a 20 20 20 20 20 20 73
74 61 72 74 73 3a 20 62  2e 63 6f 64 65 3f 2e 74
72 69 6d 28 29 2e 73 6c  69 63 65 28 30 2c 20 32
30 29 2c 0a 20 20 20 20  7d 29 29 2c 0a 20 20 29
3b 0a 0a 20 20 2f 2f 20  42 61 63 6b 65 6e 64 20
62 6c 6f 63 6b 73 20 28  73 68 6f 77 6e 20 69 6e
20 74 68 65 20 43 6f 64  65 20 65 78 70 6c 6f 72
65 72 20 75 6e 64 65 72  20 62 61 63 6b 65 6e 64
2f 2c 20 6e 65 76 65 72  20 70 72 65 76 69 65 77
65 64 29 0a 20 20 63 6f  6e 73 74 20 70 79 42 20
3d 20 66 69 6e 64 28 2f  5e 28 70 79 7c 70 79 74
68 6f 6e 29 24 2f 29 3b  0a 20 20 63 6f 6e 73 74
20 73 71 6c 42 20 3d 20  66 69 6e 64 28 2f 5e 73
71 6c 24 2f 29 3b 0a 20  20 63 6f 6e 73 74 20 62
61 63 6b 65 6e 64 46 69  6c 65 73 20 3d 20 5b 5d
3b 0a 20 20 69 66 20 28  70 79 42 29 0a 20 20 20
20 62 61 63 6b 65 6e 64  46 69 6c 65 73 2e 70 75
73 68 28 7b 0a 20 20 20  20 20 20 70 61 74 68 3a
20 22 62 61 63 6b 65 6e  64 2f 6d 61 69 6e 2e 70
79 22 2c 0a 20 20 20 20  20 20 6c 61 6e 67 3a 20
22 70 79 74 68 6f 6e 22  2c 0a 20 20 20 20 20 20
63 6f 64 65 3a 20 70 79  42 2e 63 6f 64 65 2c 0a
20 20 20 20 7d 29 3b 0a  20 20 69 66 20 28 73 71
6c 42 29 0a 20 20 20 20  62 61 63 6b 65 6e 64 46
69 6c 65 73 2e 70 75 73  68 28 7b 0a 20 20 20 20
20 20 70 61 74 68 3a 20  22 62 61 63 6b 65 6e 64
2f 73 63 68 65 6d 61 2e  73 71 6c 22 2c 0a 20 20
20 20 20 20 6c 61 6e 67  3a 20 22 73 71 6c 22 2c
0a 20 20 20 20 20 20 63  6f 64 65 3a 20 73 71 6c
42 2e 63 6f 64 65 2c 0a  20 20 20 20 7d 29 3b 0a
0a 20 20 2f 2f 20 51 75  61 6e 74 75 6d 20 43 61
6e 76 61 73 20 69 73 20  46 6c 75 74 74 65 72 2d
6f 6e 6c 79 3a 20 61 20  70 72 65 76 69 65 77 61
62 6c 65 20 72 65 73 75  6c 74 20 69 73 20 4f 4e
45 20 60 60 60 64 61 72  74 20 62 6c 6f 63 6b 2c
0a 20 20 2f 2f 20 63 6f  6d 70 69 6c 65 64 20 6c
6f 63 61 6c 6c 79 20 62  79 20 74 68 65 20 46 6c
75 74 74 65 72 20 53 44  4b 2e 20 48 54 4d 4c 2f
43 53 53 2f 4a 53 2f 52  65 61 63 74 20 61 72 65
20 6e 6f 20 6c 6f 6e 67  65 72 20 72 65 6e 64 65
72 65 64 2e 0a 20 20 2f  2f 20 73 74 72 65 61 6d
69 6e 67 3a 74 72 75 65  20 77 68 69 6c 65 20 74
68 65 20 66 65 6e 63 65  20 69 73 20 73 74 69 6c
6c 20 6f 70 65 6e 20 e2  80 94 20 63 6f 6d 70 69
6c 69 6e 67 20 61 20 68  61 6c 66 2d 77 72 69 74
74 65 6e 0a 20 20 2f 2f  20 70 72 6f 67 72 61 6d
20 6a 75 73 74 20 77 61  73 74 65 73 20 61 20 62
75 69 6c 64 20 6f 6e 20  61 20 67 75 61 72 61 6e
74 65 65 64 20 73 79 6e  74 61 78 20 65 72 72 6f
72 2e 0a 20 20 2f 2f 20  41 32 55 49 3a 20 61 20
60 60 60 6a 73 6f 6e 20  62 6c 6f 63 6b 20 74 68
61 74 20 69 73 20 61 20  55 49 20 73 70 65 63 20
e2 86 92 20 72 65 6e 64  65 72 20 69 6e 73 74 61
6e 74 6c 79 20 69 6e 20  74 68 65 20 73 74 75 64
69 6f 20 28 6e 6f 20 63  6f 6d 70 69 6c 65 29 2e
0a 20 20 63 6f 6e 73 74  20 6a 73 6f 6e 42 20 3d
20 66 69 6e 64 28 2f 5e  28 6a 73 6f 6e 7c 61 32
75 69 29 24 2f 29 3b 0a  20 20 63 6f 6e 73 6f 6c
65 2e 6c 6f 67 28 0a 20  20 20 20 22 5b 62 75 69
6c 64 50 72 65 76 69 65  77 5d 20 6a 73 6f 6e 42
3a 22 2c 0a 20 20 20 20  6a 73 6f 6e 42 0a 20 20
20 20 20 20 3f 20 7b 0a  20 20 20 20 20 20 20 20
20 20 6c 61 6e 67 3a 20  6a 73 6f 6e 42 2e 6c 61
6e 67 2c 0a 20 20 20 20  20 20 20 20 20 20 6c 65
6e 3a 20 6a 73 6f 6e 42  2e 63 6f 64 65 3f 2e 6c
65 6e 67 74 68 2c 0a 20  20 20 20 20 20 20 20 20
20 73 74 61 72 74 73 3a  20 6a 73 6f 6e 42 2e 63
6f 64 65 3f 2e 74 72 69  6d 28 29 2e 73 6c 69 63
65 28 30 2c 20 35 30 29  2c 0a 20 20 20 20 20 20
20 20 7d 0a 20 20 20 20  20 20 3a 20 6e 75 6c 6c
2c 0a 20 20 29 3b 0a 20  20 69 66 20 28 6a 73 6f
6e 42 20 26 26 20 6a 73  6f 6e 42 2e 63 6f 64 65
29 20 7b 0a 20 20 20 20  63 6f 6e 73 74 20 73 20
3d 20 6a 73 6f 6e 42 2e  63 6f 64 65 2e 74 72 69
6d 28 29 3b 0a 20 20 20  20 63 6f 6e 73 74 20 68
61 73 54 79 70 65 20 3d  20 2f 22 74 79 70 65 22
5c 73 2a 3a 7c 22 72 6f  6f 74 22 5c 73 2a 3a 2f
2e 74 65 73 74 28 73 29  3b 0a 20 20 20 20 63 6f
6e 73 6f 6c 65 2e 6c 6f  67 28 0a 20 20 20 20 20
20 22 5b 62 75 69 6c 64  50 72 65 76 69 65 77 5d
20 4a 53 4f 4e 20 63 68  65 63 6b 3a 20 73 74 61
72 74 73 57 69 74 68 3d  7b 22 2c 0a 20 20 20 20
20 20 73 2e 73 74 61 72  74 73 57 69 74 68 28 22
7b 22 29 2c 0a 20 20 20  20 20 20 22 7d 2c 20 68
61 73 54 79 70 65 3a 22  2c 0a 20 20 20 20 20 20
68 61 73 54 79 70 65 2c  0a 20 20 20 20 29 3b 0a
20 20 20 20 69 66 20 28  73 2e 73 74 61 72 74 73
57 69 74 68 28 22 7b 22  29 20 26 26 20 68 61 73
54 79 70 65 29 0a 20 20  20 20 20 20 72 65 74 75
72 6e 20 7b 0a 20 20 20  20 20 20 20 20 68 61 73
3a 20 74 72 75 65 2c 0a  20 20 20 20 20 20 20 20
66 6c 75 74 74 65 72 3a  20 74 72 75 65 2c 0a 20
20 20 20 20 20 20 20 61  32 75 69 3a 20 74 72 75
65 2c 0a 20 20 20 20 20  20 20 20 73 6f 75 72 63
65 3a 20 73 2c 0a 20 20  20 20 20 20 20 20 73 74
72 65 61 6d 69 6e 67 3a  20 21 21 6a 73 6f 6e 42
2e 6f 70 65 6e 2c 0a 20  20 20 20 20 20 20 20 66
69 6c 65 73 3a 20 5b 7b  20 70 61 74 68 3a 20 22
75 69 2e 6a 73 6f 6e 22  2c 20 6c 61 6e 67 3a 20
22 6a 73 6f 6e 22 2c 20  63 6f 64 65 3a 20 73 20
7d 2c 20 2e 2e 2e 62 61  63 6b 65 6e 64 46 69 6c
65 73 5d 2c 0a 20 20 20  20 20 20 7d 3b 0a 20 20
7d 0a 0a 20 20 2f 2f 20  57 65 62 20 44 65 76 20
69 73 20 41 32 55 49 2d  6f 6e 6c 79 20 6e 6f 77
3a 20 61 20 6d 6f 64 65  6c 20 74 68 61 74 20 28
77 72 6f 6e 67 6c 79 29  20 72 65 74 75 72 6e 73
20 60 60 60 64 61 72 74  20 69 73 20 4e 4f 54 20
63 6f 6d 70 69 6c 65 64  0a 20 20 2f 2f 20 61 6e
79 6d 6f 72 65 20 e2 80  94 20 73 68 6f 77 20 69
74 20 69 6e 20 74 68 65  20 66 69 6c 65 20 6c 69
73 74 20 62 75 74 20 6e  65 76 65 72 20 72 75 6e
20 74 68 65 20 6f 6c 64  20 46 6c 75 74 74 65 72
2d 63 6f 6d 70 69 6c 65  20 70 61 74 68 2e 0a 20
20 63 6f 6e 73 74 20 64  61 72 74 20 3d 20 66 69
6e 64 28 2f 5e 64 61 72  74 24 2f 29 3b 0a 20 20
69 66 20 28 64 61 72 74  20 26 26 20 64 61 72 74
2e 63 6f 64 65 20 26 26  20 64 61 72 74 2e 63 6f
64 65 2e 6c 65 6e 67 74  68 20 3e 20 32 30 29 0a
20 20 20 20 72 65 74 75  72 6e 20 7b 0a 20 20 20
20 20 20 68 61 73 3a 20  74 72 75 65 2c 0a 20 20
20 20 20 20 64 61 72 74  4f 6e 6c 79 3a 20 74 72
75 65 2c 0a 20 20 20 20  20 20 64 6f 63 3a 20 44
41 52 54 5f 4e 4f 54 49  43 45 2c 0a 20 20 20 20
20 20 66 69 6c 65 73 3a  20 5b 0a 20 20 20 20 20
20 20 20 7b 20 70 61 74  68 3a 20 22 6c 69 62 2f
6d 61 69 6e 2e 64 61 72  74 22 2c 20 6c 61 6e 67
3a 20 22 64 61 72 74 22  2c 20 63 6f 64 65 3a 20
64 61 72 74 2e 63 6f 64  65 20 7d 2c 0a 20 20 20
20 20 20 20 20 2e 2e 2e  62 61 63 6b 65 6e 64 46
69 6c 65 73 2c 0a 20 20  20 20 20 20 5d 2c 0a 20
20 20 20 7d 3b 0a 0a 20  20 72 65 74 75 72 6e 20
7b 20 68 61 73 3a 20 66  61 6c 73 65 20 7d 3b 0a
7d 0a 0a 2f 2f 20 54 65  72 6d 69 6e 61 6c 2d 73
74 79 6c 65 20 70 61 67  65 20 66 6f 72 20 63 6f
6e 73 6f 6c 65 20 70 72  6f 67 72 61 6d 73 20 28
4b 6f 74 6c 69 6e 2f 4a  61 76 61 2f 47 6f 2f 2e
2e 2e 29 2c 20 73 6f 20  74 68 65 20 43 61 6e 76
61 73 0a 2f 2f 20 73 74  69 6c 6c 20 73 68 6f 77
73 20 74 68 65 20 72 75  6e 20 72 65 73 75 6c 74
20 65 76 65 6e 20 77 68  65 6e 20 74 68 65 72 65
20 69 73 20 6e 6f 74 68  69 6e 67 20 76 69 73 75
61 6c 20 74 6f 20 72 65  6e 64 65 72 2e 0a 66 75
6e 63 74 69 6f 6e 20 63  6f 6e 73 6f 6c 65 44 6f
63 28 72 75 6e 29 20 7b  0a 20 20 63 6f 6e 73 74
20 65 73 63 20 3d 20 28  73 29 20 3d 3e 0a 20 20
20 20 53 74 72 69 6e 67  28 73 20 7c 7c 20 22 22
29 0a 20 20 20 20 20 20  2e 72 65 70 6c 61 63 65
28 2f 26 2f 67 2c 20 22  26 61 6d 70 3b 22 29 0a
20 20 20 20 20 20 2e 72  65 70 6c 61 63 65 28 2f
3c 2f 67 2c 20 22 26 6c  74 3b 22 29 3b 0a 20 20
72 65 74 75 72 6e 20 28  0a 20 20 20 20 27 3c 21
64 6f 63 74 79 70 65 20  68 74 6d 6c 3e 3c 68 74
6d 6c 3e 3c 68 65 61 64  3e 3c 6d 65 74 61 20 63
68 61 72 73 65 74 3d 22  75 74 66 2d 38 22 3e 3c
73 74 79 6c 65 3e 27 20  2b 0a 20 20 20 20 22 62
6f 64 79 7b 6d 61 72 67  69 6e 3a 30 3b 62 61 63
6b 67 72 6f 75 6e 64 3a  23 30 62 30 64 31 31 3b
63 6f 6c 6f 72 3a 23 63  62 64 35 65 31 3b 66 6f
6e 74 3a 31 33 70 78 2f  31 2e 36 35 20 75 69 2d
6d 6f 6e 6f 73 70 61 63  65 2c 43 6f 6e 73 6f 6c
61 73 2c 6d 6f 6e 6f 73  70 61 63 65 3b 70 61 64
64 69 6e 67 3a 31 38 70  78 7d 22 20 2b 0a 20 20
20 20 22 2e 68 64 7b 63  6f 6c 6f 72 3a 23 35 65
65 61 64 34 3b 6d 61 72  67 69 6e 2d 62 6f 74 74
6f 6d 3a 31 32 70 78 3b  66 6f 6e 74 2d 77 65 69
67 68 74 3a 36 30 30 7d  22 20 2b 0a 20 20 20 20
22 2e 6f 6b 7b 63 6f 6c  6f 72 3a 23 33 34 64 33
39 39 7d 2e 62 61 64 7b  63 6f 6c 6f 72 3a 23 66
38 37 31 37 31 7d 22 20  2b 0a 20 20 20 20 22 70
72 65 7b 77 68 69 74 65  2d 73 70 61 63 65 3a 70
72 65 2d 77 72 61 70 3b  77 6f 72 64 2d 62 72 65
61 6b 3a 62 72 65 61 6b  2d 77 6f 72 64 3b 6d 61
72 67 69 6e 3a 30 7d 22  20 2b 0a 20 20 20 20 22
2e 65 72 72 7b 63 6f 6c  6f 72 3a 23 66 63 61 35
61 35 3b 6d 61 72 67 69  6e 2d 74 6f 70 3a 31 32
70 78 3b 62 6f 72 64 65  72 2d 74 6f 70 3a 31 70
78 20 64 61 73 68 65 64  20 23 32 61 33 33 34 30
3b 70 61 64 64 69 6e 67  2d 74 6f 70 3a 31 32 70
78 7d 22 20 2b 0a 20 20  20 20 22 3c 2f 73 74 79
6c 65 3e 3c 2f 68 65 61  64 3e 3c 62 6f 64 79 3e
22 20 2b 0a 20 20 20 20  27 3c 64 69 76 20 63 6c
61 73 73 3d 22 68 64 22  3e 24 20 72 75 6e 20 27
20 2b 0a 20 20 20 20 65  73 63 28 72 75 6e 2e 6c
61 6e 67 75 61 67 65 20  7c 7c 20 22 22 29 20 2b
0a 20 20 20 20 27 20 3c  73 70 61 6e 20 63 6c 61
73 73 3d 22 27 20 2b 0a  20 20 20 20 28 72 75 6e
2e 6f 6b 20 3f 20 22 6f  6b 22 20 3a 20 22 62 61
64 22 29 20 2b 0a 20 20  20 20 27 22 3e 27 20 2b
0a 20 20 20 20 28 72 75  6e 2e 6f 6b 20 3f 20 22
c2 b7 20 65 78 69 74 20  30 22 20 3a 20 22 c2 b7
20 67 61 67 61 6c 22 29  20 2b 0a 20 20 20 20 22
3c 2f 73 70 61 6e 3e 3c  2f 64 69 76 3e 22 20 2b
0a 20 20 20 20 22 3c 70  72 65 3e 22 20 2b 0a 20
20 20 20 28 65 73 63 28  72 75 6e 2e 6f 75 74 70
75 74 29 20 7c 7c 20 22  28 74 69 64 61 6b 20 61
64 61 20 6f 75 74 70 75  74 29 22 29 20 2b 0a 20
20 20 20 22 3c 2f 70 72  65 3e 22 20 2b 0a 20 20
20 20 28 72 75 6e 2e 65  72 72 6f 72 20 3f 20 27
3c 70 72 65 20 63 6c 61  73 73 3d 22 65 72 72 22
3e 27 20 2b 20 65 73 63  28 72 75 6e 2e 65 72 72
6f 72 29 20 2b 20 22 3c  2f 70 72 65 3e 22 20 3a
20 22 22 29 20 2b 0a 20  20 20 20 27 3c 64 69 76
20 73 74 79 6c 65 3d 22  6d 61 72 67 69 6e 2d 74
6f 70 3a 32 32 70 78 3b  70 61 64 64 69 6e 67 2d
74 6f 70 3a 31 32 70 78  3b 62 6f 72 64 65 72 2d
74 6f 70 3a 31 70 78 20  73 6f 6c 69 64 20 23 31
66 32 37 33 33 3b 63 6f  6c 6f 72 3a 23 35 62 36
37 37 36 3b 66 6f 6e 74  2d 73 69 7a 65 3a 31 31
70 78 22 3e 27 20 2b 0a  20 20 20 20 22 49 6e 69
20 76 65 72 69 66 69 6b  61 73 69 20 6c 6f 67 69
6b 61 20 28 6b 6f 6e 73  6f 6c 29 2e 20 55 6e 74
75 6b 20 61 6e 74 61 72  6d 75 6b 61 20 76 69 73
75 61 6c 2c 20 6d 69 6e  74 61 20 75 6c 61 6e 67
20 64 65 6e 67 61 6e 20  6d 6f 64 65 6c 20 79 61
6e 67 20 6d 65 6e 64 75  6b 75 6e 67 20 41 32 55
49 2e 3c 2f 64 69 76 3e  22 20 2b 0a 20 20 20 20
22 3c 2f 62 6f 64 79 3e  3c 2f 68 74 6d 6c 3e 22
0a 20 20 29 3b 0a 7d 0a  0a 2f 2f 20 43 6f 64 65
20 74 61 62 3a 20 66 69  6c 65 20 74 72 65 65 20
67 72 6f 75 70 65 64 20  62 79 20 66 6f 6c 64 65
72 20 28 6c 69 62 2f 20  62 61 63 6b 65 6e 64 2f
29 20 2b 20 65 64 69 74  6f 72 20 70 61 6e 65 0a
66 75 6e 63 74 69 6f 6e  20 43 6f 64 65 45 78 70
6c 6f 72 65 72 28 7b 20  66 69 6c 65 73 2c 20 6f
6e 45 64 69 74 20 7d 29  20 7b 0a 20 20 63 6f 6e
73 74 20 5b 63 75 72 2c  20 73 65 74 43 75 72 5d
20 3d 20 75 73 65 53 74  61 74 65 28 30 29 3b 0a
20 20 75 73 65 45 66 66  65 63 74 28 28 29 20 3d
3e 20 7b 0a 20 20 20 20  69 66 20 28 63 75 72 20
3e 3d 20 66 69 6c 65 73  2e 6c 65 6e 67 74 68 29
20 73 65 74 43 75 72 28  30 29 3b 0a 20 20 7d 2c
20 5b 66 69 6c 65 73 2e  6c 65 6e 67 74 68 5d 29
3b 0a 20 20 63 6f 6e 73  74 20 67 72 6f 75 70 73
20 3d 20 7b 7d 3b 0a 20  20 66 69 6c 65 73 2e 66
6f 72 45 61 63 68 28 28  66 2c 20 69 29 20 3d 3e
20 7b 0a 20 20 20 20 63  6f 6e 73 74 20 66 6f 6c
64 65 72 20 3d 20 66 2e  70 61 74 68 2e 69 6e 63
6c 75 64 65 73 28 22 2f  22 29 20 3f 20 66 2e 70
61 74 68 2e 73 70 6c 69  74 28 22 2f 22 29 5b 30
5d 20 3a 20 22 61 70 70  22 3b 0a 20 20 20 20 28
67 72 6f 75 70 73 5b 66  6f 6c 64 65 72 5d 20 3d
20 67 72 6f 75 70 73 5b  66 6f 6c 64 65 72 5d 20
7c 7c 20 5b 5d 29 2e 70  75 73 68 28 7b 20 2e 2e
2e 66 2c 20 69 20 7d 29  3b 0a 20 20 7d 29 3b 0a
20 20 63 6f 6e 73 74 20  66 69 6c 65 49 63 6f 6e
20 3d 20 28 0a 20 20 20  20 3c 73 76 67 0a 20 20
20 20 20 20 76 69 65 77  42 6f 78 3d 22 30 20 30
20 31 36 20 31 36 22 0a  20 20 20 20 20 20 77 69
64 74 68 3d 22 31 32 22  0a 20 20 20 20 20 20 68
65 69 67 68 74 3d 22 31  32 22 0a 20 20 20 20 20
20 66 69 6c 6c 3d 22 6e  6f 6e 65 22 0a 20 20 20
20 20 20 73 74 72 6f 6b  65 3d 22 63 75 72 72 65
6e 74 43 6f 6c 6f 72 22  0a 20 20 20 20 20 20 73
74 72 6f 6b 65 57 69 64  74 68 3d 22 31 2e 33 22
0a 20 20 20 20 3e 0a 20  20 20 20 20 20 3c 70 61
74 68 20 64 3d 22 4d 34  20 31 2e 35 68 35 4c 31
33 20 35 2e 35 76 39 61  31 20 31 20 30 20 30 20
31 2d 31 20 31 48 34 61  31 20 31 20 30 20 30 20
31 2d 31 2d 31 76 2d 31  32 61 31 20 31 20 30 20
30 20 31 20 31 2d 31 7a  22 20 2f 3e 0a 20 20 20
20 20 20 3c 70 61 74 68  20 64 3d 22 4d 39 20 31
2e 35 56 35 2e 35 68 34  22 20 2f 3e 0a 20 20 20
20 3c 2f 73 76 67 3e 0a  20 20 29 3b 0a 20 20 72
65 74 75 72 6e 20 28 0a  20 20 20 20 3c 64 69 76
20 63 6c 61 73 73 4e 61  6d 65 3d 22 63 6f 64 65
2d 65 78 70 6c 6f 72 65  72 22 3e 0a 20 20 20 20
20 20 3c 64 69 76 20 63  6c 61 73 73 4e 61 6d 65
3d 22 63 65 2d 74 72 65  65 22 3e 0a 20 20 20 20
20 20 20 20 7b 4f 62 6a  65 63 74 2e 65 6e 74 72
69 65 73 28 67 72 6f 75  70 73 29 2e 6d 61 70 28
28 5b 66 6f 6c 64 65 72  2c 20 66 73 5d 29 20 3d
3e 20 28 0a 20 20 20 20  20 20 20 20 20 20 3c 64
69 76 20 6b 65 79 3d 7b  66 6f 6c 64 65 72 7d 20
63 6c 61 73 73 4e 61 6d  65 3d 22 63 65 2d 66 6f
6c 64 65 72 22 3e 0a 20  20 20 20 20 20 20 20 20
20 20 20 3c 64 69 76 20  63 6c 61 73 73 4e 61 6d
65 3d 22 63 65 2d 66 6f  6c 64 65 72 2d 6e 61 6d
65 22 3e 0a 20 20 20 20  20 20 20 20 20 20 20 20
20 20 3c 73 76 67 0a 20  20 20 20 20 20 20 20 20
20 20 20 20 20 20 20 76  69 65 77 42 6f 78 3d 22
30 20 30 20 31 36 20 31  36 22 0a 20 20 20 20 20
20 20 20 20 20 20 20 20  20 20 20 77 69 64 74 68
3d 22 31 32 22 0a 20 20  20 20 20 20 20 20 20 20
20 20 20 20 20 20 68 65  69 67 68 74 3d 22 31 32
22 0a 20 20 20 20 20 20  20 20 20 20 20 20 20 20
20 20 66 69 6c 6c 3d 22  6e 6f 6e 65 22 0a 20 20
20 20 20 20 20 20 20 20  20 20 20 20 20 20 73 74
72 6f 6b 65 3d 22 63 75  72 72 65 6e 74 43 6f 6c
6f 72 22 0a 20 20 20 20  20 20 20 20 20 20 20 20
20 20 20 20 73 74 72 6f  6b 65 57 69 64 74 68 3d
22 31 2e 33 22 0a 20 20  20 20 20 20 20 20 20 20
20 20 20 20 3e 0a 20 20  20 20 20 20 20 20 20 20
20 20 20 20 20 20 3c 70  61 74 68 20 64 3d 22 4d
31 2e 35 20 34 61 31 20  31 20 30 20 30 20 31 20
31 2d 31 68 33 6c 31 2e  35 20 32 68 36 2e 35 61
31 20 31 20 30 20 30 20  31 20 31 20 31 76 36 61
31 20 31 20 30 20 30 20  31 2d 31 20 31 68 2d 31
31 61 31 20 31 20 30 20  30 20 31 2d 31 2d 31 7a
22 20 2f 3e 0a 20 20 20  20 20 20 20 20 20 20 20
20 20 20 3c 2f 73 76 67  3e 0a 20 20 20 20 20 20
20 20 20 20 20 20 20 20  7b 66 6f 6c 64 65 72 7d
0a 20 20 20 20 20 20 20  20 20 20 20 20 3c 2f 64
69 76 3e 0a 20 20 20 20  20 20 20 20 20 20 20 20
7b 66 73 2e 6d 61 70 28  28 66 29 20 3d 3e 20 28
0a 20 20 20 20 20 20 20  20 20 20 20 20 20 20 3c
62 75 74 74 6f 6e 0a 20  20 20 20 20 20 20 20 20
20 20 20 20 20 20 20 6b  65 79 3d 7b 66 2e 69 7d
0a 20 20 20 20 20 20 20  20 20 20 20 20 20 20 20
20 63 6c 61 73 73 4e 61  6d 65 3d 7b 22 63 65 2d
66 69 6c 65 22 20 2b 20  28 66 2e 69 20 3d 3d 3d
20 63 75 72 20 3f 20 22  20 61 63 74 69 76 65 22
20 3a 20 22 22 29 7d 0a  20 20 20 20 20 20 20 20
20 20 20 20 20 20 20 20  6f 6e 43 6c 69 63 6b 3d
7b 28 29 20 3d 3e 20 73  65 74 43 75 72 28 66 2e
69 29 7d 0a 20 20 20 20  20 20 20 20 20 20 20 20
20 20 3e 0a 20 20 20 20  20 20 20 20 20 20 20 20
20 20 20 20 7b 66 69 6c  65 49 63 6f 6e 7d 0a 20
20 20 20 20 20 20 20 20  20 20 20 20 20 20 20 7b
66 2e 70 61 74 68 2e 73  70 6c 69 74 28 22 2f 22
29 2e 70 6f 70 28 29 7d  0a 20 20 20 20 20 20 20
20 20 20 20 20 20 20 3c  2f 62 75 74 74 6f 6e 3e
0a 20 20 20 20 20 20 20  20 20 20 20 20 29 29 7d
0a 20 20 20 20 20 20 20  20 20 20 3c 2f 64 69 76
3e 0a 20 20 20 20 20 20  20 20 29 29 7d 0a 20 20
20 20 20 20 3c 2f 64 69  76 3e 0a 20 20 20 20 20
20 3c 74 65 78 74 61 72  65 61 0a 20 20 20 20 20
20 20 20 63 6c 61 73 73  4e 61 6d 65 3d 22 63 61
6e 76 61 73 2d 63 6f 64  65 22 0a 20 20 20 20 20
20 20 20 76 61 6c 75 65  3d 7b 28 66 69 6c 65 73
5b 63 75 72 5d 20 26 26  20 66 69 6c 65 73 5b 63
75 72 5d 2e 63 6f 64 65  29 20 7c 7c 20 22 22 7d
0a 20 20 20 20 20 20 20  20 73 70 65 6c 6c 43 68
65 63 6b 3d 7b 66 61 6c  73 65 7d 0a 20 20 20 20
20 20 20 20 6f 6e 43 68  61 6e 67 65 3d 7b 28 65
29 20 3d 3e 20 6f 6e 45  64 69 74 28 63 75 72 2c
20 65 2e 74 61 72 67 65  74 2e 76 61 6c 75 65 29
7d 0a 20 20 20 20 20 20  2f 3e 0a 20 20 20 20 3c
2f 64 69 76 3e 0a 20 20  29 3b 0a 7d 0a 0a 2f 2a
20 2d 2d 2d 2d 2d 2d 2d  2d 2d 2d 20 46 6c 75 74
74 65 72 20 53 44 4b 20  49 6e 66 6f 20 50 61 6e
65 6c 20 2d 2d 2d 2d 2d  2d 2d 2d 2d 2d 20 2a 2f
0a 66 75 6e 63 74 69 6f  6e 20 46 6c 75 74 74 65
72 53 44 4b 49 6e 66 6f  28 7b 20 69 73 46 6c 75
74 74 65 72 20 7d 29 20  7b 0a 20 20 63 6f 6e 73
74 20 5b 69 6e 66 6f 2c  20 73 65 74 49 6e 66 6f
5d 20 3d 20 75 73 65 53  74 61 74 65 28 6e 75 6c
6c 29 3b 0a 20 20 63 6f  6e 73 74 20 5b 64 6f 63
74 6f 72 2c 20 73 65 74  44 6f 63 74 6f 72 5d 20
3d 20 75 73 65 53 74 61  74 65 28 6e 75 6c 6c 29
3b 0a 20 20 63 6f 6e 73  74 20 5b 6c 6f 61 64 69
6e 67 2c 20 73 65 74 4c  6f 61 64 69 6e 67 5d 20
3d 20 75 73 65 53 74 61  74 65 28 66 61 6c 73 65
29 3b 0a 20 20 63 6f 6e  73 74 20 5b 65 72 72 2c
20 73 65 74 45 72 72 5d  20 3d 20 75 73 65 53 74
61 74 65 28 6e 75 6c 6c  29 3b 0a 20 20 63 6f 6e
73 74 20 5b 73 68 6f 77  44 6f 63 74 6f 72 2c 20
73 65 74 53 68 6f 77 44  6f 63 74 6f 72 5d 20 3d
20 75 73 65 53 74 61 74  65 28 66 61 6c 73 65 29
3b 0a 20 20 63 6f 6e 73  74 20 66 65 74 63 68 49
6e 66 6f 20 3d 20 75 73  65 43 61 6c 6c 62 61 63
6b 28 28 29 20 3d 3e 20  7b 0a 20 20 20 20 73 65
74 4c 6f 61 64 69 6e 67  28 74 72 75 65 29 3b 0a
20 20 20 20 73 65 74 45  72 72 28 6e 75 6c 6c 29
3b 0a 20 20 20 20 66 65  74 63 68 28 22 2f 66 6c
75 74 74 65 72 2f 73 64  6b 2d 69 6e 66 6f 22 29
0a 20 20 20 20 20 20 2e  74 68 65 6e 28 28 72 29
20 3d 3e 20 72 2e 6a 73  6f 6e 28 29 29 0a 20 20
20 20 20 20 2e 74 68 65  6e 28 28 64 29 20 3d 3e
20 7b 0a 20 20 20 20 20  20 20 20 73 65 74 49 6e
66 6f 28 64 29 3b 0a 20  20 20 20 20 20 20 20 73
65 74 4c 6f 61 64 69 6e  67 28 66 61 6c 73 65 29
3b 0a 20 20 20 20 20 20  7d 29 0a 20 20 20 20 20
20 2e 63 61 74 63 68 28  28 65 29 20 3d 3e 20 7b
0a 20 20 20 20 20 20 20  20 73 65 74 45 72 72 28
65 2e 6d 65 73 73 61 67  65 29 3b 0a 20 20 20 20
20 20 20 20 73 65 74 4c  6f 61 64 69 6e 67 28 66
61 6c 73 65 29 3b 0a 20  20 20 20 20 20 7d 29 3b
0a 20 20 7d 2c 20 5b 5d  29 3b 0a 20 20 63 6f 6e
73 74 20 66 65 74 63 68  44 6f 63 74 6f 72 20 3d
20 75 73 65 43 61 6c 6c  62 61 63 6b 28 28 29 20
3d 3e 20 7b 0a 20 20 20  20 73 65 74 4c 6f 61 64
69 6e 67 28 74 72 75 65  29 3b 0a 20 20 20 20 73
65 74 45 72 72 28 6e 75  6c 6c 29 3b 0a 20 20 20
20 66 65 74 63 68 28 22  2f 66 6c 75 74 74 65 72
2f 64 6f 63 74 6f 72 22  29 0a 20 20 20 20 20 20
2e 74 68 65 6e 28 28 72  29 20 3d 3e 20 72 2e 6a
73 6f 6e 28 29 29 0a 20  20 20 20 20 20 2e 74 68
65 6e 28 28 64 29 20 3d  3e 20 7b 0a 20 20 20 20
20 20 20 20 73 65 74 44  6f 63 74 6f 72 28 64 29
3b 0a 20 20 20 20 20 20  20 20 73 65 74 53 68 6f
77 44 6f 63 74 6f 72 28  74 72 75 65 29 3b 0a 20
20 20 20 20 20 20 20 73  65 74 4c 6f 61 64 69 6e
67 28 66 61 6c 73 65 29  3b 0a 20 20 20 20 20 20
7d 29 0a 20 20 20 20 20  20 2e 63 61 74 63 68 28
28 65 29 20 3d 3e 20 7b  0a 20 20 20 20 20 20 20
20 73 65 74 45 72 72 28  65 2e 6d 65 73 73 61 67
65 29 3b 0a 20 20 20 20  20 20 20 20 73 65 74 4c
6f 61 64 69 6e 67 28 66  61 6c 73 65 29 3b 0a 20
20 20 20 20 20 7d 29 3b  0a 20 20 7d 2c 20 5b 5d
29 3b 0a 20 20 75 73 65  45 66 66 65 63 74 28 28
29 20 3d 3e 20 7b 0a 20  20 20 20 66 65 74 63 68
49 6e 66 6f 28 29 3b 0a  20 20 7d 2c 20 5b 66 65
74 63 68 49 6e 66 6f 5d  29 3b 0a 20 20 72 65 74
75 72 6e 20 28 0a 20 20  20 20 3c 64 69 76 20 63
6c 61 73 73 4e 61 6d 65  3d 22 66 6c 75 74 74 65
72 2d 73 64 6b 2d 70 61  6e 65 6c 22 3e 0a 20 20
20 20 20 20 3c 64 69 76  20 63 6c 61 73 73 4e 61
6d 65 3d 22 66 73 64 6b  2d 68 65 61 64 22 3e 0a
20 20 20 20 20 20 20 20  3c 73 70 61 6e 20 63 6c
61 73 73 4e 61 6d 65 3d  22 66 73 64 6b 2d 74 69
74 6c 65 22 3e 0a 20 20  20 20 20 20 20 20 20 20
3c 73 76 67 0a 20 20 20  20 20 20 20 20 20 20 20
20 76 69 65 77 42 6f 78  3d 22 30 20 30 20 32 34
20 32 34 22 0a 20 20 20  20 20 20 20 20 20 20 20
20 77 69 64 74 68 3d 22  31 34 22 0a 20 20 20 20
20 20 20 20 20 20 20 20  68 65 69 67 68 74 3d 22
31 34 22 0a 20 20 20 20  20 20 20 20 20 20 20 20
66 69 6c 6c 3d 22 6e 6f  6e 65 22 0a 20 20 20 20
20 20 20 20 20 20 20 20  73 74 72 6f 6b 65 3d 22
63 75 72 72 65 6e 74 43  6f 6c 6f 72 22 0a 20 20
20 20 20 20 20 20 20 20  20 20 73 74 72 6f 6b 65
57 69 64 74 68 3d 22 31  2e 38 22 0a 20 20 20 20
20 20 20 20 20 20 3e 0a  20 20 20 20 20 20 20 20
20 20 20 20 3c 72 65 63  74 20 78 3d 22 33 22 20
79 3d 22 34 22 20 77 69  64 74 68 3d 22 31 38 22
20 68 65 69 67 68 74 3d  22 31 36 22 20 72 78 3d
22 32 22 20 2f 3e 0a 20  20 20 20 20 20 20 20 20
20 20 20 3c 70 61 74 68  20 64 3d 22 4d 39 20 31
30 6c 2d 32 20 32 20 32  20 32 22 20 2f 3e 0a 20
20 20 20 20 20 20 20 20  20 20 20 3c 70 61 74 68
20 64 3d 22 4d 31 35 20  31 30 6c 32 20 32 2d 32
20 32 22 20 2f 3e 0a 20  20 20 20 20 20 20 20 20
20 3c 2f 73 76 67 3e 7b  22 20 22 7d 0a 20 20 20
20 20 20 20 20 20 20 46  6c 75 74 74 65 72 20 53
44 4b 0a 20 20 20 20 20  20 20 20 3c 2f 73 70 61
6e 3e 0a 20 20 20 20 20  20 20 20 3c 62 75 74 74
6f 6e 20 63 6c 61 73 73  4e 61 6d 65 3d 22 66 73
64 6b 2d 72 65 66 72 65  73 68 22 20 74 69 74 6c
65 3d 22 52 65 66 72 65  73 68 22 20 6f 6e 43 6c
69 63 6b 3d 7b 66 65 74  63 68 49 6e 66 6f 7d 3e
0a 20 20 20 20 20 20 20  20 20 20 e2 86 bb 0a 20
20 20 20 20 20 20 20 3c  2f 62 75 74 74 6f 6e 3e
0a 20 20 20 20 20 20 3c  2f 64 69 76 3e 0a 20 20
20 20 20 20 7b 6c 6f 61  64 69 6e 67 20 26 26 20
21 69 6e 66 6f 20 26 26  20 3c 64 69 76 20 63 6c
61 73 73 4e 61 6d 65 3d  22 66 73 64 6b 2d 6c 6f
61 64 69 6e 67 22 3e 4d  65 6d 75 61 74 e2 80 a6
3c 2f 64 69 76 3e 7d 0a  20 20 20 20 20 20 7b 65
72 72 20 26 26 20 3c 64  69 76 20 63 6c 61 73 73
4e 61 6d 65 3d 22 66 73  64 6b 2d 65 72 72 22 3e
7b 65 72 72 7d 3c 2f 64  69 76 3e 7d 0a 20 20 20
20 20 20 7b 69 6e 66 6f  20 26 26 20 28 0a 20 20
20 20 20 20 20 20 3c 3e  0a 20 20 20 20 20 20 20
20 20 20 3c 64 69 76 20  63 6c 61 73 73 4e 61 6d
65 3d 22 66 73 64 6b 2d  72 6f 77 22 3e 0a 20 20
20 20 20 20 20 20 20 20  20 20 3c 73 70 61 6e 20
63 6c 61 73 73 4e 61 6d  65 3d 22 66 73 64 6b 2d
6c 61 62 65 6c 22 3e 53  74 61 74 75 73 3c 2f 73
70 61 6e 3e 0a 20 20 20  20 20 20 20 20 20 20 20
20 3c 73 70 61 6e 0a 20  20 20 20 20 20 20 20 20
20 20 20 20 20 63 6c 61  73 73 4e 61 6d 65 3d 7b
22 66 73 64 6b 2d 76 61  6c 20 22 20 2b 20 28 69
6e 66 6f 2e 66 6f 75 6e  64 20 3f 20 22 66 73 64
6b 2d 6f 6b 22 20 3a 20  22 66 73 64 6b 2d 6d 69
73 73 22 29 7d 0a 20 20  20 20 20 20 20 20 20 20
20 20 3e 0a 20 20 20 20  20 20 20 20 20 20 20 20
20 20 7b 69 6e 66 6f 2e  66 6f 75 6e 64 20 3f 20
22 53 44 4b 20 64 69 74  65 6d 75 6b 61 6e 22 20
3a 20 22 53 44 4b 20 74  69 64 61 6b 20 64 69 74
65 6d 75 6b 61 6e 22 7d  0a 20 20 20 20 20 20 20
20 20 20 20 20 3c 2f 73  70 61 6e 3e 0a 20 20 20
20 20 20 20 20 20 20 3c  2f 64 69 76 3e 0a 20 20
20 20 20 20 20 20 20 20  7b 69 6e 66 6f 2e 70 61
74 68 20 26 26 20 28 0a  20 20 20 20 20 20 20 20
20 20 20 20 3c 64 69 76  20 63 6c 61 73 73 4e 61
6d 65 3d 22 66 73 64 6b  2d 72 6f 77 22 3e 0a 20
20 20 20 20 20 20 20 20  20 20 20 20 20 3c 73 70
61 6e 20 63 6c 61 73 73  4e 61 6d 65 3d 22 66 73
64 6b 2d 6c 61 62 65 6c  22 3e 50 61 74 68 3c 2f
73 70 61 6e 3e 0a 20 20  20 20 20 20 20 20 20 20
20 20 20 20 3c 73 70 61  6e 20 63 6c 61 73 73 4e
61 6d 65 3d 22 66 73 64  6b 2d 76 61 6c 20 66 73
64 6b 2d 70 61 74 68 22  20 74 69 74 6c 65 3d 7b
69 6e 66 6f 2e 70 61 74  68 7d 3e 0a 20 20 20 20
20 20 20 20 20 20 20 20  20 20 20 20 7b 69 6e 66
6f 2e 70 61 74 68 7d 0a  20 20 20 20 20 20 20 20
20 20 20 20 20 20 3c 2f  73 70 61 6e 3e 0a 20 20
20 20 20 20 20 20 20 20  20 20 3c 2f 64 69 76 3e
0a 20 20 20 20 20 20 20  20 20 20 29 7d 0a 20 20
20 20 20 20 20 20 20 20  7b 69 6e 66 6f 2e 76 65
72 73 69 6f 6e 20 26 26  20 28 0a 20 20 20 20 20
20 20 20 20 20 20 20 3c  64 69 76 20 63 6c 61 73
73 4e 61 6d 65 3d 22 66  73 64 6b 2d 72 6f 77 22
3e 0a 20 20 20 20 20 20  20 20 20 20 20 20 20 20
3c 73 70 61 6e 20 63 6c  61 73 73 4e 61 6d 65 3d
22 66 73 64 6b 2d 6c 61  62 65 6c 22 3e 56 65 72
73 69 3c 2f 73 70 61 6e  3e 0a 20 20 20 20 20 20
20 20 20 20 20 20 20 20  3c 73 70 61 6e 20 63 6c
61 73 73 4e 61 6d 65 3d  22 66 73 64 6b 2d 76 61
6c 22 3e 7b 69 6e 66 6f  2e 76 65 72 73 69 6f 6e
7d 3c 2f 73 70 61 6e 3e  0a 20 20 20 20 20 20 20
20 20 20 20 20 3c 2f 64  69 76 3e 0a 20 20 20 20
20 20 20 20 20 20 29 7d  0a 20 20 20 20 20 20 20
20 20 20 3c 64 69 76 20  63 6c 61 73 73 4e 61 6d
65 3d 22 66 73 64 6b 2d  61 63 74 69 6f 6e 73 22
3e 0a 20 20 20 20 20 20  20 20 20 20 20 20 7b 69
73 46 6c 75 74 74 65 72  20 26 26 20 28 0a 20 20
20 20 20 20 20 20 20 20  20 20 20 20 3c 62 75 74
74 6f 6e 0a 20 20 20 20  20 20 20 20 20 20 20 20
20 20 20 20 63 6c 61 73  73 4e 61 6d 65 3d 22 66
73 64 6b 2d 62 74 6e 22  0a 20 20 20 20 20 20 20
20 20 20 20 20 20 20 20  20 6f 6e 43 6c 69 63 6b
3d 7b 28 29 20 3d 3e 0a  20 20 20 20 20 20 20 20
20 20 20 20 20 20 20 20  20 20 66 65 74 63 68 28
22 2f 66 6c 75 74 74 65  72 2f 63 6f 6d 70 69 6c
65 22 2c 20 7b 0a 20 20  20 20 20 20 20 20 20 20
20 20 20 20 20 20 20 20  20 20 6d 65 74 68 6f 64
3a 20 22 50 4f 53 54 22  2c 0a 20 20 20 20 20 20
20 20 20 20 20 20 20 20  20 20 20 20 20 20 68 65
61 64 65 72 73 3a 20 7b  20 22 43 6f 6e 74 65 6e
74 2d 54 79 70 65 22 3a  20 22 61 70 70 6c 69 63
61 74 69 6f 6e 2f 6a 73  6f 6e 22 20 7d 2c 0a 20
20 20 20 20 20 20 20 20  20 20 20 20 20 20 20 20
20 20 20 62 6f 64 79 3a  20 4a 53 4f 4e 2e 73 74
72 69 6e 67 69 66 79 28  7b 20 73 6f 75 72 63 65
3a 20 22 22 20 7d 29 2c  0a 20 20 20 20 20 20 20
20 20 20 20 20 20 20 20  20 20 20 7d 29 2e 63 61
74 63 68 28 28 29 20 3d  3e 20 7b 7d 29 0a 20 20
20 20 20 20 20 20 20 20  20 20 20 20 20 20 7d 0a
20 20 20 20 20 20 20 20  20 20 20 20 20 20 3e 0a
20 20 20 20 20 20 20 20  20 20 20 20 20 20 20 20
43 6f 6d 70 69 6c 65 20  75 6c 61 6e 67 0a 20 20
20 20 20 20 20 20 20 20  20 20 20 20 3c 2f 62 75
74 74 6f 6e 3e 0a 20 20  20 20 20 20 20 20 20 20
20 20 29 7d 0a 20 20 20  20 20 20 20 20 20 20 20
20 3c 62 75 74 74 6f 6e  0a 20 20 20 20 20 20 20
20 20 20 20 20 20 20 63  6c 61 73 73 4e 61 6d 65
3d 22 66 73 64 6b 2d 62  74 6e 22 0a 20 20 20 20
20 20 20 20 20 20 20 20  20 20 6f 6e 43 6c 69 63
6b 3d 7b 66 65 74 63 68  44 6f 63 74 6f 72 7d 0a
20 20 20 20 20 20 20 20  20 20 20 20 20 20 64 69
73 61 62 6c 65 64 3d 7b  6c 6f 61 64 69 6e 67 7d
0a 20 20 20 20 20 20 20  20 20 20 20 20 3e 0a 20
20 20 20 20 20 20 20 20  20 20 20 20 20 46 6c 75
74 74 65 72 20 44 6f 63  74 6f 72 0a 20 20 20 20
20 20 20 20 20 20 20 20  3c 2f 62 75 74 74 6f 6e
3e 0a 20 20 20 20 20 20  20 20 20 20 20 20 3c 61
0a 20 20 20 20 20 20 20  20 20 20 20 20 20 20 63
6c 61 73 73 4e 61 6d 65  3d 22 66 73 64 6b 2d 6c
69 6e 6b 22 0a 20 20 20  20 20 20 20 20 20 20 20
20 20 20 68 72 65 66 3d  22 68 74 74 70 73 3a 2f
2f 66 6c 75 74 74 65 72  2e 64 65 76 2f 64 6f 63
73 22 0a 20 20 20 20 20  20 20 20 20 20 20 20 20
20 74 61 72 67 65 74 3d  22 5f 62 6c 61 6e 6b 22
0a 20 20 20 20 20 20 20  20 20 20 20 20 20 20 72
65 6c 3d 22 6e 6f 72 65  66 65 72 72 65 72 22 0a
20 20 20 20 20 20 20 20  20 20 20 20 3e 0a 20 20
20 20 20 20 20 20 20 20  20 20 20 20 44 6f 6b 75
6d 65 6e 74 61 73 69 20  e2 86 97 0a 20 20 20 20
20 20 20 20 20 20 20 20  3c 2f 61 3e 0a 20 20 20
20 20 20 20 20 20 20 3c  2f 64 69 76 3e 0a 20 20
20 20 20 20 20 20 20 20  7b 73 68 6f 77 44 6f 63
74 6f 72 20 26 26 20 64  6f 63 74 6f 72 20 26 26
20 28 0a 20 20 20 20 20  20 20 20 20 20 20 20 3c
64 69 76 20 63 6c 61 73  73 4e 61 6d 65 3d 22 66
73 64 6b 2d 64 6f 63 74  6f 72 22 3e 0a 20 20 20
20 20 20 20 20 20 20 20  20 20 20 3c 64 69 76 20
63 6c 61 73 73 4e 61 6d  65 3d 22 66 73 64 6b 2d
64 6f 63 74 6f 72 2d 68  65 61 64 22 3e 0a 20 20
20 20 20 20 20 20 20 20  20 20 20 20 20 20 3c 73
70 61 6e 3e 66 6c 75 74  74 65 72 20 64 6f 63 74
6f 72 3c 2f 73 70 61 6e  3e 0a 20 20 20 20 20 20
20 20 20 20 20 20 20 20  20 20 3c 62 75 74 74 6f
6e 0a 20 20 20 20 20 20  20 20 20 20 20 20 20 20
20 20 20 20 63 6c 61 73  73 4e 61 6d 65 3d 22 66
73 64 6b 2d 64 6f 63 74  6f 72 2d 63 6c 6f 73 65
22 0a 20 20 20 20 20 20  20 20 20 20 20 20 20 20
20 20 20 20 6f 6e 43 6c  69 63 6b 3d 7b 28 29 20
3d 3e 20 73 65 74 53 68  6f 77 44 6f 63 74 6f 72
28 66 61 6c 73 65 29 7d  0a 20 20 20 20 20 20 20
20 20 20 20 20 20 20 20  20 3e 0a 20 20 20 20 20
20 20 20 20 20 20 20 20  20 20 20 20 20 e2 9c 95
0a 20 20 20 20 20 20 20  20 20 20 20 20 20 20 20
20 3c 2f 62 75 74 74 6f  6e 3e 0a 20 20 20 20 20
20 20 20 20 20 20 20 20  20 3c 2f 64 69 76 3e 0a
20 20 20 20 20 20 20 20  20 20 20 20 20 20 3c 70
72 65 20 63 6c 61 73 73  4e 61 6d 65 3d 22 66 73
64 6b 2d 64 6f 63 74 6f  72 2d 6f 75 74 22 3e 0a
20 20 20 20 20 20 20 20  20 20 20 20 20 20 20 20
7b 64 6f 63 74 6f 72 2e  6f 75 74 70 75 74 20 7c
7c 20 22 22 20 7c 7c 20  64 6f 63 74 6f 72 2e 65
72 72 6f 72 20 7c 7c 20  22 54 69 64 61 6b 20 61
64 61 20 6f 75 74 70 75  74 22 7d 0a 20 20 20 20
20 20 20 20 20 20 20 20  20 20 3c 2f 70 72 65 3e
0a 20 20 20 20 20 20 20  20 20 20 20 20 3c 2f 64
69 76 3e 0a 20 20 20 20  20 20 20 20 20 20 29 7d
0a 20 20 20 20 20 20 20  20 3c 2f 3e 0a 20 20 20
20 20 20 29 7d 0a 20 20  20 20 3c 2f 64 69 76 3e
0a 20 20 29 3b 0a 7d 0a  0a 66 75 6e 63 74 69 6f
6e 20 43 61 6e 76 61 73  50 61 6e 65 6c 28 7b 20
70 72 6f 6a 65 63 74 2c  20 6f 6e 43 6c 6f 73 65
2c 20 6d 6f 64 65 6c 56  61 6c 20 7d 29 20 7b 0a
20 20 63 6f 6e 73 74 20  5b 74 61 62 2c 20 73 65
74 54 61 62 5d 20 3d 20  75 73 65 53 74 61 74 65
28 22 70 72 65 76 69 65  77 22 29 3b 0a 20 20 63
6f 6e 73 74 20 5b 64 6f  63 2c 20 73 65 74 44 6f
63 5d 20 3d 20 75 73 65  53 74 61 74 65 28 70 72
6f 6a 65 63 74 2e 64 6f  63 20 7c 7c 20 46 4c 55
54 54 45 52 5f 43 4f 4d  50 49 4c 49 4e 47 29 3b
0a 20 20 63 6f 6e 73 74  20 5b 6e 6f 6e 63 65 2c
20 73 65 74 4e 6f 6e 63  65 5d 20 3d 20 75 73 65
53 74 61 74 65 28 30 29  3b 0a 20 20 63 6f 6e 73
74 20 5b 66 6c 75 74 74  65 72 45 72 72 2c 20 73
65 74 46 6c 75 74 74 65  72 45 72 72 5d 20 3d 20
75 73 65 53 74 61 74 65  28 6e 75 6c 6c 29 3b 0a
20 20 63 6f 6e 73 74 20  5b 63 6f 6d 70 69 6c 69
6e 67 2c 20 73 65 74 43  6f 6d 70 69 6c 69 6e 67
5d 20 3d 20 75 73 65 53  74 61 74 65 28 66 61 6c
73 65 29 3b 0a 20 20 63  6f 6e 73 74 20 5b 62 75
69 6c 64 69 6e 67 2c 20  73 65 74 42 75 69 6c 64
69 6e 67 5d 20 3d 20 75  73 65 53 74 61 74 65 28
66 61 6c 73 65 29 3b 0a  20 20 63 6f 6e 73 74 20
5b 62 75 69 6c 64 4f 75  74 70 75 74 2c 20 73 65
74 42 75 69 6c 64 4f 75  74 70 75 74 5d 20 3d 20
75 73 65 53 74 61 74 65  28 6e 75 6c 6c 29 3b 0a
20 20 63 6f 6e 73 74 20  5b 64 72 61 67 4d 6f 64
65 2c 20 73 65 74 44 72  61 67 4d 6f 64 65 5d 20
3d 20 75 73 65 53 74 61  74 65 28 66 61 6c 73 65
29 3b 0a 20 20 63 6f 6e  73 74 20 5b 64 72 61 67
53 74 61 74 75 73 2c 20  73 65 74 44 72 61 67 53
74 61 74 75 73 5d 20 3d  20 75 73 65 53 74 61 74
65 28 6e 75 6c 6c 29 3b  0a 20 20 63 6f 6e 73 74
20 5b 66 53 65 6c 2c 20  73 65 74 46 53 65 6c 5d
20 3d 20 75 73 65 53 74  61 74 65 28 6e 75 6c 6c
29 3b 20 2f 2f 20 73 65  6c 65 63 74 65 64 20 66
6c 75 74 74 65 72 20 77  69 64 67 65 74 20 7b 65
6c 65 6d 65 6e 74 54 65  78 74 2c 20 65 6c 65 6d
65 6e 74 54 61 67 7d 0a  20 20 63 6f 6e 73 74 20
5b 66 44 65 6c 74 61 2c  20 73 65 74 46 44 65 6c
74 61 5d 20 3d 20 75 73  65 53 74 61 74 65 28 6e
75 6c 6c 29 3b 20 2f 2f  20 61 63 63 75 6d 75 6c
61 74 65 64 20 6d 6f 76  65 20 7b 64 78 2c 20 64
79 7d 0a 20 20 63 6f 6e  73 74 20 5b 66 49 6e 73
74 72 2c 20 73 65 74 46  49 6e 73 74 72 5d 20 3d
20 75 73 65 53 74 61 74  65 28 22 22 29 3b 20 2f
2f 20 66 72 65 65 2d 66  6f 72 6d 20 65 64 69 74
20 69 6e 73 74 72 75 63  74 69 6f 6e 0a 20 20 63
6f 6e 73 74 20 5b 73 69  7a 65 4f 70 73 2c 20 73
65 74 53 69 7a 65 4f 70  73 5d 20 3d 20 75 73 65
53 74 61 74 65 28 7b 7d  29 3b 20 2f 2f 20 6e 65
74 20 73 69 7a 65 2f 73  70 61 63 69 6e 67 20 64
65 6c 74 61 73 20 66 6f  72 20 74 68 65 20 73 65
6c 65 63 74 65 64 20 77  69 64 67 65 74 0a 20 20
63 6f 6e 73 74 20 5b 64  61 72 74 53 6f 75 72 63
65 2c 20 73 65 74 44 61  72 74 53 6f 75 72 63 65
5d 20 3d 20 75 73 65 53  74 61 74 65 28 70 72 6f
6a 65 63 74 2e 66 6c 75  74 74 65 72 20 7c 7c 20
6e 75 6c 6c 29 3b 0a 20  20 63 6f 6e 73 74 20 5b
66 6c 75 74 74 65 72 55  72 6c 2c 20 73 65 74 46
6c 75 74 74 65 72 55 72  6c 5d 20 3d 20 75 73 65
53 74 61 74 65 28 6e 75  6c 6c 29 3b 20 2f 2f 20
2f 66 6c 75 74 74 65 72  2d 61 70 70 2f 69 6e 64
65 78 2e 68 74 6d 6c 20  6f 6e 63 65 20 63 6f 6d
70 69 6c 65 64 0a 20 20  63 6f 6e 73 74 20 6c 61
73 74 47 6f 6f 64 52 65  66 20 3d 20 75 73 65 52
65 66 28 6e 75 6c 6c 29  3b 20 2f 2f 20 6c 61 73
74 20 73 6f 75 72 63 65  20 74 68 61 74 20 63 6f
6d 70 69 6c 65 64 20 4f  4b 20 28 66 6f 72 20 72
65 76 65 72 74 29 0a 20  20 63 6f 6e 73 74 20 66
69 78 43 6f 75 6e 74 52  65 66 20 3d 20 75 73 65
52 65 66 28 30 29 3b 20  2f 2f 20 61 75 74 6f 2d
66 69 78 20 61 74 74 65  6d 70 74 73 20 73 70 65
6e 74 20 6f 6e 20 74 68  65 20 63 75 72 72 65 6e
74 20 73 6f 75 72 63 65  0a 20 20 63 6f 6e 73 74
20 5b 66 69 6c 65 73 2c  20 73 65 74 46 69 6c 65
73 5d 20 3d 20 75 73 65  53 74 61 74 65 28 70 72
6f 6a 65 63 74 2e 66 69  6c 65 73 20 7c 7c 20 6e
75 6c 6c 29 3b 20 2f 2f  20 65 78 70 6c 6f 72 65
72 20 66 69 6c 65 73 20  28 43 6f 64 65 20 74 61
62 29 0a 20 20 63 6f 6e  73 74 20 5b 73 68 6f 77
53 44 4b 49 6e 66 6f 2c  20 73 65 74 53 68 6f 77
53 44 4b 49 6e 66 6f 5d  20 3d 20 75 73 65 53 74
61 74 65 28 66 61 6c 73  65 29 3b 20 2f 2f 20 46
6c 75 74 74 65 72 20 53  44 4b 20 69 6e 66 6f 20
70 61 6e 65 6c 0a 20 20  63 6f 6e 73 74 20 69 66
72 61 6d 65 52 65 66 20  3d 20 75 73 65 52 65 66
28 6e 75 6c 6c 29 3b 0a  20 20 63 6f 6e 73 74 20
69 73 46 6c 75 74 74 65  72 20 3d 20 21 21 70 72
6f 6a 65 63 74 2e 66 6c  75 74 74 65 72 3b 0a 0a
20 20 2f 2f 20 4b 65 65  70 20 64 61 72 74 53 6f
75 72 63 65 20 61 6e 64  20 65 78 70 6c 6f 72 65
72 20 66 69 6c 65 73 20  69 6e 20 73 79 6e 63 20
77 69 74 68 20 70 72 6f  6a 65 63 74 0a 20 20 75
73 65 45 66 66 65 63 74  28 28 29 20 3d 3e 20 7b
0a 20 20 20 20 69 66 20  28 70 72 6f 6a 65 63 74
2e 66 6c 75 74 74 65 72  29 20 73 65 74 44 61 72
74 53 6f 75 72 63 65 28  70 72 6f 6a 65 63 74 2e
66 6c 75 74 74 65 72 29  3b 0a 20 20 7d 2c 20 5b
70 72 6f 6a 65 63 74 2e  66 6c 75 74 74 65 72 5d
29 3b 0a 20 20 75 73 65  45 66 66 65 63 74 28 28
29 20 3d 3e 20 7b 0a 20  20 20 20 73 65 74 46 69
6c 65 73 28 70 72 6f 6a  65 63 74 2e 66 69 6c 65
73 20 7c 7c 20 6e 75 6c  6c 29 3b 0a 20 20 7d 2c
20 5b 70 72 6f 6a 65 63  74 2e 66 69 6c 65 73 5d
29 3b 0a 0a 20 20 2f 2f  20 45 64 69 74 20 61 20
66 69 6c 65 20 69 6e 20  74 68 65 20 43 6f 64 65
20 65 78 70 6c 6f 72 65  72 20 e2 86 92 20 75 70
64 61 74 65 20 44 61 72  74 20 73 6f 75 72 63 65
20 28 74 61 6b 65 73 20  65 66 66 65 63 74 20 6f
6e 20 e2 86 bb 20 63 6f  6d 70 69 6c 65 29 0a 20
20 66 75 6e 63 74 69 6f  6e 20 6f 6e 46 69 6c 65
45 64 69 74 28 69 2c 20  63 6f 64 65 29 20 7b 0a
20 20 20 20 73 65 74 46  69 6c 65 73 28 28 70 72
65 76 29 20 3d 3e 20 7b  0a 20 20 20 20 20 20 63
6f 6e 73 74 20 6e 66 20  3d 20 70 72 65 76 2e 73
6c 69 63 65 28 29 3b 0a  20 20 20 20 20 20 6e 66
5b 69 5d 20 3d 20 7b 20  2e 2e 2e 6e 66 5b 69 5d
2c 20 63 6f 64 65 20 7d  3b 0a 20 20 20 20 20 20
63 6f 6e 73 74 20 6d 61  69 6e 20 3d 20 6e 66 2e
66 69 6e 64 28 28 66 29  20 3d 3e 20 66 2e 70 61
74 68 20 3d 3d 3d 20 22  6c 69 62 2f 6d 61 69 6e
2e 64 61 72 74 22 29 3b  0a 20 20 20 20 20 20 69
66 20 28 6d 61 69 6e 29  20 73 65 74 44 61 72 74
53 6f 75 72 63 65 28 6d  61 69 6e 2e 63 6f 64 65
29 3b 0a 20 20 20 20 20  20 72 65 74 75 72 6e 20
6e 66 3b 0a 20 20 20 20  7d 29 3b 0a 20 20 7d 0a
0a 20 20 2f 2f 20 48 65  6c 70 65 72 3a 20 63 6f
6d 70 69 6c 65 20 67 69  76 65 6e 20 44 61 72 74
20 73 6f 75 72 63 65 20  61 6e 64 20 75 70 64 61
74 65 20 70 72 65 76 69  65 77 0a 20 20 66 75 6e
63 74 69 6f 6e 20 63 6f  6d 70 69 6c 65 44 61 72
74 28 73 72 63 29 20 7b  0a 20 20 20 20 73 65 74
46 6c 75 74 74 65 72 45  72 72 28 6e 75 6c 6c 29
3b 0a 20 20 20 20 73 65  74 46 6c 75 74 74 65 72
55 72 6c 28 6e 75 6c 6c  29 3b 0a 20 20 20 20 73
65 74 44 6f 63 28 46 4c  55 54 54 45 52 5f 43 4f
4d 50 49 4c 49 4e 47 29  3b 0a 20 20 20 20 73 65
74 4e 6f 6e 63 65 28 28  6e 29 20 3d 3e 20 6e 20
2b 20 31 29 3b 0a 20 20  20 20 73 65 74 43 6f 6d
70 69 6c 69 6e 67 28 74  72 75 65 29 3b 0a 20 20
20 20 72 65 74 75 72 6e  20 66 65 74 63 68 28 22
2f 66 6c 75 74 74 65 72  2f 63 6f 6d 70 69 6c 65
22 2c 20 7b 0a 20 20 20  20 20 20 6d 65 74 68 6f
64 3a 20 22 50 4f 53 54  22 2c 0a 20 20 20 20 20
20 68 65 61 64 65 72 73  3a 20 7b 20 22 43 6f 6e
74 65 6e 74 2d 54 79 70  65 22 3a 20 22 61 70 70
6c 69 63 61 74 69 6f 6e  2f 6a 73 6f 6e 22 20 7d
2c 0a 20 20 20 20 20 20  62 6f 64 79 3a 20 4a 53
4f 4e 2e 73 74 72 69 6e  67 69 66 79 28 7b 20 73
6f 75 72 63 65 3a 20 73  72 63 20 7d 29 2c 0a 20
20 20 20 7d 29 0a 20 20  20 20 20 20 2e 74 68 65
6e 28 28 72 29 20 3d 3e  20 72 2e 6a 73 6f 6e 28
29 29 0a 20 20 20 20 20  20 2e 74 68 65 6e 28 28
64 29 20 3d 3e 20 7b 0a  20 20 20 20 20 20 20 20
73 65 74 43 6f 6d 70 69  6c 69 6e 67 28 66 61 6c
73 65 29 3b 0a 20 20 20  20 20 20 20 20 69 66 20
28 64 2e 65 72 72 6f 72  29 20 7b 0a 20 20 20 20
20 20 20 20 20 20 2f 2f  20 53 75 72 67 69 63 61
6c 20 61 75 74 6f 2d 66  69 78 3a 20 70 61 74 63
68 20 74 68 65 20 63 6f  6d 70 69 6c 65 20 65 72
72 6f 72 20 28 6d 61 78  20 32 78 29 2c 20 72 65
63 6f 6d 70 69 6c 65 20  6f 6e 63 65 20 65 61 63
68 2e 0a 20 20 20 20 20  20 20 20 20 20 69 66 20
28 66 69 78 43 6f 75 6e  74 52 65 66 2e 63 75 72
72 65 6e 74 20 3c 20 32  29 20 7b 0a 20 20 20 20
20 20 20 20 20 20 20 20  66 69 78 43 6f 75 6e 74
52 65 66 2e 63 75 72 72  65 6e 74 2b 2b 3b 0a 20
20 20 20 20 20 20 20 20  20 20 20 73 65 74 44 72
61 67 53 74 61 74 75 73  28 22 41 75 74 6f 2d 66
69 78 20 28 22 20 2b 20  66 69 78 43 6f 75 6e 74
52 65 66 2e 63 75 72 72  65 6e 74 20 2b 20 22 2f
32 29 e2 80 a6 22 29 3b  0a 20 20 20 20 20 20 20
20 20 20 20 20 66 65 74  63 68 28 22 2f 66 6c 75
74 74 65 72 2f 66 69 78  22 2c 20 7b 0a 20 20 20
20 20 20 20 20 20 20 20  20 20 20 6d 65 74 68 6f
64 3a 20 22 50 4f 53 54  22 2c 0a 20 20 20 20 20
20 20 20 20 20 20 20 20  20 68 65 61 64 65 72 73
3a 20 7b 20 22 43 6f 6e  74 65 6e 74 2d 54 79 70
65 22 3a 20 22 61 70 70  6c 69 63 61 74 69 6f 6e
2f 6a 73 6f 6e 22 20 7d  2c 0a 20 20 20 20 20 20
20 20 20 20 20 20 20 20  62 6f 64 79 3a 20 4a 53
4f 4e 2e 73 74 72 69 6e  67 69 66 79 28 7b 0a 20
20 20 20 20 20 20 20 20  20 20 20 20 20 20 20 73
6f 75 72 63 65 3a 20 73  72 63 2c 0a 20 20 20 20
20 20 20 20 20 20 20 20  20 20 20 20 65 72 72 6f
72 3a 20 64 2e 65 72 72  6f 72 2c 0a 20 20 20 20
20 20 20 20 20 20 20 20  20 20 20 20 2e 2e 2e 28
6d 6f 64 65 6c 56 61 6c  20 3d 3d 3d 20 22 63 6c
6f 75 64 22 0a 20 20 20  20 20 20 20 20 20 20 20
20 20 20 20 20 20 20 3f  20 7b 20 63 6c 6f 75 64
3a 20 67 65 74 43 6c 6f  75 64 28 29 20 7d 0a 20
20 20 20 20 20 20 20 20  20 20 20 20 20 20 20 20
20 3a 20 7b 20 70 6f 72  74 3a 20 6d 6f 64 65 6c
56 61 6c 20 7d 29 2c 0a  20 20 20 20 20 20 20 20
20 20 20 20 20 20 7d 29  2c 0a 20 20 20 20 20 20
20 20 20 20 20 20 7d 29  0a 20 20 20 20 20 20 20
20 20 20 20 20 20 20 2e  74 68 65 6e 28 28 72 29
20 3d 3e 20 72 2e 6a 73  6f 6e 28 29 29 0a 20 20
20 20 20 20 20 20 20 20  20 20 20 20 2e 74 68 65
6e 28 28 66 29 20 3d 3e  20 7b 0a 20 20 20 20 20
20 20 20 20 20 20 20 20  20 20 20 73 65 74 44 72
61 67 53 74 61 74 75 73  28 6e 75 6c 6c 29 3b 0a
20 20 20 20 20 20 20 20  20 20 20 20 20 20 20 20
69 66 20 28 66 2e 65 72  72 6f 72 20 7c 7c 20 21
66 2e 73 6f 75 72 63 65  29 20 7b 0a 20 20 20 20
20 20 20 20 20 20 20 20  20 20 20 20 20 20 73 65
74 46 6c 75 74 74 65 72  45 72 72 28 64 2e 65 72
72 6f 72 29 3b 0a 20 20  20 20 20 20 20 20 20 20
20 20 20 20 20 20 20 20  72 65 74 75 72 6e 3b 0a
20 20 20 20 20 20 20 20  20 20 20 20 20 20 20 20
7d 0a 20 20 20 20 20 20  20 20 20 20 20 20 20 20
20 20 73 65 74 44 61 72  74 53 6f 75 72 63 65 28
66 2e 73 6f 75 72 63 65  29 3b 0a 20 20 20 20 20
20 20 20 20 20 20 20 20  20 20 20 63 6f 6d 70 69
6c 65 44 61 72 74 28 66  2e 73 6f 75 72 63 65 29
3b 0a 20 20 20 20 20 20  20 20 20 20 20 20 20 20
7d 29 0a 20 20 20 20 20  20 20 20 20 20 20 20 20
20 2e 63 61 74 63 68 28  28 29 20 3d 3e 20 7b 0a
20 20 20 20 20 20 20 20  20 20 20 20 20 20 20 20
73 65 74 44 72 61 67 53  74 61 74 75 73 28 6e 75
6c 6c 29 3b 0a 20 20 20  20 20 20 20 20 20 20 20
20 20 20 20 20 73 65 74  46 6c 75 74 74 65 72 45
72 72 28 64 2e 65 72 72  6f 72 29 3b 0a 20 20 20
20 20 20 20 20 20 20 20  20 20 20 7d 29 3b 0a 20
20 20 20 20 20 20 20 20  20 7d 20 65 6c 73 65 20
7b 0a 20 20 20 20 20 20  20 20 20 20 20 20 73 65
74 46 6c 75 74 74 65 72  45 72 72 28 64 2e 65 72
72 6f 72 29 3b 20 2f 2f  20 62 75 64 67 65 74 20
73 70 65 6e 74 20 e2 86  92 20 73 68 6f 77 20 65
72 72 6f 72 20 2b 20 72  65 76 65 72 74 20 6f 70
74 69 6f 6e 0a 20 20 20  20 20 20 20 20 20 20 7d
0a 20 20 20 20 20 20 20  20 7d 20 65 6c 73 65 20
69 66 20 28 64 2e 75 72  6c 29 20 7b 0a 20 20 20
20 20 20 20 20 20 20 66  69 78 43 6f 75 6e 74 52
65 66 2e 63 75 72 72 65  6e 74 20 3d 20 30 3b 0a
20 20 20 20 20 20 20 20  20 20 6c 61 73 74 47 6f
6f 64 52 65 66 2e 63 75  72 72 65 6e 74 20 3d 20
73 72 63 3b 0a 20 20 20  20 20 20 20 20 20 20 73
65 74 46 6c 75 74 74 65  72 55 72 6c 28 64 2e 75
72 6c 20 2b 20 22 3f 76  3d 22 20 2b 20 44 61 74
65 2e 6e 6f 77 28 29 29  3b 0a 20 20 20 20 20 20
20 20 20 20 73 65 74 4e  6f 6e 63 65 28 28 6e 29
20 3d 3e 20 6e 20 2b 20  31 29 3b 0a 20 20 20 20
20 20 20 20 7d 20 2f 2f  20 73 75 63 63 65 73 73
3a 20 72 65 73 65 74 20  62 75 64 67 65 74 2c 20
72 65 63 6f 72 64 20 6c  61 73 74 2d 67 6f 6f 64
0a 20 20 20 20 20 20 20  20 65 6c 73 65 20 7b 0a
20 20 20 20 20 20 20 20  20 20 73 65 74 44 6f 63
28 64 2e 68 74 6d 6c 20  7c 7c 20 66 6c 75 74 74
65 72 52 75 6e 6e 65 72  44 6f 63 28 64 2e 72 65
73 75 6c 74 20 7c 7c 20  22 22 29 29 3b 0a 20 20
20 20 20 20 20 20 20 20  73 65 74 4e 6f 6e 63 65
28 28 6e 29 20 3d 3e 20  6e 20 2b 20 31 29 3b 0a
20 20 20 20 20 20 20 20  7d 0a 20 20 20 20 20 20
20 20 72 65 74 75 72 6e  20 64 3b 0a 20 20 20 20
20 20 7d 29 0a 20 20 20  20 20 20 2e 63 61 74 63
68 28 28 65 29 20 3d 3e  20 7b 0a 20 20 20 20 20
20 20 20 73 65 74 43 6f  6d 70 69 6c 69 6e 67 28
66 61 6c 73 65 29 3b 0a  20 20 20 20 20 20 20 20
73 65 74 46 6c 75 74 74  65 72 45 72 72 28 65 2e
6d 65 73 73 61 67 65 29  3b 0a 20 20 20 20 20 20
7d 29 3b 0a 20 20 7d 0a  0a 20 20 66 75 6e 63 74
69 6f 6e 20 62 75 69 6c  64 41 70 6b 28 73 72 63
2c 20 74 61 72 67 65 74  20 3d 20 22 61 70 6b 22
29 20 7b 0a 20 20 20 20  73 65 74 46 6c 75 74 74
65 72 45 72 72 28 6e 75  6c 6c 29 3b 0a 20 20 20
20 73 65 74 42 75 69 6c  64 4f 75 74 70 75 74 28
6e 75 6c 6c 29 3b 0a 20  20 20 20 73 65 74 42 75
69 6c 64 69 6e 67 28 74  72 75 65 29 3b 0a 20 20
20 20 72 65 74 75 72 6e  20 66 65 74 63 68 28 22
2f 66 6c 75 74 74 65 72  2f 62 75 69 6c 64 22 2c
20 7b 0a 20 20 20 20 20  20 6d 65 74 68 6f 64 3a
20 22 50 4f 53 54 22 2c  0a 20 20 20 20 20 20 68
65 61 64 65 72 73 3a 20  7b 20 22 43 6f 6e 74 65
6e 74 2d 54 79 70 65 22  3a 20 22 61 70 70 6c 69
63 61 74 69 6f 6e 2f 6a  73 6f 6e 22 20 7d 2c 0a
20 20 20 20 20 20 62 6f  64 79 3a 20 4a 53 4f 4e
2e 73 74 72 69 6e 67 69  66 79 28 7b 20 73 6f 75
72 63 65 3a 20 73 72 63  2c 20 74 61 72 67 65 74
20 7d 29 2c 0a 20 20 20  20 7d 29 0a 20 20 20 20
20 20 2e 74 68 65 6e 28  28 72 29 20 3d 3e 20 72
2e 6a 73 6f 6e 28 29 29  0a 20 20 20 20 20 20 2e
74 68 65 6e 28 28 64 29  20 3d 3e 20 7b 0a 20 20
20 20 20 20 20 20 73 65  74 42 75 69 6c 64 69 6e
67 28 66 61 6c 73 65 29  3b 0a 20 20 20 20 20 20
20 20 69 66 20 28 64 2e  65 72 72 6f 72 29 20 7b
0a 20 20 20 20 20 20 20  20 20 20 73 65 74 46 6c
75 74 74 65 72 45 72 72  28 64 2e 65 72 72 6f 72
29 3b 0a 20 20 20 20 20  20 20 20 7d 20 65 6c 73
65 20 69 66 20 28 64 2e  6f 75 74 70 75 74 29 20
7b 0a 20 20 20 20 20 20  20 20 20 20 73 65 74 42
75 69 6c 64 4f 75 74 70  75 74 28 64 2e 6f 75 74
70 75 74 29 3b 0a 20 20  20 20 20 20 20 20 7d 0a
20 20 20 20 20 20 20 20  72 65 74 75 72 6e 20 64
3b 0a 20 20 20 20 20 20  7d 29 0a 20 20 20 20 20
20 2e 63 61 74 63 68 28  28 65 29 20 3d 3e 20 7b
0a 20 20 20 20 20 20 20  20 73 65 74 42 75 69 6c
64 69 6e 67 28 66 61 6c  73 65 29 3b 0a 20 20 20
20 20 20 20 20 73 65 74  46 6c 75 74 74 65 72 45
72 72 28 65 2e 6d 65 73  73 61 67 65 29 3b 0a 20
20 20 20 20 20 7d 29 3b  0a 20 20 7d 0a 0a 20 20
2f 2f 20 54 68 65 20 63  6f 6d 70 69 6c 65 64 20
61 70 70 20 69 66 72 61  6d 65 20 69 73 20 73 61
6d 65 2d 6f 72 69 67 69  6e 20 28 2f 66 6c 75 74
74 65 72 2d 61 70 70 2f  2e 2e 2e 29 20 e2 80 94
20 69 6e 6a 65 63 74 20  74 68 65 0a 20 20 2f 2f
20 76 69 73 75 61 6c 2d  65 64 69 74 20 72 75 6e
74 69 6d 65 20 69 6e 74  6f 20 69 74 20 61 66 74
65 72 20 65 61 63 68 20  6c 6f 61 64 2c 20 61 6e
64 20 72 65 73 74 6f 72  65 20 64 72 61 67 20 6d
6f 64 65 2e 0a 20 20 66  75 6e 63 74 69 6f 6e 20
73 65 74 75 70 46 6c 75  74 74 65 72 46 72 61 6d
65 28 29 20 7b 0a 20 20  20 20 63 6f 6e 73 74 20
66 20 3d 20 69 66 72 61  6d 65 52 65 66 2e 63 75
72 72 65 6e 74 3b 0a 20  20 20 20 69 66 20 28 21
66 29 20 72 65 74 75 72  6e 3b 0a 20 20 20 20 74
72 79 20 7b 0a 20 20 20  20 20 20 63 6f 6e 73 74
20 66 64 6f 63 20 3d 20  66 2e 63 6f 6e 74 65 6e
74 44 6f 63 75 6d 65 6e  74 3b 0a 20 20 20 20 20
20 69 66 20 28 66 64 6f  63 20 26 26 20 21 66 64
6f 63 2e 67 65 74 45 6c  65 6d 65 6e 74 42 79 49
64 28 22 5f 5f 71 64 72  61 67 5f 5f 22 29 29 20
7b 0a 20 20 20 20 20 20  20 20 63 6f 6e 73 74 20
73 20 3d 20 66 64 6f 63  2e 63 72 65 61 74 65 45
6c 65 6d 65 6e 74 28 22  73 63 72 69 70 74 22 29
3b 0a 20 20 20 20 20 20  20 20 73 2e 69 64 20 3d
20 22 5f 5f 71 64 72 61  67 5f 5f 22 3b 0a 20 20
20 20 20 20 20 20 73 2e  74 65 78 74 43 6f 6e 74
65 6e 74 20 3d 20 66 6c  75 74 74 65 72 44 72 61
67 53 63 72 69 70 74 28  29 3b 0a 20 20 20 20 20
20 20 20 66 64 6f 63 2e  62 6f 64 79 2e 61 70 70
65 6e 64 43 68 69 6c 64  28 73 29 3b 0a 20 20 20
20 20 20 7d 0a 20 20 20  20 20 20 69 66 20 28 64
72 61 67 4d 6f 64 65 29  0a 20 20 20 20 20 20 20
20 66 2e 63 6f 6e 74 65  6e 74 57 69 6e 64 6f 77
2e 70 6f 73 74 4d 65 73  73 61 67 65 28 0a 20 20
20 20 20 20 20 20 20 20  7b 20 5f 5f 71 64 72 61
67 63 6d 64 5f 5f 3a 20  74 72 75 65 2c 20 63 6d
64 3a 20 22 73 65 74 41  63 74 69 76 65 22 2c 20
76 61 6c 3a 20 74 72 75  65 20 7d 2c 0a 20 20 20
20 20 20 20 20 20 20 22  2a 22 2c 0a 20 20 20 20
20 20 20 20 29 3b 0a 20  20 20 20 7d 20 63 61 74
63 68 20 28 5f 29 20 7b  7d 0a 20 20 7d 0a 0a 20
20 2f 2f 20 41 75 74 6f  2d 63 6f 6d 70 69 6c 65
20 77 68 65 6e 20 46 6c  75 74 74 65 72 20 73 6f
75 72 63 65 20 63 68 61  6e 67 65 73 0a 20 20 75
73 65 45 66 66 65 63 74  28 28 29 20 3d 3e 20 7b
0a 20 20 20 20 69 66 20  28 21 70 72 6f 6a 65 63
74 2e 66 6c 75 74 74 65  72 29 20 7b 0a 20 20 20
20 20 20 73 65 74 44 6f  63 28 70 72 6f 6a 65 63
74 2e 64 6f 63 29 3b 0a  20 20 20 20 20 20 73 65
74 4e 6f 6e 63 65 28 28  6e 29 20 3d 3e 20 6e 20
2b 20 31 29 3b 0a 20 20  20 20 20 20 73 65 74 46
6c 75 74 74 65 72 45 72  72 28 6e 75 6c 6c 29 3b
0a 20 20 20 20 20 20 72  65 74 75 72 6e 3b 0a 20
20 20 20 7d 0a 20 20 20  20 66 69 78 43 6f 75 6e
74 52 65 66 2e 63 75 72  72 65 6e 74 20 3d 20 30
3b 20 2f 2f 20 66 72 65  73 68 20 67 65 6e 65 72
61 74 69 6f 6e 20 e2 86  92 20 66 72 65 73 68 20
61 75 74 6f 2d 66 69 78  20 62 75 64 67 65 74 0a
20 20 20 20 63 6f 6d 70  69 6c 65 44 61 72 74 28
70 72 6f 6a 65 63 74 2e  66 6c 75 74 74 65 72 29
3b 0a 20 20 7d 2c 20 5b  70 72 6f 6a 65 63 74 2e
66 6c 75 74 74 65 72 2c  20 70 72 6f 6a 65 63 74
2e 64 6f 63 5d 29 3b 0a  0a 20 20 2f 2f 20 4d 65
73 73 61 67 65 73 20 66  72 6f 6d 20 74 68 65 20
46 6c 75 74 74 65 72 20  70 72 65 76 69 65 77 20
69 66 72 61 6d 65 3a 20  77 69 64 67 65 74 20 73
65 6c 65 63 74 20 2f 20  6d 6f 76 65 0a 20 20 75
73 65 45 66 66 65 63 74  28 28 29 20 3d 3e 20 7b
0a 20 20 20 20 66 75 6e  63 74 69 6f 6e 20 6f 6e
4d 73 67 28 65 76 29 20  7b 0a 20 20 20 20 20 20
69 66 20 28 21 65 76 2e  64 61 74 61 20 7c 7c 20
21 65 76 2e 64 61 74 61  2e 5f 5f 71 64 72 61 67
5f 5f 29 20 72 65 74 75  72 6e 3b 0a 20 20 20 20
20 20 63 6f 6e 73 74 20  64 20 3d 20 65 76 2e 64
61 74 61 3b 0a 20 20 20  20 20 20 69 66 20 28 64
2e 74 79 70 65 20 3d 3d  3d 20 22 73 65 6c 65 63
74 22 29 20 7b 0a 20 20  20 20 20 20 20 20 73 65
74 46 53 65 6c 28 7b 20  65 6c 65 6d 65 6e 74 54
65 78 74 3a 20 64 2e 65  6c 65 6d 65 6e 74 54 65
78 74 2c 20 65 6c 65 6d  65 6e 74 54 61 67 3a 20
64 2e 65 6c 65 6d 65 6e  74 54 61 67 20 7d 29 3b
0a 20 20 20 20 20 20 20  20 73 65 74 46 44 65 6c
74 61 28 6e 75 6c 6c 29  3b 0a 20 20 20 20 20 20
20 20 73 65 74 46 49 6e  73 74 72 28 22 22 29 3b
0a 20 20 20 20 20 20 20  20 73 65 74 53 69 7a 65
4f 70 73 28 7b 7d 29 3b  0a 20 20 20 20 20 20 7d
0a 20 20 20 20 20 20 69  66 20 28 64 2e 74 79 70
65 20 3d 3d 3d 20 22 6d  6f 76 65 64 22 29 20 7b
0a 20 20 20 20 20 20 20  20 73 65 74 46 53 65 6c
28 7b 20 65 6c 65 6d 65  6e 74 54 65 78 74 3a 20
64 2e 65 6c 65 6d 65 6e  74 54 65 78 74 2c 20 65
6c 65 6d 65 6e 74 54 61  67 3a 20 64 2e 65 6c 65
6d 65 6e 74 54 61 67 20  7d 29 3b 0a 20 20 20 20
20 20 20 20 73 65 74 46  44 65 6c 74 61 28 7b 20
64 78 3a 20 64 2e 64 78  2c 20 64 79 3a 20 64 2e
64 79 20 7d 29 3b 0a 20  20 20 20 20 20 7d 0a 20
20 20 20 7d 0a 20 20 20  20 77 69 6e 64 6f 77 2e
61 64 64 45 76 65 6e 74  4c 69 73 74 65 6e 65 72
28 22 6d 65 73 73 61 67  65 22 2c 20 6f 6e 4d 73
67 29 3b 0a 20 20 20 20  72 65 74 75 72 6e 20 28
29 20 3d 3e 20 77 69 6e  64 6f 77 2e 72 65 6d 6f
76 65 45 76 65 6e 74 4c  69 73 74 65 6e 65 72 28
22 6d 65 73 73 61 67 65  22 2c 20 6f 6e 4d 73 67
29 3b 0a 20 20 7d 2c 20  5b 5d 29 3b 0a 0a 20 20
66 75 6e 63 74 69 6f 6e  20 63 6c 65 61 72 46 53
65 6c 28 29 20 7b 0a 20  20 20 20 73 65 74 46 53
65 6c 28 6e 75 6c 6c 29  3b 0a 20 20 20 20 73 65
74 46 44 65 6c 74 61 28  6e 75 6c 6c 29 3b 0a 20
20 20 20 73 65 74 46 49  6e 73 74 72 28 22 22 29
3b 0a 20 20 20 20 73 65  74 53 69 7a 65 4f 70 73
28 7b 7d 29 3b 0a 20 20  20 20 74 72 79 20 7b 0a
20 20 20 20 20 20 69 66  72 61 6d 65 52 65 66 2e
63 75 72 72 65 6e 74 20  26 26 0a 20 20 20 20 20
20 20 20 69 66 72 61 6d  65 52 65 66 2e 63 75 72
72 65 6e 74 2e 63 6f 6e  74 65 6e 74 57 69 6e 64
6f 77 2e 70 6f 73 74 4d  65 73 73 61 67 65 28 0a
20 20 20 20 20 20 20 20  20 20 7b 20 5f 5f 71 64
72 61 67 63 6d 64 5f 5f  3a 20 74 72 75 65 2c 20
63 6d 64 3a 20 22 63 6c  65 61 72 53 65 6c 22 20
7d 2c 0a 20 20 20 20 20  20 20 20 20 20 22 2a 22
2c 0a 20 20 20 20 20 20  20 20 29 3b 0a 20 20 20
20 7d 20 63 61 74 63 68  20 28 5f 29 20 7b 7d 0a
20 20 7d 0a 0a 20 20 2f  2f 20 53 69 7a 65 2f 73
70 61 63 69 6e 67 20 73  74 65 70 70 65 72 3a 20
61 63 63 75 6d 75 6c 61  74 65 20 6e 65 74 20 64
65 6c 74 61 73 20 70 65  72 20 64 69 6d 65 6e 73
69 6f 6e 0a 20 20 66 75  6e 63 74 69 6f 6e 20 62
75 6d 70 53 69 7a 65 28  6b 65 79 2c 20 73 74 65
70 29 20 7b 0a 20 20 20  20 73 65 74 53 69 7a 65
4f 70 73 28 28 6f 29 20  3d 3e 20 7b 0a 20 20 20
20 20 20 63 6f 6e 73 74  20 76 20 3d 20 28 6f 5b
6b 65 79 5d 20 7c 7c 20  30 29 20 2b 20 73 74 65
70 3b 0a 20 20 20 20 20  20 63 6f 6e 73 74 20 6e
20 3d 20 7b 20 2e 2e 2e  6f 20 7d 3b 0a 20 20 20
20 20 20 69 66 20 28 76  20 3d 3d 3d 20 30 29 20
64 65 6c 65 74 65 20 6e  5b 6b 65 79 5d 3b 0a 20
20 20 20 20 20 65 6c 73  65 20 6e 5b 6b 65 79 5d
20 3d 20 76 3b 0a 20 20  20 20 20 20 72 65 74 75
72 6e 20 6e 3b 0a 20 20  20 20 7d 29 3b 0a 20 20
7d 0a 20 20 2f 2f 20 43  6f 6d 70 6f 73 65 20 61
20 70 6c 61 69 6e 2d 6c  61 6e 67 75 61 67 65 20
69 6e 73 74 72 75 63 74  69 6f 6e 20 66 72 6f 6d
20 74 68 65 20 61 63 63  75 6d 75 6c 61 74 65 64
20 73 69 7a 65 20 64 65  6c 74 61 73 0a 20 20 66
75 6e 63 74 69 6f 6e 20  73 69 7a 65 49 6e 73 74
72 75 63 74 69 6f 6e 28  29 20 7b 0a 20 20 20 20
63 6f 6e 73 74 20 4c 20  3d 20 7b 0a 20 20 20 20
20 20 77 69 64 74 68 3a  20 22 6c 65 62 61 72 22
2c 0a 20 20 20 20 20 20  68 65 69 67 68 74 3a 20
22 74 69 6e 67 67 69 22  2c 0a 20 20 20 20 20 20
70 61 64 64 69 6e 67 3a  20 22 70 61 64 64 69 6e
67 22 2c 0a 20 20 20 20  20 20 66 6f 6e 74 3a 20
22 75 6b 75 72 61 6e 20  66 6f 6e 74 22 2c 0a 20
20 20 20 20 20 72 61 64  69 75 73 3a 20 22 73 75
64 75 74 20 62 6f 72 64  65 72 20 28 62 6f 72 64
65 72 52 61 64 69 75 73  29 22 2c 0a 20 20 20 20
7d 3b 0a 20 20 20 20 72  65 74 75 72 6e 20 4f 62
6a 65 63 74 2e 65 6e 74  72 69 65 73 28 73 69 7a
65 4f 70 73 29 0a 20 20  20 20 20 20 2e 6d 61 70
28 0a 20 20 20 20 20 20  20 20 28 5b 6b 2c 20 76
5d 29 20 3d 3e 0a 20 20  20 20 20 20 20 20 20 20
60 24 7b 76 20 3e 20 30  20 3f 20 22 74 61 6d 62
61 68 22 20 3a 20 22 6b  75 72 61 6e 67 69 22 7d
20 24 7b 4c 5b 6b 5d 7d  20 73 65 6b 69 74 61 72
20 24 7b 4d 61 74 68 2e  61 62 73 28 76 29 7d 70
78 60 2c 0a 20 20 20 20  20 20 29 0a 20 20 20 20
20 20 2e 6a 6f 69 6e 28  22 2c 20 22 29 3b 0a 20
20 7d 0a 20 20 63 6f 6e  73 74 20 68 61 73 53 69
7a 65 4f 70 73 20 3d 20  4f 62 6a 65 63 74 2e 6b
65 79 73 28 73 69 7a 65  4f 70 73 29 2e 6c 65 6e
67 74 68 20 3e 20 30 3b  0a 0a 20 20 2f 2f 20 41
70 70 6c 79 20 74 68 65  20 76 69 73 75 61 6c 20
65 64 69 74 20 28 6d 6f  76 65 20 2b 20 73 69 7a
65 20 2b 20 66 72 65 65  20 69 6e 73 74 72 75 63
74 69 6f 6e 29 3a 20 41  49 20 70 61 74 63 68 65
73 20 44 61 72 74 2c 20  72 65 63 6f 6d 70 69 6c
65 0a 20 20 66 75 6e 63  74 69 6f 6e 20 61 70 70
6c 79 56 69 73 75 61 6c  45 64 69 74 28 29 20 7b
0a 20 20 20 20 69 66 20  28 21 66 53 65 6c 20 7c
7c 20 21 64 61 72 74 53  6f 75 72 63 65 29 20 72
65 74 75 72 6e 3b 0a 20  20 20 20 63 6f 6e 73 74
20 6d 6f 76 65 64 20 3d  0a 20 20 20 20 20 20 66
44 65 6c 74 61 20 26 26  20 28 4d 61 74 68 2e 61
62 73 28 66 44 65 6c 74  61 2e 64 78 29 20 3e 3d
20 34 20 7c 7c 20 4d 61  74 68 2e 61 62 73 28 66
44 65 6c 74 61 2e 64 79  29 20 3e 3d 20 34 29 3b
0a 20 20 20 20 63 6f 6e  73 74 20 69 6e 73 74 72
20 3d 20 5b 73 69 7a 65  49 6e 73 74 72 75 63 74
69 6f 6e 28 29 2c 20 66  49 6e 73 74 72 2e 74 72
69 6d 28 29 5d 2e 66 69  6c 74 65 72 28 42 6f 6f
6c 65 61 6e 29 2e 6a 6f  69 6e 28 22 2e 20 22 29
3b 0a 20 20 20 20 69 66  20 28 21 6d 6f 76 65 64
20 26 26 20 21 69 6e 73  74 72 29 20 72 65 74 75
72 6e 3b 0a 20 20 20 20  73 65 74 44 72 61 67 53
74 61 74 75 73 28 22 41  49 20 6d 65 6d 70 65 72
62 61 72 75 69 20 6b 6f  64 65 e2 80 a6 22 29 3b
0a 20 20 20 20 66 65 74  63 68 28 22 2f 66 6c 75
74 74 65 72 2f 6d 6f 76  65 22 2c 20 7b 0a 20 20
20 20 20 20 6d 65 74 68  6f 64 3a 20 22 50 4f 53
54 22 2c 0a 20 20 20 20  20 20 68 65 61 64 65 72
73 3a 20 7b 20 22 43 6f  6e 74 65 6e 74 2d 54 79
70 65 22 3a 20 22 61 70  70 6c 69 63 61 74 69 6f
6e 2f 6a 73 6f 6e 22 20  7d 2c 0a 20 20 20 20 20
20 62 6f 64 79 3a 20 4a  53 4f 4e 2e 73 74 72 69
6e 67 69 66 79 28 7b 0a  20 20 20 20 20 20 20 20
73 6f 75 72 63 65 3a 20  64 61 72 74 53 6f 75 72
63 65 2c 0a 20 20 20 20  20 20 20 20 65 6c 65 6d
65 6e 74 54 65 78 74 3a  20 66 53 65 6c 2e 65 6c
65 6d 65 6e 74 54 65 78  74 2c 0a 20 20 20 20 20
20 20 20 65 6c 65 6d 65  6e 74 54 61 67 3a 20 66
53 65 6c 2e 65 6c 65 6d  65 6e 74 54 61 67 2c 0a
20 20 20 20 20 20 20 20  64 78 3a 20 66 44 65 6c
74 61 20 3f 20 66 44 65  6c 74 61 2e 64 78 20 3a
20 30 2c 0a 20 20 20 20  20 20 20 20 64 79 3a 20
66 44 65 6c 74 61 20 3f  20 66 44 65 6c 74 61 2e
64 79 20 3a 20 30 2c 0a  20 20 20 20 20 20 20 20
69 6e 73 74 72 75 63 74  69 6f 6e 3a 20 69 6e 73
74 72 2c 0a 20 20 20 20  20 20 20 20 2e 2e 2e 28
6d 6f 64 65 6c 56 61 6c  20 3d 3d 3d 20 22 63 6c
6f 75 64 22 20 3f 20 7b  20 63 6c 6f 75 64 3a 20
67 65 74 43 6c 6f 75 64  28 29 20 7d 20 3a 20 7b
20 70 6f 72 74 3a 20 6d  6f 64 65 6c 56 61 6c 20
7d 29 2c 0a 20 20 20 20  20 20 7d 29 2c 20 2f 2f
20 73 61 6d 65 20 6d 6f  64 65 6c 20 61 73 20 63
68 61 74 0a 20 20 20 20  7d 29 0a 20 20 20 20 20
20 2e 74 68 65 6e 28 28  72 29 20 3d 3e 20 72 2e
6a 73 6f 6e 28 29 29 0a  20 20 20 20 20 20 2e 74
68 65 6e 28 28 64 29 20  3d 3e 20 7b 0a 20 20 20
20 20 20 20 20 69 66 20  28 64 2e 65 72 72 6f 72
29 20 7b 0a 20 20 20 20  20 20 20 20 20 20 73 65
74 44 72 61 67 53 74 61  74 75 73 28 6e 75 6c 6c
29 3b 0a 20 20 20 20 20  20 20 20 20 20 73 65 74
46 6c 75 74 74 65 72 45  72 72 28 22 45 64 69 74
20 65 72 72 6f 72 3a 20  22 20 2b 20 64 2e 65 72
72 6f 72 29 3b 0a 20 20  20 20 20 20 20 20 20 20
72 65 74 75 72 6e 3b 0a  20 20 20 20 20 20 20 20
7d 0a 20 20 20 20 20 20  20 20 73 65 74 44 61 72
74 53 6f 75 72 63 65 28  64 2e 73 6f 75 72 63 65
29 3b 0a 20 20 20 20 20  20 20 20 63 6c 65 61 72
46 53 65 6c 28 29 3b 0a  20 20 20 20 20 20 20 20
73 65 74 44 72 61 67 53  74 61 74 75 73 28 22 4d
65 6e 67 6b 6f 6d 70 69  6c 61 73 69 e2 80 a6 22
29 3b 0a 20 20 20 20 20  20 20 20 63 6f 6d 70 69
6c 65 44 61 72 74 28 64  2e 73 6f 75 72 63 65 29
2e 74 68 65 6e 28 28 29  20 3d 3e 20 73 65 74 44
72 61 67 53 74 61 74 75  73 28 6e 75 6c 6c 29 29
3b 0a 20 20 20 20 20 20  7d 29 0a 20 20 20 20 20
20 2e 63 61 74 63 68 28  28 65 29 20 3d 3e 20 7b
0a 20 20 20 20 20 20 20  20 73 65 74 44 72 61 67
53 74 61 74 75 73 28 6e  75 6c 6c 29 3b 0a 20 20
20 20 20 20 20 20 73 65  74 46 6c 75 74 74 65 72
45 72 72 28 65 2e 6d 65  73 73 61 67 65 29 3b 0a
20 20 20 20 20 20 7d 29  3b 0a 20 20 7d 0a 0a 20
20 63 6f 6e 73 74 20 72  75 6e 20 3d 20 70 72 6f
6a 65 63 74 2e 72 75 6e  2c 0a 20 20 20 20 71 20
3d 20 72 75 6e 20 26 26  20 72 75 6e 2e 71 75 61
6c 69 74 79 3b 0a 20 20  63 6f 6e 73 74 20 6f 70
65 6e 54 61 62 20 3d 20  28 29 20 3d 3e 20 7b 0a
20 20 20 20 69 66 20 28  69 73 46 6c 75 74 74 65
72 20 26 26 20 66 6c 75  74 74 65 72 55 72 6c 29
20 7b 0a 20 20 20 20 20  20 77 69 6e 64 6f 77 2e
6f 70 65 6e 28 66 6c 75  74 74 65 72 55 72 6c 29
3b 0a 20 20 20 20 20 20  72 65 74 75 72 6e 3b 0a
20 20 20 20 7d 0a 20 20  20 20 63 6f 6e 73 74 20
77 20 3d 20 77 69 6e 64  6f 77 2e 6f 70 65 6e 28
29 3b 0a 20 20 20 20 69  66 20 28 77 29 20 7b 0a
20 20 20 20 20 20 77 2e  64 6f 63 75 6d 65 6e 74
2e 6f 70 65 6e 28 29 3b  0a 20 20 20 20 20 20 77
2e 64 6f 63 75 6d 65 6e  74 2e 77 72 69 74 65 28
64 6f 63 29 3b 0a 20 20  20 20 20 20 77 2e 64 6f
63 75 6d 65 6e 74 2e 63  6c 6f 73 65 28 29 3b 0a
20 20 20 20 7d 0a 20 20  7d 3b 0a 0a 20 20 2f 2f
20 73 72 63 64 6f 63 20  69 73 20 75 73 65 64 20
66 6f 72 20 70 6c 61 63  65 68 6f 6c 64 65 72 73
20 28 66 6c 75 74 74 65  72 20 63 6f 6d 70 69 6c
69 6e 67 2f 73 74 72 65  61 6d 69 6e 67 29 20 61
6e 64 20 74 68 65 20 63  6f 6e 73 6f 6c 65 0a 20
20 2f 2f 20 74 65 72 6d  69 6e 61 6c 20 76 69 65
77 3b 20 74 68 65 20 63  6f 6d 70 69 6c 65 64 20
66 6c 75 74 74 65 72 20  61 70 70 20 6c 6f 61 64
73 20 76 69 61 20 73 72  63 3d 20 28 72 75 6e 74
69 6d 65 20 69 6e 6a 65  63 74 65 64 20 6f 6e 4c
6f 61 64 29 2e 0a 20 20  63 6f 6e 73 74 20 69 66
72 61 6d 65 44 6f 63 20  3d 20 64 6f 63 3b 0a 0a
20 20 72 65 74 75 72 6e  20 28 0a 20 20 20 20 3c
64 69 76 20 63 6c 61 73  73 4e 61 6d 65 3d 22 63
61 6e 76 61 73 22 3e 0a  20 20 20 20 20 20 3c 64
69 76 20 63 6c 61 73 73  4e 61 6d 65 3d 22 63 61
6e 76 61 73 2d 68 65 61  64 22 3e 0a 20 20 20 20
20 20 20 20 3c 73 70 61  6e 20 63 6c 61 73 73 4e
61 6d 65 3d 22 63 61 6e  76 61 73 2d 74 69 74 6c
65 22 3e 0a 20 20 20 20  20 20 20 20 20 20 3c 49
63 6f 6e 2e 73 70 61 72  6b 20 73 74 79 6c 65 3d
7b 7b 20 77 69 64 74 68  3a 20 31 34 2c 20 68 65
69 67 68 74 3a 20 31 34  20 7d 7d 20 2f 3e 20 43
61 6e 76 61 73 0a 20 20  20 20 20 20 20 20 3c 2f
73 70 61 6e 3e 0a 20 20  20 20 20 20 20 20 7b 69
73 46 6c 75 74 74 65 72  20 26 26 20 28 0a 20 20
20 20 20 20 20 20 20 20  3c 73 70 61 6e 0a 20 20
20 20 20 20 20 20 20 20  20 20 63 6c 61 73 73 4e
61 6d 65 3d 7b 0a 20 20  20 20 20 20 20 20 20 20
20 20 20 20 22 66 6c 75  74 74 65 72 2d 62 61 64
67 65 22 20 2b 20 28 63  6f 6d 70 69 6c 69 6e 67
20 3f 20 22 20 66 6c 75  74 74 65 72 2d 62 61 64
67 65 2d 62 75 73 79 22  20 3a 20 22 22 29 0a 20
20 20 20 20 20 20 20 20  20 20 20 7d 0a 20 20 20
20 20 20 20 20 20 20 3e  0a 20 20 20 20 20 20 20
20 20 20 20 20 7b 63 6f  6d 70 69 6c 69 6e 67 20
3f 20 22 e2 8f b3 20 6d  65 6e 67 6b 6f 6d 70 69
6c 61 73 69 e2 80 a6 22  20 3a 20 22 46 6c 75 74
74 65 72 22 7d 0a 20 20  20 20 20 20 20 20 20 20
3c 2f 73 70 61 6e 3e 0a  20 20 20 20 20 20 20 20
29 7d 0a 20 20 20 20 20  20 20 20 3c 64 69 76 20
63 6c 61 73 73 4e 61 6d  65 3d 22 63 61 6e 76 61
73 2d 74 61 62 73 22 3e  0a 20 20 20 20 20 20 20
20 20 20 3c 62 75 74 74  6f 6e 0a 20 20 20 20 20
20 20 20 20 20 20 20 63  6c 61 73 73 4e 61 6d 65
3d 7b 74 61 62 20 3d 3d  3d 20 22 70 72 65 76 69
65 77 22 20 3f 20 22 61  63 74 69 76 65 22 20 3a
20 22 22 7d 0a 20 20 20  20 20 20 20 20 20 20 20
20 6f 6e 43 6c 69 63 6b  3d 7b 28 29 20 3d 3e 20
73 65 74 54 61 62 28 22  70 72 65 76 69 65 77 22
29 7d 0a 20 20 20 20 20  20 20 20 20 20 3e 0a 20
20 20 20 20 20 20 20 20  20 20 20 50 72 65 76 69
65 77 0a 20 20 20 20 20  20 20 20 20 20 3c 2f 62
75 74 74 6f 6e 3e 0a 20  20 20 20 20 20 20 20 20
20 3c 62 75 74 74 6f 6e  0a 20 20 20 20 20 20 20
20 20 20 20 20 63 6c 61  73 73 4e 61 6d 65 3d 7b
74 61 62 20 3d 3d 3d 20  22 63 6f 64 65 22 20 3f
20 22 61 63 74 69 76 65  22 20 3a 20 22 22 7d 0a
20 20 20 20 20 20 20 20  20 20 20 20 6f 6e 43 6c
69 63 6b 3d 7b 28 29 20  3d 3e 20 7b 0a 20 20 20
20 20 20 20 20 20 20 20  20 20 20 73 65 74 54 61
62 28 22 63 6f 64 65 22  29 3b 0a 20 20 20 20 20
20 20 20 20 20 20 20 20  20 73 65 74 44 72 61 67
4d 6f 64 65 28 66 61 6c  73 65 29 3b 0a 20 20 20
20 20 20 20 20 20 20 20  20 7d 7d 0a 20 20 20 20
20 20 20 20 20 20 3e 0a  20 20 20 20 20 20 20 20
20 20 20 20 43 6f 64 65  0a 20 20 20 20 20 20 20
20 20 20 3c 2f 62 75 74  74 6f 6e 3e 0a 20 20 20
20 20 20 20 20 3c 2f 64  69 76 3e 0a 20 20 20 20
20 20 20 20 3c 73 70 61  6e 20 63 6c 61 73 73 4e
61 6d 65 3d 22 74 62 2d  73 70 61 63 65 72 22 20
2f 3e 0a 0a 20 20 20 20  20 20 20 20 7b 2f 2a 20
46 6c 75 74 74 65 72 20  74 6f 6f 6c 62 61 72 20
2a 2f 7d 0a 20 20 20 20  20 20 20 20 7b 69 73 46
6c 75 74 74 65 72 20 26  26 20 28 0a 20 20 20 20
20 20 20 20 20 20 3c 3e  0a 20 20 20 20 20 20 20
20 20 20 20 20 3c 62 75  74 74 6f 6e 0a 20 20 20
20 20 20 20 20 20 20 20  20 20 20 63 6c 61 73 73
4e 61 6d 65 3d 22 63 61  6e 76 61 73 2d 69 63 6f
6e 22 0a 20 20 20 20 20  20 20 20 20 20 20 20 20
20 74 69 74 6c 65 3d 22  43 6f 6d 70 69 6c 65 20
75 6c 61 6e 67 22 0a 20  20 20 20 20 20 20 20 20
20 20 20 20 20 64 69 73  61 62 6c 65 64 3d 7b 63
6f 6d 70 69 6c 69 6e 67  7d 0a 20 20 20 20 20 20
20 20 20 20 20 20 20 20  6f 6e 43 6c 69 63 6b 3d
7b 28 29 20 3d 3e 20 63  6f 6d 70 69 6c 65 44 61
72 74 28 64 61 72 74 53  6f 75 72 63 65 20 7c 7c
20 70 72 6f 6a 65 63 74  2e 66 6c 75 74 74 65 72
29 7d 0a 20 20 20 20 20  20 20 20 20 20 20 20 3e
0a 20 20 20 20 20 20 20  20 20 20 20 20 20 20 e2
86 bb 0a 20 20 20 20 20  20 20 20 20 20 20 20 3c
2f 62 75 74 74 6f 6e 3e  0a 20 20 20 20 20 20 20
20 20 20 20 20 3c 62 75  74 74 6f 6e 0a 20 20 20
20 20 20 20 20 20 20 20  20 20 20 63 6c 61 73 73
4e 61 6d 65 3d 22 63 61  6e 76 61 73 2d 69 63 6f
6e 22 0a 20 20 20 20 20  20 20 20 20 20 20 20 20
20 74 69 74 6c 65 3d 7b  62 75 69 6c 64 69 6e 67
20 3f 20 22 4d 65 6d 62  61 6e 67 75 6e e2 80 a6
22 20 3a 20 22 42 75 69  6c 64 20 41 50 4b 22 7d
0a 20 20 20 20 20 20 20  20 20 20 20 20 20 20 64
69 73 61 62 6c 65 64 3d  7b 63 6f 6d 70 69 6c 69
6e 67 20 7c 7c 20 62 75  69 6c 64 69 6e 67 7d 0a
20 20 20 20 20 20 20 20  20 20 20 20 20 20 6f 6e
43 6c 69 63 6b 3d 7b 28  29 20 3d 3e 20 62 75 69
6c 64 41 70 6b 28 64 61  72 74 53 6f 75 72 63 65
20 7c 7c 20 70 72 6f 6a  65 63 74 2e 66 6c 75 74
74 65 72 2c 20 22 61 70  6b 22 29 7d 0a 20 20 20
20 20 20 20 20 20 20 20  20 3e 0a 20 20 20 20 20
20 20 20 20 20 20 20 20  20 7b 62 75 69 6c 64 69
6e 67 20 3f 20 22 e2 8f  b3 22 20 3a 20 22 f0 9f
93 a6 22 7d 0a 20 20 20  20 20 20 20 20 20 20 20
20 3c 2f 62 75 74 74 6f  6e 3e 0a 20 20 20 20 20
20 20 20 20 20 20 20 3c  62 75 74 74 6f 6e 0a 20
20 20 20 20 20 20 20 20  20 20 20 20 20 63 6c 61
73 73 4e 61 6d 65 3d 7b  0a 20 20 20 20 20 20 20
20 20 20 20 20 20 20 20  20 22 63 61 6e 76 61 73
2d 69 63 6f 6e 20 66 6c  75 74 74 65 72 2d 64 72
61 67 2d 62 74 6e 22 20  2b 0a 20 20 20 20 20 20
20 20 20 20 20 20 20 20  20 20 28 64 72 61 67 4d
6f 64 65 20 3f 20 22 20  66 6c 75 74 74 65 72 2d
64 72 61 67 2d 61 63 74  69 76 65 22 20 3a 20 22
22 29 0a 20 20 20 20 20  20 20 20 20 20 20 20 20
20 7d 0a 20 20 20 20 20  20 20 20 20 20 20 20 20
20 74 69 74 6c 65 3d 7b  0a 20 20 20 20 20 20 20
20 20 20 20 20 20 20 20  20 64 72 61 67 4d 6f 64
65 0a 20 20 20 20 20 20  20 20 20 20 20 20 20 20
20 20 20 20 3f 20 22 4e  6f 6e 61 6b 74 69 66 6b
61 6e 20 45 64 69 74 20  56 69 73 75 61 6c 22 0a
20 20 20 20 20 20 20 20  20 20 20 20 20 20 20 20
20 20 3a 20 22 45 64 69  74 20 56 69 73 75 61 6c
20 e2 80 94 20 70 69 6c  69 68 20 26 20 73 65 72
65 74 20 77 69 64 67 65  74 22 0a 20 20 20 20 20
20 20 20 20 20 20 20 20  20 7d 0a 20 20 20 20 20
20 20 20 20 20 20 20 20  20 64 69 73 61 62 6c 65
64 3d 7b 63 6f 6d 70 69  6c 69 6e 67 7d 0a 20 20
20 20 20 20 20 20 20 20  20 20 20 20 6f 6e 43 6c
69 63 6b 3d 7b 28 29 20  3d 3e 20 7b 0a 20 20 20
20 20 20 20 20 20 20 20  20 20 20 20 20 63 6f 6e
73 74 20 6e 65 78 74 20  3d 20 21 64 72 61 67 4d
6f 64 65 3b 0a 20 20 20  20 20 20 20 20 20 20 20
20 20 20 20 20 73 65 74  44 72 61 67 4d 6f 64 65
28 6e 65 78 74 29 3b 0a  20 20 20 20 20 20 20 20
20 20 20 20 20 20 20 20  73 65 74 46 53 65 6c 28
6e 75 6c 6c 29 3b 0a 20  20 20 20 20 20 20 20 20
20 20 20 20 20 20 20 73  65 74 46 44 65 6c 74 61
28 6e 75 6c 6c 29 3b 0a  20 20 20 20 20 20 20 20
20 20 20 20 20 20 20 20  73 65 74 46 49 6e 73 74
72 28 22 22 29 3b 0a 20  20 20 20 20 20 20 20 20
20 20 20 20 20 20 20 74  72 79 20 7b 0a 20 20 20
20 20 20 20 20 20 20 20  20 20 20 20 20 20 20 69
66 72 61 6d 65 52 65 66  2e 63 75 72 72 65 6e 74
20 26 26 0a 20 20 20 20  20 20 20 20 20 20 20 20
20 20 20 20 20 20 20 20  69 66 72 61 6d 65 52 65
66 2e 63 75 72 72 65 6e  74 2e 63 6f 6e 74 65 6e
74 57 69 6e 64 6f 77 2e  70 6f 73 74 4d 65 73 73
61 67 65 28 0a 20 20 20  20 20 20 20 20 20 20 20
20 20 20 20 20 20 20 20  20 20 20 7b 20 5f 5f 71
64 72 61 67 63 6d 64 5f  5f 3a 20 74 72 75 65 2c
20 63 6d 64 3a 20 22 73  65 74 41 63 74 69 76 65
22 2c 20 76 61 6c 3a 20  6e 65 78 74 20 7d 2c 0a
20 20 20 20 20 20 20 20  20 20 20 20 20 20 20 20
20 20 20 20 20 20 22 2a  22 2c 0a 20 20 20 20 20
20 20 20 20 20 20 20 20  20 20 20 20 20 20 20 29
3b 0a 20 20 20 20 20 20  20 20 20 20 20 20 20 20
20 20 7d 20 63 61 74 63  68 20 28 5f 29 20 7b 7d
0a 20 20 20 20 20 20 20  20 20 20 20 20 20 20 7d
7d 0a 20 20 20 20 20 20  20 20 20 20 20 20 3e 0a
20 20 20 20 20 20 20 20  20 20 20 20 20 20 3c 73
76 67 0a 20 20 20 20 20  20 20 20 20 20 20 20 20
20 20 20 76 69 65 77 42  6f 78 3d 22 30 20 30 20
31 36 20 31 36 22 0a 20  20 20 20 20 20 20 20 20
20 20 20 20 20 20 20 77  69 64 74 68 3d 22 31 34
22 0a 20 20 20 20 20 20  20 20 20 20 20 20 20 20
20 20 68 65 69 67 68 74  3d 22 31 34 22 0a 20 20
20 20 20 20 20 20 20 20  20 20 20 20 20 20 66 69
6c 6c 3d 22 6e 6f 6e 65  22 0a 20 20 20 20 20 20
20 20 20 20 20 20 20 20  20 20 73 74 72 6f 6b 65
3d 22 63 75 72 72 65 6e  74 43 6f 6c 6f 72 22 0a
20 20 20 20 20 20 20 20  20 20 20 20 20 20 20 20
73 74 72 6f 6b 65 57 69  64 74 68 3d 22 31 2e 35
22 0a 20 20 20 20 20 20  20 20 20 20 20 20 20 20
3e 0a 20 20 20 20 20 20  20 20 20 20 20 20 20 20
20 20 3c 70 61 74 68 20  64 3d 22 4d 33 20 33 6c
34 20 31 2d 31 20 34 20  32 2d 32 20 34 20 34 2d
31 2e 35 20 31 2e 35 2d  34 2d 34 2d 32 20 32 20
31 2d 34 7a 22 20 2f 3e  0a 20 20 20 20 20 20 20
20 20 20 20 20 20 20 20  20 3c 70 61 74 68 20 64
3d 22 4d 31 30 20 32 6c  34 20 34 22 20 2f 3e 0a
20 20 20 20 20 20 20 20  20 20 20 20 20 20 3c 2f
73 76 67 3e 0a 20 20 20  20 20 20 20 20 20 20 20
20 3c 2f 62 75 74 74 6f  6e 3e 0a 20 20 20 20 20
20 20 20 20 20 20 20 3c  62 75 74 74 6f 6e 0a 20
20 20 20 20 20 20 20 20  20 20 20 20 20 63 6c 61
73 73 4e 61 6d 65 3d 7b  0a 20 20 20 20 20 20 20
20 20 20 20 20 20 20 20  20 22 63 61 6e 76 61 73
2d 69 63 6f 6e 22 20 2b  20 28 73 68 6f 77 53 44
4b 49 6e 66 6f 20 3f 20  22 20 66 6c 75 74 74 65
72 2d 64 72 61 67 2d 61  63 74 69 76 65 22 20 3a
20 22 22 29 0a 20 20 20  20 20 20 20 20 20 20 20
20 20 20 7d 0a 20 20 20  20 20 20 20 20 20 20 20
20 20 20 74 69 74 6c 65  3d 22 53 44 4b 20 49 6e
66 6f 22 0a 20 20 20 20  20 20 20 20 20 20 20 20
20 20 6f 6e 43 6c 69 63  6b 3d 7b 28 29 20 3d 3e
20 73 65 74 53 68 6f 77  53 44 4b 49 6e 66 6f 28
28 76 29 20 3d 3e 20 21  76 29 7d 0a 20 20 20 20
20 20 20 20 20 20 20 20  3e 0a 20 20 20 20 20 20
20 20 20 20 20 20 20 20  3c 73 76 67 0a 20 20 20
20 20 20 20 20 20 20 20  20 20 20 20 20 76 69 65
77 42 6f 78 3d 22 30 20  30 20 31 36 20 31 36 22
0a 20 20 20 20 20 20 20  20 20 20 20 20 20 20 20
20 77 69 64 74 68 3d 22  31 34 22 0a 20 20 20 20
20 20 20 20 20 20 20 20  20 20 20 20 68 65 69 67
68 74 3d 22 31 34 22 0a  20 20 20 20 20 20 20 20
20 20 20 20 20 20 20 20  66 69 6c 6c 3d 22 6e 6f
6e 65 22 0a 20 20 20 20  20 20 20 20 20 20 20 20
20 20 20 20 73 74 72 6f  6b 65 3d 22 63 75 72 72
65 6e 74 43 6f 6c 6f 72  22 0a 20 20 20 20 20 20
20 20 20 20 20 20 20 20  20 20 73 74 72 6f 6b 65
57 69 64 74 68 3d 22 31  2e 35 22 0a 20 20 20 20
20 20 20 20 20 20 20 20  20 20 3e 0a 20 20 20 20
20 20 20 20 20 20 20 20  20 20 20 20 3c 72 65 63
74 20 78 3d 22 32 22 20  79 3d 22 33 22 20 77 69
64 74 68 3d 22 31 32 22  20 68 65 69 67 68 74 3d
22 31 30 22 20 72 78 3d  22 31 2e 35 22 20 2f 3e
0a 20 20 20 20 20 20 20  20 20 20 20 20 20 20 20
20 3c 70 61 74 68 20 64  3d 22 4d 37 20 37 68 32
4d 37 20 39 68 32 22 20  2f 3e 0a 20 20 20 20 20
20 20 20 20 20 20 20 20  20 20 20 3c 63 69 72 63
6c 65 20 63 78 3d 22 38  22 20 63 79 3d 22 36 22
20 72 3d 22 2e 35 22 20  66 69 6c 6c 3d 22 63 75
72 72 65 6e 74 43 6f 6c  6f 72 22 20 2f 3e 0a 20
20 20 20 20 20 20 20 20  20 20 20 20 20 3c 2f 73
76 67 3e 0a 20 20 20 20  20 20 20 20 20 20 20 20
3c 2f 62 75 74 74 6f 6e  3e 0a 20 20 20 20 20 20
20 20 20 20 3c 2f 3e 0a  20 20 20 20 20 20 20 20
29 7d 0a 0a 20 20 20 20  20 20 20 20 7b 2f 2a 20
4e 6f 6e 2d 66 6c 75 74  74 65 72 20 28 63 6f 6e
73 6f 6c 65 2f 74 65 72  6d 69 6e 61 6c 29 20 e2
80 94 20 6a 75 73 74 20  72 65 6c 6f 61 64 20 2a
2f 7d 0a 20 20 20 20 20  20 20 20 7b 21 69 73 46
6c 75 74 74 65 72 20 26  26 20 28 0a 20 20 20 20
20 20 20 20 20 20 3c 62  75 74 74 6f 6e 0a 20 20
20 20 20 20 20 20 20 20  20 20 63 6c 61 73 73 4e
61 6d 65 3d 22 63 61 6e  76 61 73 2d 69 63 6f 6e
22 0a 20 20 20 20 20 20  20 20 20 20 20 20 74 69
74 6c 65 3d 22 4d 75 61  74 20 75 6c 61 6e 67 22
0a 20 20 20 20 20 20 20  20 20 20 20 20 6f 6e 43
6c 69 63 6b 3d 7b 28 29  20 3d 3e 20 73 65 74 4e
6f 6e 63 65 28 28 6e 29  20 3d 3e 20 6e 20 2b 20
31 29 7d 0a 20 20 20 20  20 20 20 20 20 20 3e 0a
20 20 20 20 20 20 20 20  20 20 20 20 e2 86 bb 0a
20 20 20 20 20 20 20 20  20 20 3c 2f 62 75 74 74
6f 6e 3e 0a 20 20 20 20  20 20 20 20 29 7d 0a 0a
20 20 20 20 20 20 20 20  3c 62 75 74 74 6f 6e 0a
20 20 20 20 20 20 20 20  20 20 63 6c 61 73 73 4e
61 6d 65 3d 22 63 61 6e  76 61 73 2d 69 63 6f 6e
22 0a 20 20 20 20 20 20  20 20 20 20 74 69 74 6c
65 3d 22 42 75 6b 61 20  64 69 20 74 61 62 20 62
61 72 75 22 0a 20 20 20  20 20 20 20 20 20 20 6f
6e 43 6c 69 63 6b 3d 7b  6f 70 65 6e 54 61 62 7d
0a 20 20 20 20 20 20 20  20 3e 0a 20 20 20 20 20
20 20 20 20 20 e2 87 b1  0a 20 20 20 20 20 20 20
20 3c 2f 62 75 74 74 6f  6e 3e 0a 20 20 20 20 20
20 20 20 3c 62 75 74 74  6f 6e 0a 20 20 20 20 20
20 20 20 20 20 63 6c 61  73 73 4e 61 6d 65 3d 22
63 61 6e 76 61 73 2d 69  63 6f 6e 20 63 61 6e 76
61 73 2d 63 6c 6f 73 65  22 0a 20 20 20 20 20 20
20 20 20 20 74 69 74 6c  65 3d 22 54 75 74 75 70
22 0a 20 20 20 20 20 20  20 20 20 20 6f 6e 43 6c
69 63 6b 3d 7b 6f 6e 43  6c 6f 73 65 7d 0a 20 20
20 20 20 20 20 20 3e 0a  20 20 20 20 20 20 20 20
20 20 e2 9c 95 0a 20 20  20 20 20 20 20 20 3c 2f
62 75 74 74 6f 6e 3e 0a  20 20 20 20 20 20 3c 2f
64 69 76 3e 0a 0a 20 20  20 20 20 20 7b 2f 2a 20
46 6c 75 74 74 65 72 20  63 6f 6d 70 69 6c 65 20
65 72 72 6f 72 20 2a 2f  7d 0a 20 20 20 20 20 20
7b 69 73 46 6c 75 74 74  65 72 20 26 26 20 66 6c
75 74 74 65 72 45 72 72  20 26 26 20 28 0a 20 20
20 20 20 20 20 20 3c 64  69 76 20 63 6c 61 73 73
4e 61 6d 65 3d 22 66 6c  75 74 74 65 72 2d 65 72
72 2d 70 61 6e 65 6c 22  3e 0a 20 20 20 20 20 20
20 20 20 20 3c 73 70 61  6e 20 63 6c 61 73 73 4e
61 6d 65 3d 22 66 6c 75  74 74 65 72 2d 65 72 72
2d 69 63 6f 6e 22 3e e2  9a a0 3c 2f 73 70 61 6e
3e 0a 20 20 20 20 20 20  20 20 20 20 3c 64 69 76
20 73 74 79 6c 65 3d 7b  7b 20 66 6c 65 78 3a 20
31 2c 20 6d 69 6e 57 69  64 74 68 3a 20 30 20 7d
7d 3e 0a 20 20 20 20 20  20 20 20 20 20 20 20 3c
70 72 65 20 63 6c 61 73  73 4e 61 6d 65 3d 22 66
6c 75 74 74 65 72 2d 65  72 72 2d 70 72 65 22 3e
7b 66 6c 75 74 74 65 72  45 72 72 7d 3c 2f 70 72
65 3e 0a 20 20 20 20 20  20 20 20 20 20 20 20 7b
66 6c 75 74 74 65 72 45  72 72 2e 69 6e 63 6c 75
64 65 73 28 22 74 69 64  61 6b 20 64 69 74 65 6d
75 6b 61 6e 22 29 20 26  26 20 28 0a 20 20 20 20
20 20 20 20 20 20 20 20  20 20 3c 61 0a 20 20 20
20 20 20 20 20 20 20 20  20 20 20 20 20 63 6c 61
73 73 4e 61 6d 65 3d 22  66 6c 75 74 74 65 72 2d
69 6e 73 74 61 6c 6c 2d  6c 69 6e 6b 22 0a 20 20
20 20 20 20 20 20 20 20  20 20 20 20 20 20 68 72
65 66 3d 22 68 74 74 70  73 3a 2f 2f 66 6c 75 74
74 65 72 2e 64 65 76 2f  64 6f 63 73 2f 67 65 74
2d 73 74 61 72 74 65 64  2f 69 6e 73 74 61 6c 6c
2f 77 69 6e 64 6f 77 73  22 0a 20 20 20 20 20 20
20 20 20 20 20 20 20 20  20 20 74 61 72 67 65 74
3d 22 5f 62 6c 61 6e 6b  22 0a 20 20 20 20 20 20
20 20 20 20 20 20 20 20  20 20 72 65 6c 3d 22 6e
6f 72 65 66 65 72 72 65  72 22 0a 20 20 20 20 20
20 20 20 20 20 20 20 20  20 3e 0a 20 20 20 20 20
20 20 20 20 20 20 20 20  20 20 20 e2 86 92 20 49
6e 73 74 61 6c 6c 20 46  6c 75 74 74 65 72 20 53
44 4b 0a 20 20 20 20 20  20 20 20 20 20 20 20 20
20 3c 2f 61 3e 0a 20 20  20 20 20 20 20 20 20 20
20 20 29 7d 0a 20 20 20  20 20 20 20 20 20 20 20
20 7b 6c 61 73 74 47 6f  6f 64 52 65 66 2e 63 75
72 72 65 6e 74 20 26 26  20 6c 61 73 74 47 6f 6f
64 52 65 66 2e 63 75 72  72 65 6e 74 20 21 3d 3d
20 64 61 72 74 53 6f 75  72 63 65 20 26 26 20 28
0a 20 20 20 20 20 20 20  20 20 20 20 20 20 20 3c
62 75 74 74 6f 6e 0a 20  20 20 20 20 20 20 20 20
20 20 20 20 20 20 20 63  6c 61 73 73 4e 61 6d 65
3d 22 66 6c 75 74 74 65  72 2d 72 65 76 65 72 74
2d 62 74 6e 22 0a 20 20  20 20 20 20 20 20 20 20
20 20 20 20 20 20 6f 6e  43 6c 69 63 6b 3d 7b 28
29 20 3d 3e 20 7b 0a 20  20 20 20 20 20 20 20 20
20 20 20 20 20 20 20 20  20 63 6f 6e 73 74 20 67
6f 6f 64 20 3d 20 6c 61  73 74 47 6f 6f 64 52 65
66 2e 63 75 72 72 65 6e  74 3b 0a 20 20 20 20 20
20 20 20 20 20 20 20 20  20 20 20 20 20 73 65 74
44 61 72 74 53 6f 75 72  63 65 28 67 6f 6f 64 29
3b 0a 20 20 20 20 20 20  20 20 20 20 20 20 20 20
20 20 20 20 73 65 74 46  6c 75 74 74 65 72 45 72
72 28 6e 75 6c 6c 29 3b  0a 20 20 20 20 20 20 20
20 20 20 20 20 20 20 20  20 20 20 63 6c 65 61 72
46 53 65 6c 28 29 3b 0a  20 20 20 20 20 20 20 20
20 20 20 20 20 20 20 20  20 20 63 6f 6d 70 69 6c
65 44 61 72 74 28 67 6f  6f 64 29 3b 20 2f 2f 20
73 65 72 76 65 72 20 63  61 63 68 65 73 20 74 68
65 20 6c 61 73 74 20 67  6f 6f 64 20 62 75 69 6c
64 20 e2 86 92 20 69 6e  73 74 61 6e 74 0a 20 20
20 20 20 20 20 20 20 20  20 20 20 20 20 20 7d 7d
0a 20 20 20 20 20 20 20  20 20 20 20 20 20 20 3e
0a 20 20 20 20 20 20 20  20 20 20 20 20 20 20 20
20 e2 86 a9 20 4b 65 6d  62 61 6c 69 6b 61 6e 20
76 65 72 73 69 20 79 61  6e 67 20 62 65 72 66 75
6e 67 73 69 0a 20 20 20  20 20 20 20 20 20 20 20
20 20 20 3c 2f 62 75 74  74 6f 6e 3e 0a 20 20 20
20 20 20 20 20 20 20 20  20 29 7d 0a 20 20 20 20
20 20 20 20 20 20 3c 2f  64 69 76 3e 0a 20 20 20
20 20 20 20 20 3c 2f 64  69 76 3e 0a 20 20 20 20
20 20 29 7d 0a 0a 20 20  20 20 20 20 7b 2f 2a 20
46 6c 75 74 74 65 72 20  62 75 69 6c 64 20 6f 75
74 70 75 74 20 2a 2f 7d  0a 20 20 20 20 20 20 7b
69 73 46 6c 75 74 74 65  72 20 26 26 20 62 75 69
6c 64 4f 75 74 70 75 74  20 26 26 20 28 0a 20 20
20 20 20 20 20 20 3c 64  69 76 20 63 6c 61 73 73
4e 61 6d 65 3d 22 66 6c  75 74 74 65 72 2d 65 72
72 2d 70 61 6e 65 6c 22  20 73 74 79 6c 65 3d 7b
7b 20 62 6f 72 64 65 72  43 6f 6c 6f 72 3a 20 22
23 32 32 63 35 35 65 22  20 7d 7d 3e 0a 20 20 20
20 20 20 20 20 20 20 3c  73 70 61 6e 20 63 6c 61
73 73 4e 61 6d 65 3d 22  66 6c 75 74 74 65 72 2d
65 72 72 2d 69 63 6f 6e  22 20 73 74 79 6c 65 3d
7b 7b 20 63 6f 6c 6f 72  3a 20 22 23 32 32 63 35
35 65 22 20 7d 7d 3e 0a  20 20 20 20 20 20 20 20
20 20 20 20 e2 9c 93 0a  20 20 20 20 20 20 20 20
20 20 3c 2f 73 70 61 6e  3e 0a 20 20 20 20 20 20
20 20 20 20 3c 64 69 76  20 73 74 79 6c 65 3d 7b
7b 20 66 6c 65 78 3a 20  31 2c 20 6d 69 6e 57 69
64 74 68 3a 20 30 20 7d  7d 3e 0a 20 20 20 20 20
20 20 20 20 20 20 20 3c  70 72 65 20 63 6c 61 73
73 4e 61 6d 65 3d 22 66  6c 75 74 74 65 72 2d 65
72 72 2d 70 72 65 22 20  73 74 79 6c 65 3d 7b 7b
20 63 6f 6c 6f 72 3a 20  22 23 32 32 63 35 35 65
22 20 7d 7d 3e 0a 20 20  20 20 20 20 20 20 20 20
20 20 20 20 7b 62 75 69  6c 64 4f 75 74 70 75 74
7d 0a 20 20 20 20 20 20  20 20 20 20 20 20 3c 2f
70 72 65 3e 0a 20 20 20  20 20 20 20 20 20 20 20
20 7b 62 75 69 6c 64 4f  75 74 70 75 74 2e 65 6e
64 73 57 69 74 68 28 22  2e 61 70 6b 22 29 20 26
26 20 28 0a 20 20 20 20  20 20 20 20 20 20 20 20
20 20 3c 73 70 61 6e 0a  20 20 20 20 20 20 20 20
20 20 20 20 20 20 20 20  73 74 79 6c 65 3d 7b 7b
20 66 6f 6e 74 53 69 7a  65 3a 20 31 31 2c 20 63
6f 6c 6f 72 3a 20 22 23  36 30 61 35 66 61 22 2c
20 63 75 72 73 6f 72 3a  20 22 70 6f 69 6e 74 65
72 22 20 7d 7d 0a 20 20  20 20 20 20 20 20 20 20
20 20 20 20 20 20 6f 6e  43 6c 69 63 6b 3d 7b 28
29 20 3d 3e 20 6e 61 76  69 67 61 74 6f 72 2e 63
6c 69 70 62 6f 61 72 64  2e 77 72 69 74 65 54 65
78 74 28 62 75 69 6c 64  4f 75 74 70 75 74 29 7d
0a 20 20 20 20 20 20 20  20 20 20 20 20 20 20 3e
0a 20 20 20 20 20 20 20  20 20 20 20 20 20 20 20
20 f0 9f 93 8b 20 73 61  6c 69 6e 20 70 61 74 68
0a 20 20 20 20 20 20 20  20 20 20 20 20 20 20 3c
2f 73 70 61 6e 3e 0a 20  20 20 20 20 20 20 20 20
20 20 20 29 7d 0a 20 20  20 20 20 20 20 20 20 20
3c 2f 64 69 76 3e 0a 20  20 20 20 20 20 20 20 3c
2f 64 69 76 3e 0a 20 20  20 20 20 20 29 7d 0a 0a
20 20 20 20 20 20 7b 2f  2a 20 46 6c 75 74 74 65
72 20 76 69 73 75 61 6c  2d 65 64 69 74 20 62 61
72 20 2a 2f 7d 0a 20 20  20 20 20 20 7b 69 73 46
6c 75 74 74 65 72 20 26  26 20 64 72 61 67 4d 6f
64 65 20 26 26 20 21 63  6f 6d 70 69 6c 69 6e 67
20 26 26 20 28 0a 20 20  20 20 20 20 20 20 3c 64
69 76 20 63 6c 61 73 73  4e 61 6d 65 3d 7b 22 66
6c 75 74 74 65 72 2d 64  72 61 67 2d 62 61 72 22
20 2b 20 28 66 53 65 6c  20 3f 20 22 20 68 61 73
2d 70 65 6e 64 69 6e 67  22 20 3a 20 22 22 29 7d
3e 0a 20 20 20 20 20 20  20 20 20 20 7b 66 53 65
6c 20 3f 20 28 0a 20 20  20 20 20 20 20 20 20 20
20 20 3c 3e 0a 20 20 20  20 20 20 20 20 20 20 20
20 20 20 3c 64 69 76 20  63 6c 61 73 73 4e 61 6d
65 3d 22 66 64 72 61 67  2d 69 6e 66 6f 22 3e 0a
20 20 20 20 20 20 20 20  20 20 20 20 20 20 20 20
3c 73 70 61 6e 20 63 6c  61 73 73 4e 61 6d 65 3d
22 66 64 72 61 67 2d 74  61 67 22 3e 0a 20 20 20
20 20 20 20 20 20 20 20  20 20 20 20 20 20 20 7b
28 66 53 65 6c 2e 65 6c  65 6d 65 6e 74 54 65 78
74 20 7c 7c 20 66 53 65  6c 2e 65 6c 65 6d 65 6e
74 54 61 67 29 2e 73 6c  69 63 65 28 30 2c 20 33
30 29 7d 0a 20 20 20 20  20 20 20 20 20 20 20 20
20 20 20 20 3c 2f 73 70  61 6e 3e 0a 20 20 20 20
20 20 20 20 20 20 20 20  20 20 20 20 7b 66 44 65
6c 74 61 20 26 26 0a 20  20 20 20 20 20 20 20 20
20 20 20 20 20 20 20 28  4d 61 74 68 2e 61 62 73
28 66 44 65 6c 74 61 2e  64 78 29 20 3e 3d 20 34
20 7c 7c 20 4d 61 74 68  2e 61 62 73 28 66 44 65
6c 74 61 2e 64 79 29 20  3e 3d 20 34 29 20 3f 20
28 0a 20 20 20 20 20 20  20 20 20 20 20 20 20 20
20 20 20 20 3c 73 70 61  6e 20 63 6c 61 73 73 4e
61 6d 65 3d 22 66 64 72  61 67 2d 64 65 6c 74 61
22 3e 0a 20 20 20 20 20  20 20 20 20 20 20 20 20
20 20 20 20 20 20 20 64  69 67 65 73 65 72 20 7b
66 44 65 6c 74 61 2e 64  78 20 3e 20 30 20 3f 20
22 2b 22 20 3a 20 22 22  7d 0a 20 20 20 20 20 20
20 20 20 20 20 20 20 20  20 20 20 20 20 20 7b 66
44 65 6c 74 61 2e 64 78  7d 70 78 2c 20 7b 66 44
65 6c 74 61 2e 64 79 20  3e 20 30 20 3f 20 22 2b
22 20 3a 20 22 22 7d 0a  20 20 20 20 20 20 20 20
20 20 20 20 20 20 20 20  20 20 20 20 7b 66 44 65
6c 74 61 2e 64 79 7d 70  78 0a 20 20 20 20 20 20
20 20 20 20 20 20 20 20  20 20 20 20 3c 2f 73 70
61 6e 3e 0a 20 20 20 20  20 20 20 20 20 20 20 20
20 20 20 20 29 20 3a 20  28 0a 20 20 20 20 20 20
20 20 20 20 20 20 20 20  20 20 20 20 3c 73 70 61
6e 20 63 6c 61 73 73 4e  61 6d 65 3d 22 66 64 72
61 67 2d 64 65 6c 74 61  22 3e 0a 20 20 20 20 20
20 20 20 20 20 20 20 20  20 20 20 20 20 20 20 73
65 72 65 74 20 75 6e 74  75 6b 20 70 69 6e 64 61
68 2c 20 61 74 61 75 20  61 74 75 72 20 75 6b 75
72 61 6e 20 e2 86 93 0a  20 20 20 20 20 20 20 20
20 20 20 20 20 20 20 20  20 20 3c 2f 73 70 61 6e
3e 0a 20 20 20 20 20 20  20 20 20 20 20 20 20 20
20 20 29 7d 0a 20 20 20  20 20 20 20 20 20 20 20
20 20 20 3c 2f 64 69 76  3e 0a 20 20 20 20 20 20
20 20 20 20 20 20 20 20  3c 69 6e 70 75 74 0a 20
20 20 20 20 20 20 20 20  20 20 20 20 20 20 20 63
6c 61 73 73 4e 61 6d 65  3d 22 66 64 72 61 67 2d
69 6e 73 74 72 22 0a 20  20 20 20 20 20 20 20 20
20 20 20 20 20 20 20 76  61 6c 75 65 3d 7b 66 49
6e 73 74 72 7d 0a 20 20  20 20 20 20 20 20 20 20
20 20 20 20 20 20 6f 6e  43 68 61 6e 67 65 3d 7b
28 65 29 20 3d 3e 20 73  65 74 46 49 6e 73 74 72
28 65 2e 74 61 72 67 65  74 2e 76 61 6c 75 65 29
7d 0a 20 20 20 20 20 20  20 20 20 20 20 20 20 20
20 20 6f 6e 4b 65 79 44  6f 77 6e 3d 7b 28 65 29
20 3d 3e 20 7b 0a 20 20  20 20 20 20 20 20 20 20
20 20 20 20 20 20 20 20  69 66 20 28 65 2e 6b 65
79 20 3d 3d 3d 20 22 45  6e 74 65 72 22 29 20 61
70 70 6c 79 56 69 73 75  61 6c 45 64 69 74 28 29
3b 0a 20 20 20 20 20 20  20 20 20 20 20 20 20 20
20 20 7d 7d 0a 20 20 20  20 20 20 20 20 20 20 20
20 20 20 20 20 70 6c 61  63 65 68 6f 6c 64 65 72
3d 22 69 6e 73 74 72 75  6b 73 69 20 62 65 62 61
73 3a 20 75 62 61 68 20  77 61 72 6e 61 20 6a 61
64 69 20 6d 65 72 61 68  e2 80 a6 22 0a 20 20 20
20 20 20 20 20 20 20 20  20 20 20 2f 3e 0a 20 20
20 20 20 20 20 20 20 20  20 20 20 20 3c 62 75 74
74 6f 6e 20 63 6c 61 73  73 4e 61 6d 65 3d 22 66
64 72 61 67 2d 63 61 6e  63 65 6c 22 20 6f 6e 43
6c 69 63 6b 3d 7b 63 6c  65 61 72 46 53 65 6c 7d
3e 0a 20 20 20 20 20 20  20 20 20 20 20 20 20 20
20 20 42 61 74 61 6c 0a  20 20 20 20 20 20 20 20
20 20 20 20 20 20 3c 2f  62 75 74 74 6f 6e 3e 0a
20 20 20 20 20 20 20 20  20 20 20 20 20 20 3c 62
75 74 74 6f 6e 0a 20 20  20 20 20 20 20 20 20 20
20 20 20 20 20 20 63 6c  61 73 73 4e 61 6d 65 3d
22 66 64 72 61 67 2d 61  70 70 6c 79 22 0a 20 20
20 20 20 20 20 20 20 20  20 20 20 20 20 20 64 69
73 61 62 6c 65 64 3d 7b  0a 20 20 20 20 20 20 20
20 20 20 20 20 20 20 20  20 20 20 21 21 64 72 61
67 53 74 61 74 75 73 20  7c 7c 0a 20 20 20 20 20
20 20 20 20 20 20 20 20  20 20 20 20 20 28 21 66
49 6e 73 74 72 2e 74 72  69 6d 28 29 20 26 26 0a
20 20 20 20 20 20 20 20  20 20 20 20 20 20 20 20
20 20 20 20 21 68 61 73  53 69 7a 65 4f 70 73 20
26 26 0a 20 20 20 20 20  20 20 20 20 20 20 20 20
20 20 20 20 20 20 20 21  28 0a 20 20 20 20 20 20
20 20 20 20 20 20 20 20  20 20 20 20 20 20 20 20
66 44 65 6c 74 61 20 26  26 0a 20 20 20 20 20 20
20 20 20 20 20 20 20 20  20 20 20 20 20 20 20 20
28 4d 61 74 68 2e 61 62  73 28 66 44 65 6c 74 61
2e 64 78 29 20 3e 3d 20  34 20 7c 7c 20 4d 61 74
68 2e 61 62 73 28 66 44  65 6c 74 61 2e 64 79 29
20 3e 3d 20 34 29 0a 20  20 20 20 20 20 20 20 20
20 20 20 20 20 20 20 20  20 20 20 29 29 0a 20 20
20 20 20 20 20 20 20 20  20 20 20 20 20 20 7d 0a
20 20 20 20 20 20 20 20  20 20 20 20 20 20 20 20
6f 6e 43 6c 69 63 6b 3d  7b 61 70 70 6c 79 56 69
73 75 61 6c 45 64 69 74  7d 0a 20 20 20 20 20 20
20 20 20 20 20 20 20 20  3e 0a 20 20 20 20 20 20
20 20 20 20 20 20 20 20  20 20 7b 64 72 61 67 53
74 61 74 75 73 20 3f 20  28 0a 20 20 20 20 20 20
20 20 20 20 20 20 20 20  20 20 20 20 3c 3e 0a 20
20 20 20 20 20 20 20 20  20 20 20 20 20 20 20 20
20 20 20 3c 73 70 61 6e  20 63 6c 61 73 73 4e 61
6d 65 3d 22 64 72 61 67  2d 73 70 69 6e 22 20 2f
3e 20 7b 64 72 61 67 53  74 61 74 75 73 7d 0a 20
20 20 20 20 20 20 20 20  20 20 20 20 20 20 20 20
20 3c 2f 3e 0a 20 20 20  20 20 20 20 20 20 20 20
20 20 20 20 20 29 20 3a  20 28 0a 20 20 20 20 20
20 20 20 20 20 20 20 20  20 20 20 20 20 22 54 65
72 61 70 6b 61 6e 22 0a  20 20 20 20 20 20 20 20
20 20 20 20 20 20 20 20  29 7d 0a 20 20 20 20 20
20 20 20 20 20 20 20 20  20 3c 2f 62 75 74 74 6f
6e 3e 0a 20 20 20 20 20  20 20 20 20 20 20 20 3c
2f 3e 0a 20 20 20 20 20  20 20 20 20 20 29 20 3a
20 28 0a 20 20 20 20 20  20 20 20 20 20 20 20 3c
3e 0a 20 20 20 20 20 20  20 20 20 20 20 20 20 20
3c 73 76 67 0a 20 20 20  20 20 20 20 20 20 20 20
20 20 20 20 20 76 69 65  77 42 6f 78 3d 22 30 20
30 20 31 36 20 31 36 22  0a 20 20 20 20 20 20 20
20 20 20 20 20 20 20 20  20 77 69 64 74 68 3d 22
31 33 22 0a 20 20 20 20  20 20 20 20 20 20 20 20
20 20 20 20 68 65 69 67  68 74 3d 22 31 33 22 0a
20 20 20 20 20 20 20 20  20 20 20 20 20 20 20 20
66 69 6c 6c 3d 22 6e 6f  6e 65 22 0a 20 20 20 20
20 20 20 20 20 20 20 20  20 20 20 20 73 74 72 6f
6b 65 3d 22 63 75 72 72  65 6e 74 43 6f 6c 6f 72
22 0a 20 20 20 20 20 20  20 20 20 20 20 20 20 20
20 20 73 74 72 6f 6b 65  57 69 64 74 68 3d 22 31
2e 35 22 0a 20 20 20 20  20 20 20 20 20 20 20 20
20 20 20 20 73 74 79 6c  65 3d 7b 7b 20 66 6c 65
78 53 68 72 69 6e 6b 3a  20 30 20 7d 7d 0a 20 20
20 20 20 20 20 20 20 20  20 20 20 20 3e 0a 20 20
20 20 20 20 20 20 20 20  20 20 20 20 20 20 3c 70
61 74 68 20 64 3d 22 4d  33 20 33 6c 34 20 31 2d
31 20 34 20 32 2d 32 20  34 20 34 2d 31 2e 35 20
31 2e 35 2d 34 2d 34 2d  32 20 32 20 31 2d 34 7a
22 20 2f 3e 0a 20 20 20  20 20 20 20 20 20 20 20
20 20 20 20 20 3c 70 61  74 68 20 64 3d 22 4d 31
30 20 32 6c 34 20 34 22  20 2f 3e 0a 20 20 20 20
20 20 20 20 20 20 20 20  20 20 3c 2f 73 76 67 3e
0a 20 20 20 20 20 20 20  20 20 20 20 20 20 20 4b
6c 69 6b 20 77 69 64 67  65 74 20 64 69 20 70 72
65 76 69 65 77 20 75 6e  74 75 6b 20 6d 65 6d 69
6c 69 68 20 e2 80 94 20  6c 61 6c 75 20 61 74 75
72 20 75 6b 75 72 61 6e  20 61 74 61 75 20 73 65
72 65 74 0a 20 20 20 20  20 20 20 20 20 20 20 20
3c 2f 3e 0a 20 20 20 20  20 20 20 20 20 20 29 7d
0a 20 20 20 20 20 20 20  20 3c 2f 64 69 76 3e 0a
20 20 20 20 20 20 29 7d  0a 0a 20 20 20 20 20 20
7b 2f 2a 20 46 6c 75 74  74 65 72 20 73 69 7a 65
2f 73 70 61 63 69 6e 67  20 70 61 6e 65 6c 20 e2
80 94 20 66 69 6c 6c 73  20 74 68 65 20 67 61 70
20 77 68 65 72 65 20 48  54 4d 4c 20 77 6f 75 6c
64 20 75 73 65 20 43 53  53 20 72 65 73 69 7a 65
20 2a 2f 7d 0a 20 20 20  20 20 20 7b 69 73 46 6c
75 74 74 65 72 20 26 26  20 64 72 61 67 4d 6f 64
65 20 26 26 20 21 63 6f  6d 70 69 6c 69 6e 67 20
26 26 20 66 53 65 6c 20  26 26 20 28 0a 20 20 20
20 20 20 20 20 3c 64 69  76 20 63 6c 61 73 73 4e
61 6d 65 3d 22 66 73 69  7a 65 2d 70 61 6e 65 6c
22 3e 0a 20 20 20 20 20  20 20 20 20 20 7b 5b 0a
20 20 20 20 20 20 20 20  20 20 20 20 7b 20 6b 65
79 3a 20 22 77 69 64 74  68 22 2c 20 6c 61 62 65
6c 3a 20 22 4c 65 62 61  72 22 2c 20 73 74 65 70
3a 20 32 30 20 7d 2c 0a  20 20 20 20 20 20 20 20
20 20 20 20 7b 20 6b 65  79 3a 20 22 68 65 69 67
68 74 22 2c 20 6c 61 62  65 6c 3a 20 22 54 69 6e
67 67 69 22 2c 20 73 74  65 70 3a 20 32 30 20 7d
2c 0a 20 20 20 20 20 20  20 20 20 20 20 20 7b 20
6b 65 79 3a 20 22 70 61  64 64 69 6e 67 22 2c 20
6c 61 62 65 6c 3a 20 22  50 61 64 64 69 6e 67 22
2c 20 73 74 65 70 3a 20  38 20 7d 2c 0a 20 20 20
20 20 20 20 20 20 20 20  20 7b 20 6b 65 79 3a 20
22 66 6f 6e 74 22 2c 20  6c 61 62 65 6c 3a 20 22
46 6f 6e 74 22 2c 20 73  74 65 70 3a 20 32 20 7d
2c 0a 20 20 20 20 20 20  20 20 20 20 20 20 7b 20
6b 65 79 3a 20 22 72 61  64 69 75 73 22 2c 20 6c
61 62 65 6c 3a 20 22 53  75 64 75 74 22 2c 20 73
74 65 70 3a 20 34 20 7d  2c 0a 20 20 20 20 20 20
20 20 20 20 5d 2e 6d 61  70 28 28 64 29 20 3d 3e
20 28 0a 20 20 20 20 20  20 20 20 20 20 20 20 3c
64 69 76 20 6b 65 79 3d  7b 64 2e 6b 65 79 7d 20
63 6c 61 73 73 4e 61 6d  65 3d 22 66 73 69 7a 65
2d 72 6f 77 22 3e 0a 20  20 20 20 20 20 20 20 20
20 20 20 20 20 3c 73 70  61 6e 20 63 6c 61 73 73
4e 61 6d 65 3d 22 66 73  69 7a 65 2d 6c 61 62 65
6c 22 3e 7b 64 2e 6c 61  62 65 6c 7d 3c 2f 73 70
61 6e 3e 0a 20 20 20 20  20 20 20 20 20 20 20 20
20 20 3c 62 75 74 74 6f  6e 0a 20 20 20 20 20 20
20 20 20 20 20 20 20 20  20 20 63 6c 61 73 73 4e
61 6d 65 3d 22 66 73 69  7a 65 2d 62 74 6e 22 0a
20 20 20 20 20 20 20 20  20 20 20 20 20 20 20 20
6f 6e 43 6c 69 63 6b 3d  7b 28 29 20 3d 3e 20 62
75 6d 70 53 69 7a 65 28  64 2e 6b 65 79 2c 20 2d
64 2e 73 74 65 70 29 7d  0a 20 20 20 20 20 20 20
20 20 20 20 20 20 20 3e  0a 20 20 20 20 20 20 20
20 20 20 20 20 20 20 20  20 e2 88 92 0a 20 20 20
20 20 20 20 20 20 20 20  20 20 20 3c 2f 62 75 74
74 6f 6e 3e 0a 20 20 20  20 20 20 20 20 20 20 20
20 20 20 3c 73 70 61 6e  20 63 6c 61 73 73 4e 61
6d 65 3d 7b 22 66 73 69  7a 65 2d 76 61 6c 22 20
2b 20 28 73 69 7a 65 4f  70 73 5b 64 2e 6b 65 79
5d 20 3f 20 22 20 6f 6e  22 20 3a 20 22 22 29 7d
3e 0a 20 20 20 20 20 20  20 20 20 20 20 20 20 20
20 20 7b 73 69 7a 65 4f  70 73 5b 64 2e 6b 65 79
5d 0a 20 20 20 20 20 20  20 20 20 20 20 20 20 20
20 20 20 20 3f 20 28 73  69 7a 65 4f 70 73 5b 64
2e 6b 65 79 5d 20 3e 20  30 20 3f 20 22 2b 22 20
3a 20 22 22 29 20 2b 20  73 69 7a 65 4f 70 73 5b
64 2e 6b 65 79 5d 0a 20  20 20 20 20 20 20 20 20
20 20 20 20 20 20 20 20  20 3a 20 22 c2 b7 22 7d
0a 20 20 20 20 20 20 20  20 20 20 20 20 20 20 3c
2f 73 70 61 6e 3e 0a 20  20 20 20 20 20 20 20 20
20 20 20 20 20 3c 62 75  74 74 6f 6e 0a 20 20 20
20 20 20 20 20 20 20 20  20 20 20 20 20 63 6c 61
73 73 4e 61 6d 65 3d 22  66 73 69 7a 65 2d 62 74
6e 22 0a 20 20 20 20 20  20 20 20 20 20 20 20 20
20 20 20 6f 6e 43 6c 69  63 6b 3d 7b 28 29 20 3d
3e 20 62 75 6d 70 53 69  7a 65 28 64 2e 6b 65 79
2c 20 64 2e 73 74 65 70  29 7d 0a 20 20 20 20 20
20 20 20 20 20 20 20 20  20 3e 0a 20 20 20 20 20
20 20 20 20 20 20 20 20  20 20 20 2b 0a 20 20 20
20 20 20 20 20 20 20 20  20 20 20 3c 2f 62 75 74
74 6f 6e 3e 0a 20 20 20  20 20 20 20 20 20 20 20
20 3c 2f 64 69 76 3e 0a  20 20 20 20 20 20 20 20
20 20 29 29 7d 0a 20 20  20 20 20 20 20 20 3c 2f
64 69 76 3e 0a 20 20 20  20 20 20 29 7d 0a 0a 20
20 20 20 20 20 3c 64 69  76 20 63 6c 61 73 73 4e
61 6d 65 3d 22 63 61 6e  76 61 73 2d 62 6f 64 79
22 3e 0a 20 20 20 20 20  20 20 20 7b 74 61 62 20
3d 3d 3d 20 22 70 72 65  76 69 65 77 22 20 3f 20
28 0a 20 20 20 20 20 20  20 20 20 20 69 73 46 6c
75 74 74 65 72 20 26 26  20 66 6c 75 74 74 65 72
55 72 6c 20 3f 20 28 0a  20 20 20 20 20 20 20 20
20 20 20 20 3c 69 66 72  61 6d 65 0a 20 20 20 20
20 20 20 20 20 20 20 20  20 20 6b 65 79 3d 7b 6e
6f 6e 63 65 7d 0a 20 20  20 20 20 20 20 20 20 20
20 20 20 20 72 65 66 3d  7b 69 66 72 61 6d 65 52
65 66 7d 0a 20 20 20 20  20 20 20 20 20 20 20 20
20 20 63 6c 61 73 73 4e  61 6d 65 3d 22 63 61 6e
76 61 73 2d 66 72 61 6d  65 22 0a 20 20 20 20 20
20 20 20 20 20 20 20 20  20 73 72 63 3d 7b 66 6c
75 74 74 65 72 55 72 6c  7d 0a 20 20 20 20 20 20
20 20 20 20 20 20 20 20  73 61 6e 64 62 6f 78 3d
22 61 6c 6c 6f 77 2d 73  63 72 69 70 74 73 20 61
6c 6c 6f 77 2d 73 61 6d  65 2d 6f 72 69 67 69 6e
20 61 6c 6c 6f 77 2d 66  6f 72 6d 73 20 61 6c 6c
6f 77 2d 70 6f 70 75 70  73 20 61 6c 6c 6f 77 2d
64 6f 77 6e 6c 6f 61 64  73 22 0a 20 20 20 20 20
20 20 20 20 20 20 20 20  20 74 69 74 6c 65 3d 22
70 72 65 76 69 65 77 22  0a 20 20 20 20 20 20 20
20 20 20 20 20 20 20 6f  6e 4c 6f 61 64 3d 7b 73
65 74 75 70 46 6c 75 74  74 65 72 46 72 61 6d 65
7d 0a 20 20 20 20 20 20  20 20 20 20 20 20 2f 3e
0a 20 20 20 20 20 20 20  20 20 20 29 20 3a 20 28
0a 20 20 20 20 20 20 20  20 20 20 20 20 3c 69 66
72 61 6d 65 0a 20 20 20  20 20 20 20 20 20 20 20
20 20 20 6b 65 79 3d 7b  6e 6f 6e 63 65 7d 0a 20
20 20 20 20 20 20 20 20  20 20 20 20 20 72 65 66
3d 7b 69 66 72 61 6d 65  52 65 66 7d 0a 20 20 20
20 20 20 20 20 20 20 20  20 20 20 63 6c 61 73 73
4e 61 6d 65 3d 22 63 61  6e 76 61 73 2d 66 72 61
6d 65 22 0a 20 20 20 20  20 20 20 20 20 20 20 20
20 20 73 61 6e 64 62 6f  78 3d 7b 0a 20 20 20 20
20 20 20 20 20 20 20 20  20 20 20 20 69 73 46 6c
75 74 74 65 72 0a 20 20  20 20 20 20 20 20 20 20
20 20 20 20 20 20 20 20  3f 20 22 61 6c 6c 6f 77
2d 73 63 72 69 70 74 73  20 61 6c 6c 6f 77 2d 73
61 6d 65 2d 6f 72 69 67  69 6e 20 61 6c 6c 6f 77
2d 70 6f 70 75 70 73 20  61 6c 6c 6f 77 2d 64 6f
77 6e 6c 6f 61 64 73 22  0a 20 20 20 20 20 20 20
20 20 20 20 20 20 20 20  20 20 20 3a 20 22 61 6c
6c 6f 77 2d 73 63 72 69  70 74 73 20 61 6c 6c 6f
77 2d 6d 6f 64 61 6c 73  20 61 6c 6c 6f 77 2d 66
6f 72 6d 73 20 61 6c 6c  6f 77 2d 70 6f 70 75 70
73 22 0a 20 20 20 20 20  20 20 20 20 20 20 20 20
20 7d 0a 20 20 20 20 20  20 20 20 20 20 20 20 20
20 73 72 63 44 6f 63 3d  7b 69 66 72 61 6d 65 44
6f 63 7d 0a 20 20 20 20  20 20 20 20 20 20 20 20
20 20 74 69 74 6c 65 3d  22 70 72 65 76 69 65 77
22 0a 20 20 20 20 20 20  20 20 20 20 20 20 2f 3e
0a 20 20 20 20 20 20 20  20 20 20 29 0a 20 20 20
20 20 20 20 20 29 20 3a  20 66 69 6c 65 73 20 26
26 20 66 69 6c 65 73 2e  6c 65 6e 67 74 68 20 3f
20 28 0a 20 20 20 20 20  20 20 20 20 20 3c 43 6f
64 65 45 78 70 6c 6f 72  65 72 20 66 69 6c 65 73
3d 7b 66 69 6c 65 73 7d  20 6f 6e 45 64 69 74 3d
7b 6f 6e 46 69 6c 65 45  64 69 74 7d 20 2f 3e 0a
20 20 20 20 20 20 20 20  29 20 3a 20 28 0a 20 20
20 20 20 20 20 20 20 20  3c 74 65 78 74 61 72 65
61 0a 20 20 20 20 20 20  20 20 20 20 20 20 63 6c
61 73 73 4e 61 6d 65 3d  22 63 61 6e 76 61 73 2d
63 6f 64 65 22 0a 20 20  20 20 20 20 20 20 20 20
20 20 76 61 6c 75 65 3d  7b 64 6f 63 7d 0a 20 20
20 20 20 20 20 20 20 20  20 20 73 70 65 6c 6c 43
68 65 63 6b 3d 7b 66 61  6c 73 65 7d 0a 20 20 20
20 20 20 20 20 20 20 20  20 6f 6e 43 68 61 6e 67
65 3d 7b 28 65 29 20 3d  3e 20 73 65 74 44 6f 63
28 65 2e 74 61 72 67 65  74 2e 76 61 6c 75 65 29
7d 0a 20 20 20 20 20 20  20 20 20 20 2f 3e 0a 20
20 20 20 20 20 20 20 29  7d 0a 20 20 20 20 20 20
3c 2f 64 69 76 3e 0a 20  20 20 20 20 20 7b 73 68
6f 77 53 44 4b 49 6e 66  6f 20 26 26 20 3c 46 6c
75 74 74 65 72 53 44 4b  49 6e 66 6f 20 69 73 46
6c 75 74 74 65 72 3d 7b  69 73 46 6c 75 74 74 65
72 7d 20 2f 3e 7d 0a 20  20 20 20 20 20 3c 64 69
76 20 63 6c 61 73 73 4e  61 6d 65 3d 22 63 61 6e
76 61 73 2d 66 6f 6f 74  22 3e 0a 20 20 20 20 20
20 20 20 7b 69 73 46 6c  75 74 74 65 72 20 3f 20
28 0a 20 20 20 20 20 20  20 20 20 20 3c 73 70 61
6e 20 63 6c 61 73 73 4e  61 6d 65 3d 22 76 65 72
64 69 63 74 2d 6d 69 6e  69 22 20 73 74 79 6c 65
3d 7b 7b 20 63 6f 6c 6f  72 3a 20 22 23 35 34 63
35 66 38 22 20 7d 7d 3e  0a 20 20 20 20 20 20 20
20 20 20 20 20 46 6c 75  74 74 65 72 20 c2 b7 20
53 44 4b 20 6c 6f 6b 61  6c 0a 20 20 20 20 20 20
20 20 20 20 3c 2f 73 70  61 6e 3e 0a 20 20 20 20
20 20 20 20 29 20 3a 20  72 75 6e 20 3f 20 28 0a
20 20 20 20 20 20 20 20  20 20 3c 73 70 61 6e 20
63 6c 61 73 73 4e 61 6d  65 3d 7b 22 76 65 72 64
69 63 74 2d 6d 69 6e 69  20 22 20 2b 20 28 72 75
6e 2e 6f 6b 20 3f 20 22  6f 6b 22 20 3a 20 22 62
61 64 22 29 7d 3e 0a 20  20 20 20 20 20 20 20 20
20 20 20 7b 72 75 6e 2e  6f 6b 20 3f 20 22 e2 9c
93 20 6c 6f 67 69 6b 61  20 74 65 72 76 65 72 69
66 69 6b 61 73 69 22 20  3a 20 22 e2 9a a0 20 62
65 6c 75 6d 20 6c 6f 6c  6f 73 22 7d 0a 20 20 20
20 20 20 20 20 20 20 3c  2f 73 70 61 6e 3e 0a 20
20 20 20 20 20 20 20 29  20 3a 20 28 0a 20 20 20
20 20 20 20 20 20 20 3c  73 70 61 6e 20 63 6c 61
73 73 4e 61 6d 65 3d 22  76 65 72 64 69 63 74 2d
6d 69 6e 69 22 3e e2 97  8f 20 6c 69 76 65 20 70
72 65 76 69 65 77 3c 2f  73 70 61 6e 3e 0a 20 20
20 20 20 20 20 20 29 7d  0a 20 20 20 20 20 20 20
20 7b 21 69 73 46 6c 75  74 74 65 72 20 26 26 20
71 20 3f 20 28 0a 20 20  20 20 20 20 20 20 20 20
3c 73 70 61 6e 0a 20 20  20 20 20 20 20 20 20 20
20 20 63 6c 61 73 73 4e  61 6d 65 3d 7b 0a 20 20
20 20 20 20 20 20 20 20  20 20 20 20 22 71 2d 6d
69 6e 69 20 22 20 2b 0a  20 20 20 20 20 20 20 20
20 20 20 20 20 20 28 71  2e 73 63 6f 72 65 20 3e
3d 20 38 35 20 3f 20 22  71 2d 68 69 22 20 3a 20
71 2e 73 63 6f 72 65 20  3e 3d 20 36 30 20 3f 20
22 71 2d 6d 69 64 22 20  3a 20 22 71 2d 6c 6f 22
29 0a 20 20 20 20 20 20  20 20 20 20 20 20 7d 0a
20 20 20 20 20 20 20 20  20 20 3e 0a 20 20 20 20
20 20 20 20 20 20 20 20  6b 75 61 6c 69 74 61 73
20 7b 71 2e 73 63 6f 72  65 7d 0a 20 20 20 20 20
20 20 20 20 20 3c 2f 73  70 61 6e 3e 0a 20 20 20
20 20 20 20 20 29 20 3a  20 6e 75 6c 6c 7d 0a 20
20 20 20 20 20 20 20 3c  73 70 61 6e 20 63 6c 61
73 73 4e 61 6d 65 3d 22  74 62 2d 73 70 61 63 65
72 22 20 2f 3e 0a 20 20  20 20 20 20 20 20 3c 73
70 61 6e 20 63 6c 61 73  73 4e 61 6d 65 3d 22 63
61 6e 76 61 73 2d 68 69  6e 74 22 3e 0a 20 20 20
20 20 20 20 20 20 20 7b  69 73 46 6c 75 74 74 65
72 0a 20 20 20 20 20 20  20 20 20 20 20 20 3f 20
22 65 64 69 74 20 6c 69  62 2f 6d 61 69 6e 2e 64
61 72 74 20 64 69 20 74  61 62 20 43 6f 64 65 20
e2 86 92 20 e2 86 bb 20  63 6f 6d 70 69 6c 65 20
75 6c 61 6e 67 22 0a 20  20 20 20 20 20 20 20 20
20 20 20 3a 20 22 6f 75  74 70 75 74 20 65 6b 73
65 6b 75 73 69 22 7d 0a  20 20 20 20 20 20 20 20
3c 2f 73 70 61 6e 3e 0a  20 20 20 20 20 20 3c 2f
64 69 76 3e 0a 20 20 20  20 3c 2f 64 69 76 3e 0a
20 20 29 3b 0a 7d 0a 0a  2f 2f 20 45 6d 62 65 64
64 65 64 20 46 6c 75 74  74 65 72 20 53 74 75 64
69 6f 3a 20 74 68 65 20  57 65 62 20 44 65 76 20
77 6f 72 6b 73 70 61 63  65 20 69 73 20 74 68 65
20 2f 73 74 75 64 69 6f  20 46 6c 75 74 74 65 72
20 61 70 70 2e 0a 2f 2f  20 57 65 20 6a 75 73 74
20 68 6f 73 74 20 69 74  73 20 69 66 72 61 6d 65
20 61 6e 64 20 70 75 73  68 20 74 68 65 20 67 65
6e 65 72 61 74 65 64 20  44 61 72 74 20 73 6f 75
72 63 65 20 69 6e 20 76  69 61 20 70 6f 73 74 4d
65 73 73 61 67 65 2e 0a  66 75 6e 63 74 69 6f 6e
20 53 74 75 64 69 6f 46  72 61 6d 65 28 7b 20 73
6f 75 72 63 65 2c 20 6f  6e 43 6c 6f 73 65 20 7d
29 20 7b 0a 20 20 63 6f  6e 73 74 20 72 65 66 20
3d 20 75 73 65 52 65 66  28 6e 75 6c 6c 29 3b 0a
20 20 63 6f 6e 73 74 20  73 72 63 52 65 66 20 3d
20 75 73 65 52 65 66 28  73 6f 75 72 63 65 29 3b
0a 20 20 63 6f 6e 73 74  20 62 75 73 74 20 3d 20
75 73 65 52 65 66 28 22  2f 73 74 75 64 69 6f 2f
3f 76 3d 22 20 2b 20 44  61 74 65 2e 6e 6f 77 28
29 29 3b 20 2f 2f 20 63  61 63 68 65 2d 62 75 73
74 20 73 6f 20 45 6c 65  63 74 72 6f 6e 20 6e 65
76 65 72 20 73 65 72 76  65 73 20 61 20 73 74 61
6c 65 20 73 74 75 64 69  6f 20 62 75 69 6c 64 0a
20 20 63 6f 6e 73 74 20  62 65 61 63 6f 6e 20 3d
20 28 6d 2c 20 6e 29 20  3d 3e 20 7b 0a 20 20 20
20 74 72 79 20 7b 0a 20  20 20 20 20 20 66 65 74
63 68 28 0a 20 20 20 20  20 20 20 20 22 2f 64 62
67 3f 73 72 63 3d 72 65  61 63 74 26 6d 3d 22 20
2b 0a 20 20 20 20 20 20  20 20 20 20 65 6e 63 6f
64 65 55 52 49 43 6f 6d  70 6f 6e 65 6e 74 28 6d
29 20 2b 0a 20 20 20 20  20 20 20 20 20 20 28 6e
20 21 3d 20 6e 75 6c 6c  20 3f 20 22 26 6e 3d 22
20 2b 20 6e 20 3a 20 22  22 29 2c 0a 20 20 20 20
20 20 29 3b 0a 20 20 20  20 7d 20 63 61 74 63 68
20 28 5f 29 20 7b 7d 0a  20 20 7d 3b 0a 20 20 63
6f 6e 73 74 20 73 65 6e  64 20 3d 20 75 73 65 43
61 6c 6c 62 61 63 6b 28  28 29 20 3d 3e 20 7b 0a
20 20 20 20 74 72 79 20  7b 0a 20 20 20 20 20 20
69 66 20 28 73 72 63 52  65 66 2e 63 75 72 72 65
6e 74 29 20 7b 0a 20 20  20 20 20 20 20 20 72 65
66 2e 63 75 72 72 65 6e  74 2e 63 6f 6e 74 65 6e
74 57 69 6e 64 6f 77 2e  70 6f 73 74 4d 65 73 73
61 67 65 28 0a 20 20 20  20 20 20 20 20 20 20 7b
20 71 75 61 6e 74 75 6d  53 6f 75 72 63 65 3a 20
73 72 63 52 65 66 2e 63  75 72 72 65 6e 74 2c 20
71 75 61 6e 74 75 6d 55  69 3a 20 73 72 63 52 65
66 2e 63 75 72 72 65 6e  74 20 7d 2c 0a 20 20 20
20 20 20 20 20 20 20 22  2a 22 2c 0a 20 20 20 20
20 20 20 20 29 3b 0a 20  20 20 20 20 20 20 20 62
65 61 63 6f 6e 28 22 73  65 6e 74 20 73 6f 75 72
63 65 22 2c 20 73 72 63  52 65 66 2e 63 75 72 72
65 6e 74 2e 6c 65 6e 67  74 68 29 3b 0a 20 20 20
20 20 20 7d 0a 20 20 20  20 7d 20 63 61 74 63 68
20 28 5f 29 20 7b 7d 0a  20 20 7d 2c 20 5b 5d 29
3b 0a 20 20 2f 2f 20 6b  65 65 70 20 6c 61 74 65
73 74 20 73 6f 75 72 63  65 20 61 6e 64 20 70 75
73 68 20 69 74 2e 20 54  68 65 20 73 74 75 64 69
6f 20 69 66 72 61 6d 65  20 6e 65 65 64 73 20 7e
31 2d 32 73 20 74 6f 20  62 6f 6f 74 20 62 65 66
6f 72 65 0a 20 20 2f 2f  20 69 74 73 20 6d 65 73
73 61 67 65 20 6c 69 73  74 65 6e 65 72 20 65 78
69 73 74 73 2c 20 73 6f  20 72 65 74 72 79 20 66
6f 72 20 61 20 66 65 77  20 73 65 63 6f 6e 64 73
20 28 73 74 75 64 69 6f  20 64 65 64 75 70 65 73
29 2e 0a 20 20 75 73 65  45 66 66 65 63 74 28 28
29 20 3d 3e 20 7b 0a 20  20 20 20 73 72 63 52 65
66 2e 63 75 72 72 65 6e  74 20 3d 20 73 6f 75 72
63 65 3b 0a 20 20 20 20  69 66 20 28 21 73 6f 75
72 63 65 29 20 72 65 74  75 72 6e 3b 0a 20 20 20
20 73 65 6e 64 28 29 3b  0a 20 20 20 20 6c 65 74
20 6e 20 3d 20 30 3b 0a  20 20 20 20 63 6f 6e 73
74 20 69 76 20 3d 20 73  65 74 49 6e 74 65 72 76
61 6c 28 28 29 20 3d 3e  20 7b 0a 20 20 20 20 20
20 73 65 6e 64 28 29 3b  0a 20 20 20 20 20 20 69
66 20 28 2b 2b 6e 20 3e  3d 20 38 29 20 63 6c 65
61 72 49 6e 74 65 72 76  61 6c 28 69 76 29 3b 0a
20 20 20 20 7d 2c 20 34  30 30 29 3b 0a 20 20 20
20 72 65 74 75 72 6e 20  28 29 20 3d 3e 20 63 6c
65 61 72 49 6e 74 65 72  76 61 6c 28 69 76 29 3b
0a 20 20 7d 2c 20 5b 73  6f 75 72 63 65 2c 20 73
65 6e 64 5d 29 3b 0a 20  20 2f 2f 20 73 74 75 64
69 6f 20 61 6e 6e 6f 75  6e 63 65 73 20 72 65 61
64 69 6e 65 73 73 20 41  46 54 45 52 20 69 74 73
20 46 6c 75 74 74 65 72  20 61 70 70 20 62 6f 6f
74 73 20 e2 80 94 20 28  72 65 29 73 65 6e 64 20
74 68 65 6e 0a 20 20 75  73 65 45 66 66 65 63 74
28 28 29 20 3d 3e 20 7b  0a 20 20 20 20 63 6f 6e
73 74 20 6f 6e 4d 73 67  20 3d 20 28 65 29 20 3d
3e 20 7b 0a 20 20 20 20  20 20 69 66 20 28 65 2e
64 61 74 61 20 26 26 20  65 2e 64 61 74 61 2e 71
75 61 6e 74 75 6d 53 74  75 64 69 6f 52 65 61 64
79 29 20 7b 0a 20 20 20  20 20 20 20 20 62 65 61
63 6f 6e 28 22 67 6f 74  20 73 74 75 64 69 6f 20
72 65 61 64 79 22 29 3b  0a 20 20 20 20 20 20 20
20 73 65 6e 64 28 29 3b  0a 20 20 20 20 20 20 7d
0a 20 20 20 20 7d 3b 0a  20 20 20 20 77 69 6e 64
6f 77 2e 61 64 64 45 76  65 6e 74 4c 69 73 74 65
6e 65 72 28 22 6d 65 73  73 61 67 65 22 2c 20 6f
6e 4d 73 67 29 3b 0a 20  20 20 20 72 65 74 75 72
6e 20 28 29 20 3d 3e 20  77 69 6e 64 6f 77 2e 72
65 6d 6f 76 65 45 76 65  6e 74 4c 69 73 74 65 6e
65 72 28 22 6d 65 73 73  61 67 65 22 2c 20 6f 6e
4d 73 67 29 3b 0a 20 20  7d 2c 20 5b 73 65 6e 64
5d 29 3b 0a 20 20 72 65  74 75 72 6e 20 28 0a 20
20 20 20 3c 64 69 76 20  63 6c 61 73 73 4e 61 6d
65 3d 22 63 61 6e 76 61  73 22 3e 0a 20 20 20 20
20 20 3c 69 66 72 61 6d  65 0a 20 20 20 20 20 20
20 20 72 65 66 3d 7b 72  65 66 7d 0a 20 20 20 20
20 20 20 20 73 72 63 3d  7b 62 75 73 74 2e 63 75
72 72 65 6e 74 7d 0a 20  20 20 20 20 20 20 20 74
69 74 6c 65 3d 22 51 75  61 6e 74 75 6d 20 53 74
75 64 69 6f 22 0a 20 20  20 20 20 20 20 20 63 6c
61 73 73 4e 61 6d 65 3d  22 63 61 6e 76 61 73 2d
66 72 61 6d 65 20 73 74  75 64 69 6f 2d 66 72 61
6d 65 22 0a 20 20 20 20  20 20 20 20 73 61 6e 64
62 6f 78 3d 22 61 6c 6c  6f 77 2d 73 63 72 69 70
74 73 20 61 6c 6c 6f 77  2d 73 61 6d 65 2d 6f 72
69 67 69 6e 20 61 6c 6c  6f 77 2d 66 6f 72 6d 73
20 61 6c 6c 6f 77 2d 70  6f 70 75 70 73 20 61 6c
6c 6f 77 2d 64 6f 77 6e  6c 6f 61 64 73 22 0a 20
20 20 20 20 20 20 20 6f  6e 4c 6f 61 64 3d 7b 73
65 6e 64 7d 0a 20 20 20  20 20 20 2f 3e 0a 20 20
20 20 20 20 3c 62 75 74  74 6f 6e 20 63 6c 61 73
73 4e 61 6d 65 3d 22 73  74 75 64 69 6f 2d 63 6c
6f 73 65 22 20 74 69 74  6c 65 3d 22 54 75 74 75
70 20 53 74 75 64 69 6f  22 20 6f 6e 43 6c 69 63
6b 3d 7b 6f 6e 43 6c 6f  73 65 7d 3e 0a 20 20 20
20 20 20 20 20 e2 9c 95  0a 20 20 20 20 20 20 3c
2f 62 75 74 74 6f 6e 3e  0a 20 20 20 20 3c 2f 64
69 76 3e 0a 20 20 29 3b  0a 7d 0a 0a 2f 2a 20 2d
2d 2d 2d 2d 2d 2d 2d 2d  2d 2d 2d 2d 2d 2d 2d 2d
2d 2d 2d 2d 2d 2d 2d 2d  2d 2d 2d 2d 20 53 69 64
65 62 61 72 20 28 43 6c  61 75 64 65 2d 73 74 79
6c 65 29 20 2d 2d 2d 2d  2d 2d 2d 2d 2d 2d 2d 2d
2d 2d 2d 2d 2d 2d 2d 2d  2d 2d 2d 2d 2d 2d 2d 2d
2d 20 2a 2f 0a 63 6f 6e  73 74 20 53 42 20 3d 20
7b 0a 20 20 70 61 6e 65  6c 3a 20 28 70 29 20 3d
3e 20 28 0a 20 20 20 20  3c 73 76 67 20 76 69 65
77 42 6f 78 3d 22 30 20  30 20 32 34 20 32 34 22
20 66 69 6c 6c 3d 22 6e  6f 6e 65 22 20 7b 2e 2e
2e 70 7d 3e 0a 20 20 20  20 20 20 3c 72 65 63 74
0a 20 20 20 20 20 20 20  20 78 3d 22 33 22 0a 20
20 20 20 20 20 20 20 79  3d 22 34 22 0a 20 20 20
20 20 20 20 20 77 69 64  74 68 3d 22 31 38 22 0a
20 20 20 20 20 20 20 20  68 65 69 67 68 74 3d 22
31 36 22 0a 20 20 20 20  20 20 20 20 72 78 3d 22
32 2e 35 22 0a 20 20 20  20 20 20 20 20 73 74 72
6f 6b 65 3d 22 63 75 72  72 65 6e 74 43 6f 6c 6f
72 22 0a 20 20 20 20 20  20 20 20 73 74 72 6f 6b
65 57 69 64 74 68 3d 22  31 2e 37 22 0a 20 20 20
20 20 20 2f 3e 0a 20 20  20 20 20 20 3c 6c 69 6e
65 0a 20 20 20 20 20 20  20 20 78 31 3d 22 39 22
0a 20 20 20 20 20 20 20  20 79 31 3d 22 34 22 0a
20 20 20 20 20 20 20 20  78 32 3d 22 39 22 0a 20
20 20 20 20 20 20 20 79  32 3d 22 32 30 22 0a 20
20 20 20 20 20 20 20 73  74 72 6f 6b 65 3d 22 63
75 72 72 65 6e 74 43 6f  6c 6f 72 22 0a 20 20 20
20 20 20 20 20 73 74 72  6f 6b 65 57 69 64 74 68
3d 22 31 2e 37 22 0a 20  20 20 20 20 20 2f 3e 0a
20 20 20 20 3c 2f 73 76  67 3e 0a 20 20 29 2c 0a
20 20 70 6c 75 73 3a 20  28 70 29 20 3d 3e 20 28
0a 20 20 20 20 3c 73 76  67 20 76 69 65 77 42 6f
78 3d 22 30 20 30 20 32  34 20 32 34 22 20 66 69
6c 6c 3d 22 6e 6f 6e 65  22 20 7b 2e 2e 2e 70 7d
3e 0a 20 20 20 20 20 20  3c 6c 69 6e 65 0a 20 20
20 20 20 20 20 20 78 31  3d 22 31 32 22 0a 20 20
20 20 20 20 20 20 79 31  3d 22 35 22 0a 20 20 20
20 20 20 20 20 78 32 3d  22 31 32 22 0a 20 20 20
20 20 20 20 20 79 32 3d  22 31 39 22 0a 20 20 20
20 20 20 20 20 73 74 72  6f 6b 65 3d 22 63 75 72
72 65 6e 74 43 6f 6c 6f  72 22 0a 20 20 20 20 20
20 20 20 73 74 72 6f 6b  65 57 69 64 74 68 3d 22
31 2e 38 22 0a 20 20 20  20 20 20 20 20 73 74 72
6f 6b 65 4c 69 6e 65 63  61 70 3d 22 72 6f 75 6e
64 22 0a 20 20 20 20 20  20 2f 3e 0a 20 20 20 20
20 20 3c 6c 69 6e 65 0a  20 20 20 20 20 20 20 20
78 31 3d 22 35 22 0a 20  20 20 20 20 20 20 20 79
31 3d 22 31 32 22 0a 20  20 20 20 20 20 20 20 78
32 3d 22 31 39 22 0a 20  20 20 20 20 20 20 20 79
32 3d 22 31 32 22 0a 20  20 20 20 20 20 20 20 73
74 72 6f 6b 65 3d 22 63  75 72 72 65 6e 74 43 6f
6c 6f 72 22 0a 20 20 20  20 20 20 20 20 73 74 72
6f 6b 65 57 69 64 74 68  3d 22 31 2e 38 22 0a 20
20 20 20 20 20 20 20 73  74 72 6f 6b 65 4c 69 6e
65 63 61 70 3d 22 72 6f  75 6e 64 22 0a 20 20 20
20 20 20 2f 3e 0a 20 20  20 20 3c 2f 73 76 67 3e
0a 20 20 29 2c 0a 20 20  63 68 61 74 3a 20 28 70
29 20 3d 3e 20 28 0a 20  20 20 20 3c 73 76 67 20
76 69 65 77 42 6f 78 3d  22 30 20 30 20 32 34 20
32 34 22 20 66 69 6c 6c  3d 22 6e 6f 6e 65 22 20
7b 2e 2e 2e 70 7d 3e 0a  20 20 20 20 20 20 3c 70
61 74 68 0a 20 20 20 20  20 20 20 20 64 3d 22 4d
34 20 35 68 31 36 76 31  31 48 38 6c 2d 34 20 34
56 35 7a 22 0a 20 20 20  20 20 20 20 20 73 74 72
6f 6b 65 3d 22 63 75 72  72 65 6e 74 43 6f 6c 6f
72 22 0a 20 20 20 20 20  20 20 20 73 74 72 6f 6b
65 57 69 64 74 68 3d 22  31 2e 37 22 0a 20 20 20
20 20 20 20 20 73 74 72  6f 6b 65 4c 69 6e 65 6a
6f 69 6e 3d 22 72 6f 75  6e 64 22 0a 20 20 20 20
20 20 2f 3e 0a 20 20 20  20 3c 2f 73 76 67 3e 0a
20 20 29 2c 0a 20 20 68  75 62 3a 20 28 70 29 20
3d 3e 20 28 0a 20 20 20  20 3c 73 76 67 20 76 69
65 77 42 6f 78 3d 22 30  20 30 20 32 34 20 32 34
22 20 66 69 6c 6c 3d 22  6e 6f 6e 65 22 20 7b 2e
2e 2e 70 7d 3e 0a 20 20  20 20 20 20 3c 72 65 63
74 0a 20 20 20 20 20 20  20 20 78 3d 22 34 22 0a
20 20 20 20 20 20 20 20  79 3d 22 34 22 0a 20 20
20 20 20 20 20 20 77 69  64 74 68 3d 22 37 22 0a
20 20 20 20 20 20 20 20  68 65 69 67 68 74 3d 22
37 22 0a 20 20 20 20 20  20 20 20 72 78 3d 22 31
2e 35 22 0a 20 20 20 20  20 20 20 20 73 74 72 6f
6b 65 3d 22 63 75 72 72  65 6e 74 43 6f 6c 6f 72
22 0a 20 20 20 20 20 20  20 20 73 74 72 6f 6b 65
57 69 64 74 68 3d 22 31  2e 37 22 0a 20 20 20 20
20 20 2f 3e 0a 20 20 20  20 20 20 3c 72 65 63 74
0a 20 20 20 20 20 20 20  20 78 3d 22 31 33 22 0a
20 20 20 20 20 20 20 20  79 3d 22 34 22 0a 20 20
20 20 20 20 20 20 77 69  64 74 68 3d 22 37 22 0a
20 20 20 20 20 20 20 20  68 65 69 67 68 74 3d 22
37 22 0a 20 20 20 20 20  20 20 20 72 78 3d 22 31
2e 35 22 0a 20 20 20 20  20 20 20 20 73 74 72 6f
6b 65 3d 22 63 75 72 72  65 6e 74 43 6f 6c 6f 72
22 0a 20 20 20 20 20 20  20 20 73 74 72 6f 6b 65
57 69 64 74 68 3d 22 31  2e 37 22 0a 20 20 20 20
20 20 2f 3e 0a 20 20 20  20 20 20 3c 72 65 63 74
0a 20 20 20 20 20 20 20  20 78 3d 22 34 22 0a 20
20 20 20 20 20 20 20 79  3d 22 31 33 22 0a 20 20
20 20 20 20 20 20 77 69  64 74 68 3d 22 37 22 0a
20 20 20 20 20 20 20 20  68 65 69 67 68 74 3d 22
37 22 0a 20 20 20 20 20  20 20 20 72 78 3d 22 31
2e 35 22 0a 20 20 20 20  20 20 20 20 73 74 72 6f
6b 65 3d 22 63 75 72 72  65 6e 74 43 6f 6c 6f 72
22 0a 20 20 20 20 20 20  20 20 73 74 72 6f 6b 65
57 69 64 74 68 3d 22 31  2e 37 22 0a 20 20 20 20
20 20 2f 3e 0a 20 20 20  20 20 20 3c 72 65 63 74
0a 20 20 20 20 20 20 20  20 78 3d 22 31 33 22 0a
20 20 20 20 20 20 20 20  79 3d 22 31 33 22 0a 20
20 20 20 20 20 20 20 77  69 64 74 68 3d 22 37 22
0a 20 20 20 20 20 20 20  20 68 65 69 67 68 74 3d
22 37 22 0a 20 20 20 20  20 20 20 20 72 78 3d 22
31 2e 35 22 0a 20 20 20  20 20 20 20 20 73 74 72
6f 6b 65 3d 22 63 75 72  72 65 6e 74 43 6f 6c 6f
72 22 0a 20 20 20 20 20  20 20 20 73 74 72 6f 6b
65 57 69 64 74 68 3d 22  31 2e 37 22 0a 20 20 20
20 20 20 2f 3e 0a 20 20  20 20 3c 2f 73 76 67 3e
0a 20 20 29 2c 0a 20 20  6b 65 79 3a 20 28 70 29
20 3d 3e 20 28 0a 20 20  20 20 3c 73 76 67 20 76
69 65 77 42 6f 78 3d 22  30 20 30 20 32 34 20 32
34 22 20 66 69 6c 6c 3d  22 6e 6f 6e 65 22 20 7b
2e 2e 2e 70 7d 3e 0a 20  20 20 20 20 20 3c 63 69
72 63 6c 65 20 63 78 3d  22 38 22 20 63 79 3d 22
38 22 20 72 3d 22 34 22  20 73 74 72 6f 6b 65 3d
22 63 75 72 72 65 6e 74  43 6f 6c 6f 72 22 20 73
74 72 6f 6b 65 57 69 64  74 68 3d 22 31 2e 37 22
20 2f 3e 0a 20 20 20 20  20 20 3c 70 61 74 68 0a
20 20 20 20 20 20 20 20  64 3d 22 4d 31 31 20 31
31 6c 38 20 38 4d 31 36  20 31 36 6c 32 2d 32 4d
31 38 20 31 38 6c 32 2d  32 22 0a 20 20 20 20 20
20 20 20 73 74 72 6f 6b  65 3d 22 63 75 72 72 65
6e 74 43 6f 6c 6f 72 22  0a 20 20 20 20 20 20 20
20 73 74 72 6f 6b 65 57  69 64 74 68 3d 22 31 2e
37 22 0a 20 20 20 20 20  20 20 20 73 74 72 6f 6b
65 4c 69 6e 65 63 61 70  3d 22 72 6f 75 6e 64 22
0a 20 20 20 20 20 20 20  20 73 74 72 6f 6b 65 4c
69 6e 65 6a 6f 69 6e 3d  22 72 6f 75 6e 64 22 0a
20 20 20 20 20 20 2f 3e  0a 20 20 20 20 3c 2f 73
76 67 3e 0a 20 20 29 2c  0a 20 20 63 6f 64 65 3a
20 28 70 29 20 3d 3e 20  28 0a 20 20 20 20 3c 73
76 67 20 76 69 65 77 42  6f 78 3d 22 30 20 30 20
32 34 20 32 34 22 20 66  69 6c 6c 3d 22 6e 6f 6e
65 22 20 7b 2e 2e 2e 70  7d 3e 0a 20 20 20 20 20
20 3c 70 61 74 68 0a 20  20 20 20 20 20 20 20 64
3d 22 4d 38 20 37 6c 2d  35 20 35 20 35 20 35 4d
31 36 20 37 6c 35 20 35  2d 35 20 35 22 0a 20 20
20 20 20 20 20 20 73 74  72 6f 6b 65 3d 22 63 75
72 72 65 6e 74 43 6f 6c  6f 72 22 0a 20 20 20 20
20 20 20 20 73 74 72 6f  6b 65 57 69 64 74 68 3d
22 31 2e 37 22 0a 20 20  20 20 20 20 20 20 73 74
72 6f 6b 65 4c 69 6e 65  63 61 70 3d 22 72 6f 75
6e 64 22 0a 20 20 20 20  20 20 20 20 73 74 72 6f
6b 65 4c 69 6e 65 6a 6f  69 6e 3d 22 72 6f 75 6e
64 22 0a 20 20 20 20 20  20 2f 3e 0a 20 20 20 20
3c 2f 73 76 67 3e 0a 20  20 29 2c 0a 20 20 74 61
72 67 65 74 3a 20 28 70  29 20 3d 3e 20 28 0a 20
20 20 20 3c 73 76 67 20  76 69 65 77 42 6f 78 3d
22 30 20 30 20 32 34 20  32 34 22 20 66 69 6c 6c
3d 22 6e 6f 6e 65 22 20  7b 2e 2e 2e 70 7d 3e 0a
20 20 20 20 20 20 3c 63  69 72 63 6c 65 20 63 78
3d 22 31 32 22 20 63 79  3d 22 31 32 22 20 72 3d
22 34 22 20 73 74 72 6f  6b 65 3d 22 63 75 72 72
65 6e 74 43 6f 6c 6f 72  22 20 73 74 72 6f 6b 65
57 69 64 74 68 3d 22 31  2e 37 22 20 2f 3e 0a 20
20 20 20 20 20 3c 70 61  74 68 0a 20 20 20 20 20
20 20 20 64 3d 22 4d 31  32 20 32 76 34 4d 31 32
20 31 38 76 34 4d 32 20  31 32 68 34 4d 31 38 20
31 32 68 34 22 0a 20 20  20 20 20 20 20 20 73 74
72 6f 6b 65 3d 22 63 75  72 72 65 6e 74 43 6f 6c
6f 72 22 0a 20 20 20 20  20 20 20 20 73 74 72 6f
6b 65 57 69 64 74 68 3d  22 31 2e 37 22 0a 20 20
20 20 20 20 20 20 73 74  72 6f 6b 65 4c 69 6e 65
63 61 70 3d 22 72 6f 75  6e 64 22 0a 20 20 20 20
20 20 2f 3e 0a 20 20 20  20 3c 2f 73 76 67 3e 0a
20 20 29 2c 0a 20 20 70  61 6c 65 74 74 65 3a 20
28 70 29 20 3d 3e 20 28  0a 20 20 20 20 3c 73 76
67 20 76 69 65 77 42 6f  78 3d 22 30 20 30 20 32
34 20 32 34 22 20 66 69  6c 6c 3d 22 6e 6f 6e 65
22 20 7b 2e 2e 2e 70 7d  3e 0a 20 20 20 20 20 20
3c 70 61 74 68 0a 20 20  20 20 20 20 20 20 64 3d
22 4d 31 32 20 33 61 39  20 39 20 30 20 31 30 30
20 31 38 63 31 2e 37 20  30 20 32 2d 31 2e 33 20
31 2e 32 2d 32 2e 32 2d  2e 38 2d 2e 39 2d 2e 33
2d 32 2e 33 20 31 2d 32  2e 33 48 31 37 61 34 20
34 20 30 20 30 30 34 2d  34 20 39 20 39 20 30 20
30 30 2d 39 2d 39 2e 35  7a 22 0a 20 20 20 20 20
20 20 20 73 74 72 6f 6b  65 3d 22 63 75 72 72 65
6e 74 43 6f 6c 6f 72 22  0a 20 20 20 20 20 20 20
20 73 74 72 6f 6b 65 57  69 64 74 68 3d 22 31 2e
37 22 0a 20 20 20 20 20  20 20 20 73 74 72 6f 6b
65 4c 69 6e 65 6a 6f 69  6e 3d 22 72 6f 75 6e 64
22 0a 20 20 20 20 20 20  2f 3e 0a 20 20 20 20 20
20 3c 63 69 72 63 6c 65  20 63 78 3d 22 37 2e 35
22 20 63 79 3d 22 31 31  22 20 72 3d 22 31 22 20
66 69 6c 6c 3d 22 63 75  72 72 65 6e 74 43 6f 6c
6f 72 22 20 2f 3e 0a 20  20 20 20 20 20 3c 63 69
72 63 6c 65 20 63 78 3d  22 31 31 22 20 63 79 3d
22 37 2e 35 22 20 72 3d  22 31 22 20 66 69 6c 6c
3d 22 63 75 72 72 65 6e  74 43 6f 6c 6f 72 22 20
2f 3e 0a 20 20 20 20 20  20 3c 63 69 72 63 6c 65
20 63 78 3d 22 31 35 22  20 63 79 3d 22 38 2e 35
22 20 72 3d 22 31 22 20  66 69 6c 6c 3d 22 63 75
72 72 65 6e 74 43 6f 6c  6f 72 22 20 2f 3e 0a 20
20 20 20 3c 2f 73 76 67  3e 0a 20 20 29 2c 0a 20
20 72 75 6e 6e 65 72 3a  20 28 70 29 20 3d 3e 20
28 0a 20 20 20 20 3c 73  76 67 20 76 69 65 77 42
6f 78 3d 22 30 20 30 20  32 34 20 32 34 22 20 66
69 6c 6c 3d 22 6e 6f 6e  65 22 20 7b 2e 2e 2e 70
7d 3e 0a 20 20 20 20 20  20 3c 70 61 74 68 0a 20
20 20 20 20 20 20 20 64  3d 22 4d 35 20 35 68 31
34 76 31 30 48 35 7a 22  0a 20 20 20 20 20 20 20
20 73 74 72 6f 6b 65 3d  22 63 75 72 72 65 6e 74
43 6f 6c 6f 72 22 0a 20  20 20 20 20 20 20 20 73
74 72 6f 6b 65 57 69 64  74 68 3d 22 31 2e 37 22
0a 20 20 20 20 20 20 20  20 73 74 72 6f 6b 65 4c
69 6e 65 6a 6f 69 6e 3d  22 72 6f 75 6e 64 22 0a
20 20 20 20 20 20 2f 3e  0a 20 20 20 20 20 20 3c
70 61 74 68 0a 20 20 20  20 20 20 20 20 64 3d 22
4d 39 20 39 6c 32 20 33  2d 32 20 33 4d 31 33 20
39 6c 32 20 33 2d 32 20  33 22 0a 20 20 20 20 20
20 20 20 73 74 72 6f 6b  65 3d 22 63 75 72 72 65
6e 74 43 6f 6c 6f 72 22  0a 20 20 20 20 20 20 20
20 73 74 72 6f 6b 65 57  69 64 74 68 3d 22 31 2e
35 22 0a 20 20 20 20 20  20 20 20 73 74 72 6f 6b
65 4c 69 6e 65 63 61 70  3d 22 72 6f 75 6e 64 22
0a 20 20 20 20 20 20 20  20 73 74 72 6f 6b 65 4c
69 6e 65 6a 6f 69 6e 3d  22 72 6f 75 6e 64 22 0a
20 20 20 20 20 20 2f 3e  0a 20 20 20 20 20 20 3c
70 61 74 68 0a 20 20 20  20 20 20 20 20 64 3d 22
4d 38 20 31 39 68 38 22  0a 20 20 20 20 20 20 20
20 73 74 72 6f 6b 65 3d  22 63 75 72 72 65 6e 74
43 6f 6c 6f 72 22 0a 20  20 20 20 20 20 20 20 73
74 72 6f 6b 65 57 69 64  74 68 3d 22 31 2e 37 22
0a 20 20 20 20 20 20 20  20 73 74 72 6f 6b 65 4c
69 6e 65 63 61 70 3d 22  72 6f 75 6e 64 22 0a 20
20 20 20 20 20 2f 3e 0a  20 20 20 20 3c 2f 73 76
67 3e 0a 20 20 29 2c 0a  20 20 2f 2f 20 e2 94 80
e2 94 80 20 41 67 65 6e  74 2d 73 70 65 63 69 66
69 63 20 6c 6f 67 6f 73  20 e2 94 80 e2 94 80 0a
20 20 71 75 61 6e 74 75  6d 41 67 65 6e 74 3a 20
28 70 29 20 3d 3e 20 28  0a 20 20 20 20 3c 73 76
67 20 76 69 65 77 42 6f  78 3d 22 30 20 30 20 32
34 20 32 34 22 20 66 69  6c 6c 3d 22 6e 6f 6e 65
22 20 7b 2e 2e 2e 70 7d  3e 0a 20 20 20 20 20 20
3c 63 69 72 63 6c 65 20  63 78 3d 22 31 32 22 20
63 79 3d 22 31 32 22 20  72 3d 22 33 22 20 66 69
6c 6c 3d 22 63 75 72 72  65 6e 74 43 6f 6c 6f 72
22 20 6f 70 61 63 69 74  79 3d 22 30 2e 33 22 20
2f 3e 0a 20 20 20 20 20  20 3c 63 69 72 63 6c 65
0a 20 20 20 20 20 20 20  20 63 78 3d 22 31 32 22
0a 20 20 20 20 20 20 20  20 63 79 3d 22 31 32 22
0a 20 20 20 20 20 20 20  20 72 3d 22 39 22 0a 20
20 20 20 20 20 20 20 73  74 72 6f 6b 65 3d 22 63
75 72 72 65 6e 74 43 6f  6c 6f 72 22 0a 20 20 20
20 20 20 20 20 73 74 72  6f 6b 65 57 69 64 74 68
3d 22 31 2e 35 22 0a 20  20 20 20 20 20 20 20 73
74 72 6f 6b 65 44 61 73  68 61 72 72 61 79 3d 22
33 20 32 22 0a 20 20 20  20 20 20 2f 3e 0a 20 20
20 20 20 20 3c 63 69 72  63 6c 65 20 63 78 3d 22
31 32 22 20 63 79 3d 22  33 22 20 72 3d 22 31 2e
38 22 20 66 69 6c 6c 3d  22 63 75 72 72 65 6e 74
43 6f 6c 6f 72 22 20 2f  3e 0a 20 20 20 20 20 20
3c 63 69 72 63 6c 65 20  63 78 3d 22 31 32 22 20
63 79 3d 22 32 31 22 20  72 3d 22 31 2e 38 22 20
66 69 6c 6c 3d 22 63 75  72 72 65 6e 74 43 6f 6c
6f 72 22 20 2f 3e 0a 20  20 20 20 20 20 3c 63 69
72 63 6c 65 20 63 78 3d  22 33 22 20 63 79 3d 22
31 32 22 20 72 3d 22 31  2e 38 22 20 66 69 6c 6c
3d 22 63 75 72 72 65 6e  74 43 6f 6c 6f 72 22 20
2f 3e 0a 20 20 20 20 20  20 3c 63 69 72 63 6c 65
20 63 78 3d 22 32 31 22  20 63 79 3d 22 31 32 22
20 72 3d 22 31 2e 38 22  20 66 69 6c 6c 3d 22 63
75 72 72 65 6e 74 43 6f  6c 6f 72 22 20 2f 3e 0a
20 20 20 20 20 20 3c 6c  69 6e 65 0a 20 20 20 20
20 20 20 20 78 31 3d 22  31 32 22 0a 20 20 20 20
20 20 20 20 79 31 3d 22  39 22 0a 20 20 20 20 20
20 20 20 78 32 3d 22 31  32 22 0a 20 20 20 20 20
20 20 20 79 32 3d 22 33  22 0a 20 20 20 20 20 20
20 20 73 74 72 6f 6b 65  3d 22 63 75 72 72 65 6e
74 43 6f 6c 6f 72 22 0a  20 20 20 20 20 20 20 20
73 74 72 6f 6b 65 57 69  64 74 68 3d 22 31 2e 32
22 0a 20 20 20 20 20 20  20 20 6f 70 61 63 69 74
79 3d 22 30 2e 36 22 0a  20 20 20 20 20 20 2f 3e
0a 20 20 20 20 20 20 3c  6c 69 6e 65 0a 20 20 20
20 20 20 20 20 78 31 3d  22 31 32 22 0a 20 20 20
20 20 20 20 20 79 31 3d  22 31 35 22 0a 20 20 20
20 20 20 20 20 78 32 3d  22 31 32 22 0a 20 20 20
20 20 20 20 20 79 32 3d  22 32 31 22 0a 20 20 20
20 20 20 20 20 73 74 72  6f 6b 65 3d 22 63 75 72
72 65 6e 74 43 6f 6c 6f  72 22 0a 20 20 20 20 20
20 20 20 73 74 72 6f 6b  65 57 69 64 74 68 3d 22
31 2e 32 22 0a 20 20 20  20 20 20 20 20 6f 70 61
63 69 74 79 3d 22 30 2e  36 22 0a 20 20 20 20 20
20 2f 3e 0a 20 20 20 20  20 20 3c 6c 69 6e 65 0a
20 20 20 20 20 20 20 20  78 31 3d 22 39 22 0a 20
20 20 20 20 20 20 20 79  31 3d 22 31 32 22 0a 20
20 20 20 20 20 20 20 78  32 3d 22 33 22 0a 20 20
20 20 20 20 20 20 79 32  3d 22 31 32 22 0a 20 20
20 20 20 20 20 20 73 74  72 6f 6b 65 3d 22 63 75
72 72 65 6e 74 43 6f 6c  6f 72 22 0a 20 20 20 20
20 20 20 20 73 74 72 6f  6b 65 57 69 64 74 68 3d
22 31 2e 32 22 0a 20 20  20 20 20 20 20 20 6f 70
61 63 69 74 79 3d 22 30  2e 36 22 0a 20 20 20 20
20 20 2f 3e 0a 20 20 20  20 20 20 3c 6c 69 6e 65
0a 20 20 20 20 20 20 20  20 78 31 3d 22 31 35 22
0a 20 20 20 20 20 20 20  20 79 31 3d 22 31 32 22
0a 20 20 20 20 20 20 20  20 78 32 3d 22 32 31 22
0a 20 20 20 20 20 20 20  20 79 32 3d 22 31 32 22
0a 20 20 20 20 20 20 20  20 73 74 72 6f 6b 65 3d
22 63 75 72 72 65 6e 74  43 6f 6c 6f 72 22 0a 20
20 20 20 20 20 20 20 73  74 72 6f 6b 65 57 69 64
74 68 3d 22 31 2e 32 22  0a 20 20 20 20 20 20 20
20 6f 70 61 63 69 74 79  3d 22 30 2e 36 22 0a 20
20 20 20 20 20 2f 3e 0a  20 20 20 20 3c 2f 73 76
67 3e 0a 20 20 29 2c 0a  20 20 6f 70 65 6e 63 6f
64 65 3a 20 28 70 29 20  3d 3e 20 28 0a 20 20 20
20 3c 73 76 67 20 76 69  65 77 42 6f 78 3d 22 30
20 30 20 32 34 20 32 34  22 20 66 69 6c 6c 3d 22
63 75 72 72 65 6e 74 43  6f 6c 6f 72 22 20 7b 2e
2e 2e 70 7d 3e 0a 20 20  20 20 20 20 3c 70 61 74
68 20 64 3d 22 4d 32 32  20 32 34 48 32 56 30 68
32 30 7a 4d 31 37 20 34  2e 38 48 37 76 31 34 2e
34 68 31 30 7a 22 20 2f  3e 0a 20 20 20 20 3c 2f
73 76 67 3e 0a 20 20 29  2c 0a 20 20 63 6c 61 75
64 65 3a 20 28 70 29 20  3d 3e 20 28 0a 20 20 20
20 3c 73 76 67 20 76 69  65 77 42 6f 78 3d 22 30
20 30 20 32 34 20 32 34  22 20 66 69 6c 6c 3d 22
63 75 72 72 65 6e 74 43  6f 6c 6f 72 22 20 7b 2e
2e 2e 70 7d 3e 0a 20 20  20 20 20 20 3c 70 61 74
68 20 64 3d 22 6d 34 2e  37 31 34 34 20 31 35 2e
39 35 35 35 20 34 2e 37  31 37 34 2d 32 2e 36 34
37 31 2e 30 37 39 2d 2e  32 33 30 37 2d 2e 30 37
39 2d 2e 31 32 37 35 68  2d 2e 32 33 30 37 6c 2d
2e 37 38 39 33 2d 2e 30  34 38 36 2d 32 2e 36 39
35 36 2d 2e 30 37 32 39  2d 32 2e 33 33 37 35 2d
2e 30 39 37 31 2d 32 2e  32 36 34 36 2d 2e 31 32
31 34 2d 2e 35 37 30 37  2d 2e 31 32 31 35 2d 2e
35 33 34 33 2d 2e 37 30  34 32 2e 30 35 34 36 2d
2e 33 35 32 32 2e 34 37  39 37 2d 2e 33 32 31 38
2e 36 38 36 2e 30 36 30  38 20 31 2e 35 31 37 39
2e 31 30 33 32 20 32 2e  32 37 36 37 2e 31 35 37
38 20 31 2e 36 35 31 34  2e 30 39 37 32 20 32 2e
34 34 36 38 2e 32 35 35  68 2e 33 38 38 36 6c 2e
30 35 34 36 2d 2e 31 35  37 39 2d 2e 31 33 33 36
2d 2e 30 39 37 31 2d 2e  31 30 33 32 2d 2e 30 39
37 32 4c 36 2e 39 37 33  20 39 2e 38 33 35 36 6c
2d 32 2e 35 35 2d 31 2e  36 38 37 39 2d 31 2e 33
33 35 36 2d 2e 39 37 31  34 2d 2e 37 32 32 35 2d
2e 34 39 31 38 2d 2e 33  36 34 33 2d 2e 34 36 31
34 2d 2e 31 35 37 38 2d  31 2e 30 30 37 38 2e 36
35 35 37 2d 2e 37 32 32  35 2e 38 38 30 33 2e 30
36 30 37 2e 32 32 34 36  2e 30 36 30 37 2e 38 39
32 35 2e 36 38 36 20 31  2e 39 30 36 34 20 31 2e
34 37 35 34 20 32 2e 34  38 39 33 20 31 2e 38 33
33 36 2e 33 36 34 33 2e  33 30 33 35 2e 31 34 35
37 2d 2e 31 30 33 32 2e  30 31 38 32 2d 2e 30 37
32 38 2d 2e 31 36 34 2d  2e 32 37 33 33 2d 31 2e
33 35 33 39 2d 32 2e 34  34 36 37 2d 31 2e 34 34
35 2d 32 2e 34 38 39 33  2d 2e 36 34 33 35 2d 31
2e 30 33 32 2d 2e 31 37  2d 2e 36 31 39 34 63 2d
2e 30 36 30 37 2d 2e 32  35 35 2d 2e 31 30 33 32
2d 2e 34 36 37 34 2d 2e  31 30 33 32 2d 2e 37 32
38 35 4c 36 2e 32 38 37  2e 31 33 33 35 20 36 2e
36 39 39 37 20 30 6c 2e  39 39 35 37 2e 31 33 33
36 2e 34 31 39 2e 33 36  34 32 2e 36 31 39 32 20
31 2e 34 31 34 37 20 31  2e 30 30 31 38 20 32 2e
32 32 38 32 20 31 2e 35  35 34 33 20 33 2e 30 32
39 36 2e 34 35 35 33 2e  38 39 38 35 2e 32 34 32
39 2e 38 33 31 38 2e 30  39 31 2e 32 35 35 68 2e
31 35 37 39 76 2d 2e 31  34 35 37 6c 2e 31 32 37
35 2d 31 2e 37 30 36 2e  32 33 36 38 2d 32 2e 30
39 34 37 2e 32 33 30 37  2d 32 2e 36 39 35 37 2e
30 37 38 39 2d 2e 37 35  38 39 2e 33 37 36 34 2d
2e 39 31 30 37 2e 37 34  36 38 2d 2e 34 39 31 38
2e 35 38 32 38 2e 32 37  39 33 2e 34 37 39 37 2e
36 38 36 2d 2e 30 36 36  38 2e 34 34 33 33 2d 2e
32 38 35 33 20 31 2e 38  35 31 37 2d 2e 35 35 38
36 20 32 2e 39 30 32 31  2d 2e 33 36 34 33 20 31
2e 39 34 32 39 68 2e 32  31 32 35 6c 2e 32 34 32
39 2d 2e 32 34 32 39 2e  39 38 33 35 2d 31 2e 33
30 35 33 20 31 2e 36 35  31 34 2d 32 2e 30 36 34
33 2e 37 32 38 36 2d 2e  38 31 39 36 2e 38 35 2d
2e 39 30 34 36 2e 35 34  36 34 2d 2e 34 33 31 31
68 31 2e 30 33 32 31 6c  2e 37 35 39 20 31 2e 31
32 39 33 2d 2e 33 34 20  31 2e 31 36 35 37 2d 31
2e 30 36 32 35 20 31 2e  33 34 37 38 2d 2e 38 38
30 34 20 31 2e 31 34 31  34 2d 31 2e 32 36 32 38
20 31 2e 37 2d 2e 37 38  39 33 20 31 2e 33 36 2e
30 37 32 39 2e 31 30 39  33 2e 31 38 38 32 2d 2e
30 31 38 33 20 32 2e 38  35 33 35 2d 2e 36 30 37
20 31 2e 35 34 32 31 2d  2e 32 37 39 34 20 31 2e
38 33 39 36 2d 2e 33 31  35 37 2e 38 33 31 38 2e
33 38 38 36 2e 30 39 31  2e 33 39 34 36 2d 2e 33
32 37 38 2e 38 30 37 35  2d 31 2e 39 36 37 2e 34
38 35 37 2d 32 2e 33 30  37 32 2e 34 36 31 34 2d
33 2e 34 33 36 34 2e 38  31 33 36 2d 2e 30 34 32
35 2e 30 33 30 34 2e 30  34 38 36 2e 30 36 30 37
20 31 2e 35 34 38 32 2e  31 34 35 37 2e 36 36 31
38 2e 30 33 36 34 68 31  2e 36 32 31 6c 33 2e 30
31 37 35 2e 32 32 34 37  2e 37 38 39 32 2e 35 32
32 2e 34 37 33 36 2e 36  33 37 36 2d 2e 30 37 39
2e 34 38 35 37 2d 31 2e  32 31 34 32 2e 36 31 39
33 2d 31 2e 36 33 39 33  2d 2e 33 38 38 36 2d 33
2e 38 32 35 2d 2e 39 31  30 37 2d 31 2e 33 31 31
33 2d 2e 33 32 37 39 68  2d 2e 31 38 32 32 76 2e
31 30 39 33 6c 31 2e 30  39 32 39 20 31 2e 30 36
38 36 20 32 2e 30 30 33  35 20 31 2e 38 30 39 32
20 32 2e 35 30 37 35 20  32 2e 33 33 31 34 2e 31
32 37 35 2e 35 37 36 38  2d 2e 33 32 31 38 2e 34
35 35 34 2d 2e 33 34 2d  2e 30 34 38 36 2d 32 2e
32 30 33 39 2d 31 2e 36  35 37 35 2d 2e 38 35 2d
2e 37 34 36 38 2d 31 2e  39 32 34 36 2d 31 2e 36
32 31 68 2d 2e 31 32 37  35 76 2e 31 37 6c 2e 34
34 33 32 2e 36 34 39 36  20 32 2e 33 34 33 36 20
33 2e 35 32 31 34 2e 31  32 31 34 20 31 2e 30 38
30 37 2d 2e 31 37 2e 33  35 32 31 2d 2e 36 30 37
31 2e 32 31 32 35 2d 2e  36 36 37 39 2d 2e 31 32
31 34 2d 31 2e 33 37 32  31 2d 31 2e 39 32 34 36
4c 31 34 2e 33 38 20 31  37 2e 39 35 39 6c 2d 31
2e 31 34 31 34 2d 31 2e  39 34 32 38 2d 2e 31 33
39 37 2e 30 37 39 2d 2e  36 37 34 20 37 2e 32 35
35 32 2d 2e 33 31 35 36  2e 33 37 30 33 2d 2e 37
32 38 36 2e 32 37 39 33  2d 2e 36 30 37 31 2d 2e
34 36 31 34 2d 2e 33 32  31 38 2d 2e 37 34 36 38
2e 33 32 31 38 2d 31 2e  34 37 35 33 2e 33 38 38
36 2d 31 2e 39 32 34 36  2e 33 31 35 37 2d 31 2e
35 33 2e 32 38 35 33 2d  31 2e 39 30 30 34 2e 31
37 2d 2e 36 33 31 34 2d  2e 30 31 32 31 2d 2e 30
34 32 35 2d 2e 31 33 39  37 2e 30 31 38 32 2d 31
2e 34 33 32 38 20 31 2e  39 36 37 32 2d 32 2e 31
37 39 36 20 32 2e 39 34  34 36 2d 31 2e 37 32 34
33 20 31 2e 38 34 35 36  2d 2e 34 31 32 38 2e 31
36 34 2d 2e 37 31 36 34  2d 2e 33 37 30 34 2e 30
36 36 37 2d 2e 36 36 31  38 2e 34 30 30 38 2d 2e
35 38 38 39 20 32 2e 33  38 36 2d 33 2e 30 33 35
37 20 31 2e 34 33 38 39  2d 31 2e 38 38 32 2e 39
32 39 2d 31 2e 30 38 36  38 2d 2e 30 30 36 32 2d
2e 31 35 37 39 68 2d 2e  30 35 34 36 6c 2d 36 2e
33 33 38 35 20 34 2e 31  31 36 34 2d 31 2e 31 32
39 33 2e 31 34 35 37 2d  2e 34 38 35 37 2d 2e 34
35 35 34 2e 30 36 30 38  2d 2e 37 34 36 37 2e 32
33 30 37 2d 2e 32 34 32  39 20 31 2e 39 30 36 34
2d 31 2e 33 31 31 34 5a  22 20 2f 3e 0a 20 20 20
20 3c 2f 73 76 67 3e 0a  20 20 29 2c 0a 7d 3b 0a
66 75 6e 63 74 69 6f 6e  20 53 69 64 65 62 61 72
28 7b 0a 20 20 63 6f 6c  6c 61 70 73 65 64 2c 0a
20 20 73 65 74 43 6f 6c  6c 61 70 73 65 64 2c 0a
20 20 76 69 65 77 2c 0a  20 20 73 65 74 56 69 65
77 2c 0a 20 20 6f 6e 4e  65 77 43 68 61 74 2c 0a
20 20 6f 6e 56 69 73 75  61 6c 50 69 63 6b 65 72
2c 0a 20 20 63 61 6e 76  61 73 41 75 74 6f 2c 0a
20 20 6f 6e 54 6f 67 67  6c 65 43 61 6e 76 61 73
2c 0a 20 20 74 68 65 6d  65 2c 0a 20 20 73 65 74
54 68 65 6d 65 2c 0a 20  20 74 65 72 6d 69 6e 61
6c 4f 70 65 6e 2c 0a 20  20 73 65 74 54 65 72 6d
69 6e 61 6c 4f 70 65 6e  2c 0a 20 20 74 65 72 6d
69 6e 61 6c 2c 0a 20 20  73 61 76 65 64 43 68 61
74 73 2c 0a 20 20 73 68  6f 77 48 69 73 74 6f 72
79 2c 0a 20 20 73 65 74  53 68 6f 77 48 69 73 74
6f 72 79 2c 0a 20 20 72  65 73 74 6f 72 65 43 68
61 74 2c 0a 20 20 64 65  6c 65 74 65 43 68 61 74
2c 0a 20 20 6c 6f 61 64  53 61 76 65 64 43 68 61
74 73 2c 0a 20 20 6f 6e  41 67 65 6e 74 52 75 6e
6e 65 72 2c 0a 7d 29 20  7b 0a 20 20 63 6f 6e 73
74 20 49 74 65 6d 20 3d  20 28 7b 20 69 63 6f 6e
2c 20 6c 61 62 65 6c 2c  20 61 63 74 69 76 65 2c
20 6f 6e 43 6c 69 63 6b  2c 20 62 61 64 67 65 20
7d 29 20 3d 3e 20 28 0a  20 20 20 20 3c 62 75 74
74 6f 6e 0a 20 20 20 20  20 20 63 6c 61 73 73 4e
61 6d 65 3d 7b 22 73 62  2d 69 74 65 6d 22 20 2b
20 28 61 63 74 69 76 65  20 3f 20 22 20 61 63 74
69 76 65 22 20 3a 20 22  22 29 7d 0a 20 20 20 20
20 20 6f 6e 43 6c 69 63  6b 3d 7b 6f 6e 43 6c 69
63 6b 7d 0a 20 20 20 20  20 20 74 69 74 6c 65 3d
7b 63 6f 6c 6c 61 70 73  65 64 20 3f 20 6c 61 62
65 6c 20 3a 20 75 6e 64  65 66 69 6e 65 64 7d 0a
20 20 20 20 3e 0a 20 20  20 20 20 20 3c 69 20 63
6c 61 73 73 4e 61 6d 65  3d 22 73 62 2d 69 63 6f
22 3e 7b 69 63 6f 6e 7d  3c 2f 69 3e 0a 20 20 20
20 20 20 3c 73 70 61 6e  20 63 6c 61 73 73 4e 61
6d 65 3d 22 73 62 2d 6c  61 62 65 6c 22 3e 7b 6c
61 62 65 6c 7d 3c 2f 73  70 61 6e 3e 0a 20 20 20
20 20 20 7b 62 61 64 67  65 20 26 26 20 3c 73 70
61 6e 20 63 6c 61 73 73  4e 61 6d 65 3d 22 73 62
2d 62 61 64 67 65 22 3e  7b 62 61 64 67 65 7d 3c
2f 73 70 61 6e 3e 7d 0a  20 20 20 20 3c 2f 62 75
74 74 6f 6e 3e 0a 20 20  29 3b 0a 20 20 72 65 74
75 72 6e 20 28 0a 20 20  20 20 3c 61 73 69 64 65
20 63 6c 61 73 73 4e 61  6d 65 3d 7b 22 73 69 64
65 62 61 72 22 20 2b 20  28 63 6f 6c 6c 61 70 73
65 64 20 3f 20 22 20 63  6f 6c 6c 61 70 73 65 64
22 20 3a 20 22 22 29 7d  3e 0a 20 20 20 20 20 20
3c 64 69 76 20 63 6c 61  73 73 4e 61 6d 65 3d 22
73 62 2d 68 65 61 64 22  3e 0a 20 20 20 20 20 20
20 20 3c 73 70 61 6e 20  63 6c 61 73 73 4e 61 6d
65 3d 22 73 62 2d 62 72  61 6e 64 22 3e 0a 20 20
20 20 20 20 20 20 20 20  3c 42 72 61 6e 64 4d 61
72 6b 20 2f 3e 0a 20 20  20 20 20 20 20 20 20 20
3c 62 3e 51 75 61 6e 74  75 6d 3c 2f 62 3e 0a 20
20 20 20 20 20 20 20 3c  2f 73 70 61 6e 3e 0a 20
20 20 20 20 20 20 20 3c  62 75 74 74 6f 6e 0a 20
20 20 20 20 20 20 20 20  20 63 6c 61 73 73 4e 61
6d 65 3d 22 73 62 2d 74  6f 67 67 6c 65 22 0a 20
20 20 20 20 20 20 20 20  20 74 69 74 6c 65 3d 7b
63 6f 6c 6c 61 70 73 65  64 20 3f 20 22 42 75 6b
61 20 70 61 6e 65 6c 22  20 3a 20 22 54 75 74 75
70 20 70 61 6e 65 6c 22  7d 0a 20 20 20 20 20 20
20 20 20 20 6f 6e 43 6c  69 63 6b 3d 7b 28 29 20
3d 3e 20 73 65 74 43 6f  6c 6c 61 70 73 65 64 28
21 63 6f 6c 6c 61 70 73  65 64 29 7d 0a 20 20 20
20 20 20 20 20 3e 0a 20  20 20 20 20 20 20 20 20
20 7b 53 42 2e 70 61 6e  65 6c 28 7b 20 77 69 64
74 68 3a 20 31 39 2c 20  68 65 69 67 68 74 3a 20
31 39 20 7d 29 7d 0a 20  20 20 20 20 20 20 20 3c
2f 62 75 74 74 6f 6e 3e  0a 20 20 20 20 20 20 3c
2f 64 69 76 3e 0a 20 20  20 20 20 20 3c 64 69 76
20 63 6c 61 73 73 4e 61  6d 65 3d 22 73 62 2d 67
72 6f 75 70 22 3e 0a 20  20 20 20 20 20 20 20 3c
49 74 65 6d 0a 20 20 20  20 20 20 20 20 20 20 69
63 6f 6e 3d 7b 53 42 2e  70 6c 75 73 28 7b 20 77
69 64 74 68 3a 20 31 39  2c 20 68 65 69 67 68 74
3a 20 31 39 20 7d 29 7d  0a 20 20 20 20 20 20 20
20 20 20 6c 61 62 65 6c  3d 22 43 68 61 74 20 62
61 72 75 22 0a 20 20 20  20 20 20 20 20 20 20 6f
6e 43 6c 69 63 6b 3d 7b  6f 6e 4e 65 77 43 68 61
74 7d 0a 20 20 20 20 20  20 20 20 2f 3e 0a 20 20
20 20 20 20 20 20 3c 49  74 65 6d 0a 20 20 20 20
20 20 20 20 20 20 69 63  6f 6e 3d 7b 53 42 2e 63
68 61 74 28 7b 20 77 69  64 74 68 3a 20 31 39 2c
20 68 65 69 67 68 74 3a  20 31 39 20 7d 29 7d 0a
20 20 20 20 20 20 20 20  20 20 6c 61 62 65 6c 3d
22 43 68 61 74 22 0a 20  20 20 20 20 20 20 20 20
20 61 63 74 69 76 65 3d  7b 76 69 65 77 20 3d 3d
3d 20 22 63 68 61 74 22  7d 0a 20 20 20 20 20 20
20 20 20 20 6f 6e 43 6c  69 63 6b 3d 7b 28 29 20
3d 3e 20 73 65 74 56 69  65 77 28 22 63 68 61 74
22 29 7d 0a 20 20 20 20  20 20 20 20 2f 3e 0a 20
20 20 20 20 20 20 20 3c  49 74 65 6d 0a 20 20 20
20 20 20 20 20 20 20 69  63 6f 6e 3d 7b 53 42 2e
68 75 62 28 7b 20 77 69  64 74 68 3a 20 31 39 2c
20 68 65 69 67 68 74 3a  20 31 39 20 7d 29 7d 0a
20 20 20 20 20 20 20 20  20 20 6c 61 62 65 6c 3d
22 4d 6f 64 65 6c 20 48  75 62 22 0a 20 20 20 20
20 20 20 20 20 20 61 63  74 69 76 65 3d 7b 76 69
65 77 20 3d 3d 3d 20 22  68 75 62 22 7d 0a 20 20
20 20 20 20 20 20 20 20  6f 6e 43 6c 69 63 6b 3d
7b 28 29 20 3d 3e 20 73  65 74 56 69 65 77 28 22
68 75 62 22 29 7d 0a 20  20 20 20 20 20 20 20 2f
3e 0a 20 20 20 20 20 20  20 20 3c 49 74 65 6d 0a
20 20 20 20 20 20 20 20  20 20 69 63 6f 6e 3d 7b
53 42 2e 6b 65 79 28 7b  20 77 69 64 74 68 3a 20
31 39 2c 20 68 65 69 67  68 74 3a 20 31 39 20 7d
29 7d 0a 20 20 20 20 20  20 20 20 20 20 6c 61 62
65 6c 3d 22 41 50 49 20  4b 65 79 22 0a 20 20 20
20 20 20 20 20 20 20 61  63 74 69 76 65 3d 7b 76
69 65 77 20 3d 3d 3d 20  22 73 65 74 74 69 6e 67
73 22 7d 0a 20 20 20 20  20 20 20 20 20 20 6f 6e
43 6c 69 63 6b 3d 7b 28  29 20 3d 3e 20 73 65 74
56 69 65 77 28 22 73 65  74 74 69 6e 67 73 22 29
7d 0a 20 20 20 20 20 20  20 20 2f 3e 0a 20 20 20
20 20 20 20 20 3c 49 74  65 6d 0a 20 20 20 20 20
20 20 20 20 20 69 63 6f  6e 3d 7b 53 42 2e 72 75
6e 6e 65 72 28 7b 20 77  69 64 74 68 3a 20 31 39
2c 20 68 65 69 67 68 74  3a 20 31 39 20 7d 29 7d
0a 20 20 20 20 20 20 20  20 20 20 6c 61 62 65 6c
3d 22 41 67 65 6e 74 20  52 75 6e 6e 65 72 22 0a
20 20 20 20 20 20 20 20  20 20 61 63 74 69 76 65
3d 7b 76 69 65 77 20 3d  3d 3d 20 22 61 67 65 6e
74 73 22 7d 0a 20 20 20  20 20 20 20 20 20 20 6f
6e 43 6c 69 63 6b 3d 7b  28 29 20 3d 3e 20 7b 0a
20 20 20 20 20 20 20 20  20 20 20 20 73 65 74 56
69 65 77 28 22 61 67 65  6e 74 73 22 29 3b 0a 20
20 20 20 20 20 20 20 20  20 20 20 6f 6e 41 67 65
6e 74 52 75 6e 6e 65 72  3f 2e 28 29 3b 0a 20 20
20 20 20 20 20 20 20 20  7d 7d 0a 20 20 20 20 20
20 20 20 2f 3e 0a 20 20  20 20 20 20 3c 2f 64 69
76 3e 0a 20 20 20 20 20  20 3c 64 69 76 20 63 6c
61 73 73 4e 61 6d 65 3d  22 73 62 2d 73 65 63 22
3e 41 6c 61 74 3c 2f 64  69 76 3e 0a 20 20 20 20
20 20 3c 64 69 76 20 63  6c 61 73 73 4e 61 6d 65
3d 22 73 62 2d 67 72 6f  75 70 22 3e 0a 20 20 20
20 20 20 20 20 3c 49 74  65 6d 0a 20 20 20 20 20
20 20 20 20 20 69 63 6f  6e 3d 7b 53 42 2e 74 61
72 67 65 74 28 7b 20 77  69 64 74 68 3a 20 31 39
2c 20 68 65 69 67 68 74  3a 20 31 39 20 7d 29 7d
0a 20 20 20 20 20 20 20  20 20 20 6c 61 62 65 6c
3d 22 56 69 73 75 61 6c  20 50 69 63 6b 65 72 22
0a 20 20 20 20 20 20 20  20 20 20 6f 6e 43 6c 69
63 6b 3d 7b 6f 6e 56 69  73 75 61 6c 50 69 63 6b
65 72 7d 0a 20 20 20 20  20 20 20 20 2f 3e 0a 20
20 20 20 20 20 3c 2f 64  69 76 3e 0a 20 20 20 20
20 20 3c 64 69 76 0a 20  20 20 20 20 20 20 20 63
6c 61 73 73 4e 61 6d 65  3d 22 73 62 2d 73 65 63
22 0a 20 20 20 20 20 20  20 20 73 74 79 6c 65 3d
7b 7b 20 63 75 72 73 6f  72 3a 20 22 70 6f 69 6e
74 65 72 22 20 7d 7d 0a  20 20 20 20 20 20 20 20
6f 6e 43 6c 69 63 6b 3d  7b 28 29 20 3d 3e 20 7b
0a 20 20 20 20 20 20 20  20 20 20 73 65 74 53 68
6f 77 48 69 73 74 6f 72  79 28 21 73 68 6f 77 48
69 73 74 6f 72 79 29 3b  0a 20 20 20 20 20 20 20
20 20 20 6c 6f 61 64 53  61 76 65 64 43 68 61 74
73 28 29 3b 0a 20 20 20  20 20 20 20 20 7d 7d 0a
20 20 20 20 20 20 3e 0a  20 20 20 20 20 20 20 20
52 69 77 61 79 61 74 20  43 68 61 74 7b 22 20 22
7d 0a 20 20 20 20 20 20  20 20 3c 73 70 61 6e 20
73 74 79 6c 65 3d 7b 7b  20 66 6c 6f 61 74 3a 20
22 72 69 67 68 74 22 2c  20 6f 70 61 63 69 74 79
3a 20 30 2e 36 20 7d 7d  3e 0a 20 20 20 20 20 20
20 20 20 20 7b 73 68 6f  77 48 69 73 74 6f 72 79
20 3f 20 22 e2 96 be 22  20 3a 20 22 e2 96 b8 22
7d 20 7b 73 61 76 65 64  43 68 61 74 73 2e 6c 65
6e 67 74 68 7d 0a 20 20  20 20 20 20 20 20 3c 2f
73 70 61 6e 3e 0a 20 20  20 20 20 20 3c 2f 64 69
76 3e 0a 20 20 20 20 20  20 7b 73 68 6f 77 48 69
73 74 6f 72 79 20 26 26  20 28 0a 20 20 20 20 20
20 20 20 3c 64 69 76 20  63 6c 61 73 73 4e 61 6d
65 3d 22 73 62 2d 68 69  73 74 6f 72 79 2d 6c 69
73 74 22 3e 0a 20 20 20  20 20 20 20 20 20 20 7b
73 61 76 65 64 43 68 61  74 73 2e 6c 65 6e 67 74
68 20 3d 3d 3d 20 30 20  3f 20 28 0a 20 20 20 20
20 20 20 20 20 20 20 20  3c 64 69 76 20 63 6c 61
73 73 4e 61 6d 65 3d 22  73 62 2d 68 69 73 74 6f
72 79 2d 65 6d 70 74 79  22 3e 42 65 6c 75 6d 20
61 64 61 20 63 68 61 74  20 74 65 72 73 69 6d 70
61 6e 3c 2f 64 69 76 3e  0a 20 20 20 20 20 20 20
20 20 20 29 20 3a 20 28  0a 20 20 20 20 20 20 20
20 20 20 20 20 73 61 76  65 64 43 68 61 74 73 0a
20 20 20 20 20 20 20 20  20 20 20 20 20 20 2e 73
6c 69 63 65 28 29 0a 20  20 20 20 20 20 20 20 20
20 20 20 20 20 2e 72 65  76 65 72 73 65 28 29 0a
20 20 20 20 20 20 20 20  20 20 20 20 20 20 2e 6d
61 70 28 28 63 68 61 74  29 20 3d 3e 20 28 0a 20
20 20 20 20 20 20 20 20  20 20 20 20 20 20 20 3c
64 69 76 0a 20 20 20 20  20 20 20 20 20 20 20 20
20 20 20 20 20 20 6b 65  79 3d 7b 63 68 61 74 2e
69 64 7d 0a 20 20 20 20  20 20 20 20 20 20 20 20
20 20 20 20 20 20 63 6c  61 73 73 4e 61 6d 65 3d
22 73 62 2d 68 69 73 74  6f 72 79 2d 69 74 65 6d
22 0a 20 20 20 20 20 20  20 20 20 20 20 20 20 20
20 20 20 20 6f 6e 43 6c  69 63 6b 3d 7b 28 29 20
3d 3e 20 72 65 73 74 6f  72 65 43 68 61 74 28 63
68 61 74 29 7d 0a 20 20  20 20 20 20 20 20 20 20
20 20 20 20 20 20 3e 0a  20 20 20 20 20 20 20 20
20 20 20 20 20 20 20 20  20 20 3c 64 69 76 20 63
6c 61 73 73 4e 61 6d 65  3d 22 73 62 2d 68 69 73
74 6f 72 79 2d 69 6e 66  6f 22 3e 0a 20 20 20 20
20 20 20 20 20 20 20 20  20 20 20 20 20 20 20 20
3c 73 70 61 6e 20 63 6c  61 73 73 4e 61 6d 65 3d
22 73 62 2d 68 69 73 74  6f 72 79 2d 74 69 74 6c
65 22 3e 0a 20 20 20 20  20 20 20 20 20 20 20 20
20 20 20 20 20 20 20 20  20 20 7b 63 68 61 74 2e
74 69 74 6c 65 20 7c 7c  20 22 43 68 61 74 22 7d
0a 20 20 20 20 20 20 20  20 20 20 20 20 20 20 20
20 20 20 20 20 3c 2f 73  70 61 6e 3e 0a 20 20 20
20 20 20 20 20 20 20 20  20 20 20 20 20 20 20 20
20 3c 73 70 61 6e 20 63  6c 61 73 73 4e 61 6d 65
3d 22 73 62 2d 68 69 73  74 6f 72 79 2d 64 61 74
65 22 3e 0a 20 20 20 20  20 20 20 20 20 20 20 20
20 20 20 20 20 20 20 20  20 20 7b 6e 65 77 20 44
61 74 65 28 63 68 61 74  2e 73 61 76 65 64 41 74
29 2e 74 6f 4c 6f 63 61  6c 65 44 61 74 65 53 74
72 69 6e 67 28 22 69 64  22 2c 20 7b 0a 20 20 20
20 20 20 20 20 20 20 20  20 20 20 20 20 20 20 20
20 20 20 20 20 64 61 79  3a 20 22 6e 75 6d 65 72
69 63 22 2c 0a 20 20 20  20 20 20 20 20 20 20 20
20 20 20 20 20 20 20 20  20 20 20 20 20 6d 6f 6e
74 68 3a 20 22 73 68 6f  72 74 22 2c 0a 20 20 20
20 20 20 20 20 20 20 20  20 20 20 20 20 20 20 20
20 20 20 20 20 68 6f 75  72 3a 20 22 32 2d 64 69
67 69 74 22 2c 0a 20 20  20 20 20 20 20 20 20 20
20 20 20 20 20 20 20 20  20 20 20 20 20 20 6d 69
6e 75 74 65 3a 20 22 32  2d 64 69 67 69 74 22 2c
0a 20 20 20 20 20 20 20  20 20 20 20 20 20 20 20
20 20 20 20 20 20 20 7d  29 7d 0a 20 20 20 20 20
20 20 20 20 20 20 20 20  20 20 20 20 20 20 20 3c
2f 73 70 61 6e 3e 0a 20  20 20 20 20 20 20 20 20
20 20 20 20 20 20 20 20  20 3c 2f 64 69 76 3e 0a
20 20 20 20 20 20 20 20  20 20 20 20 20 20 20 20
20 20 3c 62 75 74 74 6f  6e 0a 20 20 20 20 20 20
20 20 20 20 20 20 20 20  20 20 20 20 20 20 63 6c
61 73 73 4e 61 6d 65 3d  22 73 62 2d 68 69 73 74
6f 72 79 2d 64 65 6c 22  0a 20 20 20 20 20 20 20
20 20 20 20 20 20 20 20  20 20 20 20 20 74 69 74
6c 65 3d 22 48 61 70 75  73 22 0a 20 20 20 20 20
20 20 20 20 20 20 20 20  20 20 20 20 20 20 20 6f
6e 43 6c 69 63 6b 3d 7b  28 65 29 20 3d 3e 20 7b
0a 20 20 20 20 20 20 20  20 20 20 20 20 20 20 20
20 20 20 20 20 20 20 65  2e 73 74 6f 70 50 72 6f
70 61 67 61 74 69 6f 6e  28 29 3b 0a 20 20 20 20
20 20 20 20 20 20 20 20  20 20 20 20 20 20 20 20
20 20 64 65 6c 65 74 65  43 68 61 74 28 63 68 61
74 2e 69 64 29 3b 0a 20  20 20 20 20 20 20 20 20
20 20 20 20 20 20 20 20  20 20 20 7d 7d 0a 20 20
20 20 20 20 20 20 20 20  20 20 20 20 20 20 20 20
3e 0a 20 20 20 20 20 20  20 20 20 20 20 20 20 20
20 20 20 20 20 20 e2 9c  95 0a 20 20 20 20 20 20
20 20 20 20 20 20 20 20  20 20 20 20 3c 2f 62 75
74 74 6f 6e 3e 0a 20 20  20 20 20 20 20 20 20 20
20 20 20 20 20 20 3c 2f  64 69 76 3e 0a 20 20 20
20 20 20 20 20 20 20 20  20 20 20 29 29 0a 20 20
20 20 20 20 20 20 20 20  29 7d 0a 20 20 20 20 20
20 20 20 3c 2f 64 69 76  3e 0a 20 20 20 20 20 20
29 7d 0a 20 20 20 20 20  20 7b 74 65 72 6d 69 6e
61 6c 4f 70 65 6e 20 26  26 20 28 0a 20 20 20 20
20 20 20 20 3c 64 69 76  20 63 6c 61 73 73 4e 61
6d 65 3d 22 73 62 2d 74  65 72 6d 69 6e 61 6c 22
3e 0a 20 20 20 20 20 20  20 20 20 20 3c 64 69 76
20 63 6c 61 73 73 4e 61  6d 65 3d 22 73 62 2d 72
6f 77 22 3e 0a 20 20 20  20 20 20 20 20 20 20 20
20 3c 69 6e 70 75 74 0a  20 20 20 20 20 20 20 20
20 20 20 20 20 20 63 6c  61 73 73 4e 61 6d 65 3d
22 73 62 2d 69 6e 70 75  74 22 0a 20 20 20 20 20
20 20 20 20 20 20 20 20  20 70 6c 61 63 65 68 6f
6c 64 65 72 3d 22 50 65  72 69 6e 74 61 68 22 0a
20 20 20 20 20 20 20 20  20 20 20 20 20 20 76 61
6c 75 65 3d 7b 74 65 72  6d 69 6e 61 6c 2e 69 6e
70 75 74 7d 0a 20 20 20  20 20 20 20 20 20 20 20
20 20 20 6f 6e 43 68 61  6e 67 65 3d 7b 28 65 29
20 3d 3e 20 74 65 72 6d  69 6e 61 6c 2e 73 65 74
49 6e 70 75 74 28 65 2e  74 61 72 67 65 74 2e 76
61 6c 75 65 29 7d 0a 20  20 20 20 20 20 20 20 20
20 20 20 20 20 6f 6e 4b  65 79 44 6f 77 6e 3d 7b
28 65 29 20 3d 3e 20 65  2e 6b 65 79 20 3d 3d 3d
20 22 45 6e 74 65 72 22  20 26 26 20 74 65 72 6d
69 6e 61 6c 2e 72 75 6e  28 29 7d 0a 20 20 20 20
20 20 20 20 20 20 20 20  20 20 64 69 73 61 62 6c
65 64 3d 7b 74 65 72 6d  69 6e 61 6c 2e 6c 6f 61
64 69 6e 67 7d 0a 20 20  20 20 20 20 20 20 20 20
20 20 2f 3e 0a 20 20 20  20 20 20 20 20 20 20 20
20 3c 62 75 74 74 6f 6e  0a 20 20 20 20 20 20 20
20 20 20 20 20 20 20 63  6c 61 73 73 4e 61 6d 65
3d 22 73 62 2d 62 75 74  74 6f 6e 22 0a 20 20 20
20 20 20 20 20 20 20 20  20 20 20 6f 6e 43 6c 69
63 6b 3d 7b 74 65 72 6d  69 6e 61 6c 2e 72 75 6e
7d 0a 20 20 20 20 20 20  20 20 20 20 20 20 20 20
64 69 73 61 62 6c 65 64  3d 7b 74 65 72 6d 69 6e
61 6c 2e 6c 6f 61 64 69  6e 67 7d 0a 20 20 20 20
20 20 20 20 20 20 20 20  3e 0a 20 20 20 20 20 20
20 20 20 20 20 20 20 20  7b 74 65 72 6d 69 6e 61
6c 2e 6c 6f 61 64 69 6e  67 20 3f 20 22 4d 65 6e
6a 61 6c 61 6e 6b 61 6e  2e 2e 2e 22 20 3a 20 22
4a 61 6c 61 6e 6b 61 6e  22 7d 0a 20 20 20 20 20
20 20 20 20 20 20 20 3c  2f 62 75 74 74 6f 6e 3e
0a 20 20 20 20 20 20 20  20 20 20 3c 2f 64 69 76
3e 0a 20 20 20 20 20 20  20 20 20 20 3c 64 69 76
0a 20 20 20 20 20 20 20  20 20 20 20 20 63 6c 61
73 73 4e 61 6d 65 3d 22  73 62 2d 6f 75 74 70 75
74 22 0a 20 20 20 20 20  20 20 20 20 20 20 20 73
74 79 6c 65 3d 7b 7b 0a  20 20 20 20 20 20 20 20
20 20 20 20 20 20 77 68  69 74 65 53 70 61 63 65
3a 20 22 70 72 65 2d 77  72 61 70 22 2c 0a 20 20
20 20 20 20 20 20 20 20  20 20 20 20 77 6f 72 64
42 72 65 61 6b 3a 20 22  62 72 65 61 6b 2d 77 6f
72 64 22 2c 0a 20 20 20  20 20 20 20 20 20 20 20
20 20 20 68 65 69 67 68  74 3a 20 22 31 32 30 70
78 22 2c 0a 20 20 20 20  20 20 20 20 20 20 20 20
20 20 6f 76 65 72 66 6c  6f 77 59 3a 20 22 61 75
74 6f 22 2c 0a 20 20 20  20 20 20 20 20 20 20 20
20 20 20 62 6f 72 64 65  72 54 6f 70 3a 20 22 31
70 78 20 73 6f 6c 69 64  20 23 34 34 34 22 2c 0a
20 20 20 20 20 20 20 20  20 20 20 20 20 20 6d 61
72 67 69 6e 54 6f 70 3a  20 22 38 70 78 22 2c 0a
20 20 20 20 20 20 20 20  20 20 20 20 20 20 70 61
64 64 69 6e 67 54 6f 70  3a 20 22 38 70 78 22 2c
0a 20 20 20 20 20 20 20  20 20 20 20 20 7d 7d 0a
20 20 20 20 20 20 20 20  20 20 3e 0a 20 20 20 20
20 20 20 20 20 20 20 20  7b 74 65 72 6d 69 6e 61
6c 2e 6f 75 74 70 75 74  7d 0a 20 20 20 20 20 20
20 20 20 20 3c 2f 64 69  76 3e 0a 20 20 20 20 20
20 20 20 3c 2f 64 69 76  3e 0a 20 20 20 20 20 20
29 7d 0a 20 20 20 20 3c  2f 61 73 69 64 65 3e 0a
20 20 29 3b 0a 7d 0a 0a  2f 2f 20 4c 69 76 65 20
61 67 65 6e 74 20 70 72  6f 63 65 73 73 20 e2 80
94 20 61 6e 69 6d 61 74  65 64 20 62 75 62 62 6c
65 73 20 73 68 6f 77 69  6e 67 20 65 61 63 68 20
66 69 6c 65 2f 66 6f 6c  64 65 72 20 62 65 69 6e
67 20 77 6f 72 6b 65 64  20 6f 6e 2e 0a 63 6f 6e
73 74 20 41 47 5f 49 43  4f 4e 20 3d 20 7b 0a 20
20 6c 69 73 74 3a 20 22  f0 9f 93 81 22 2c 0a 20
20 67 6c 6f 62 3a 20 22  f0 9f 93 82 22 2c 0a 20
20 72 65 61 64 3a 20 22  f0 9f 93 84 22 2c 0a 20
20 67 72 65 70 3a 20 22  f0 9f 94 8d 22 2c 0a 20
20 65 64 69 74 3a 20 22  e2 9c 8e 22 2c 0a 20 20
77 72 69 74 65 3a 20 22  e2 9c 9a 22 2c 0a 20 20
72 75 6e 3a 20 22 e2 96  b6 22 2c 0a 20 20 62 61
73 68 3a 20 22 e2 96 b6  22 2c 0a 7d 3b 0a 2f 2f
20 53 74 72 69 70 20 74  68 65 20 44 4f 4e 45 20
70 72 6f 74 6f 63 6f 6c  20 6d 61 72 6b 65 72 20
73 6f 20 74 68 65 20 61  67 65 6e 74 27 73 20 61
6e 73 77 65 72 20 72 65  61 64 73 20 63 6c 65 61
6e 2e 0a 66 75 6e 63 74  69 6f 6e 20 63 6c 65 61
6e 41 67 65 6e 74 54 65  78 74 28 73 29 20 7b 0a
20 20 72 65 74 75 72 6e  20 28 73 20 7c 7c 20 22
22 29 0a 20 20 20 20 2e  72 65 70 6c 61 63 65 28
2f 5e 5c 73 2a 60 60 60  2b 5c 73 2a 64 6f 6e 65
5c 62 5b 5e 5c 6e 5d 2a  5c 6e 3f 2f 69 2c 20 22
22 29 20 2f 2f 20 6c 65  61 64 69 6e 67 20 60 60
60 44 4f 4e 45 20 66 65  6e 63 65 20 28 6f 6c 64
20 70 72 6f 74 6f 63 6f  6c 29 0a 20 20 20 20 2e
72 65 70 6c 61 63 65 28  2f 5e 5c 73 2a 64 6f 6e
65 5c 62 5b 3a 5c 73 5d  2a 2f 69 2c 20 22 22 29
20 2f 2f 20 6c 65 61 64  69 6e 67 20 22 44 4f 4e
45 22 20 2f 20 22 44 4f  4e 45 3a 22 0a 20 20 20
20 2e 72 65 70 6c 61 63  65 28 2f 5c 6e 2a 5c 73
2a 5c 62 64 6f 6e 65 5c  62 5c 73 2a 24 2f 69 2c
20 22 22 29 20 2f 2f 20  74 72 61 69 6c 69 6e 67
20 73 74 61 6e 64 61 6c  6f 6e 65 20 44 4f 4e 45
0a 20 20 20 20 2e 74 72  69 6d 28 29 3b 0a 7d 0a
66 75 6e 63 74 69 6f 6e  20 54 6f 6f 6c 4f 75 74
70 75 74 28 7b 20 74 65  78 74 2c 20 6f 6b 2c 20
6b 69 6e 64 2c 20 61 72  67 20 7d 29 20 7b 0a 20
20 63 6f 6e 73 74 20 5b  65 64 52 65 61 64 79 2c
20 73 65 74 45 64 52 65  61 64 79 5d 20 3d 20 75
73 65 53 74 61 74 65 28  66 61 6c 73 65 29 3b 0a
20 20 63 6f 6e 73 74 20  68 6f 73 74 52 65 66 20
3d 20 75 73 65 52 65 66  28 6e 75 6c 6c 29 3b 0a
20 20 63 6f 6e 73 74 20  65 64 52 65 66 20 3d 20
75 73 65 52 65 66 28 6e  75 6c 6c 29 3b 0a 20 20
2f 2f 20 64 65 74 65 63  74 20 6c 61 6e 67 75 61
67 65 20 66 72 6f 6d 20  74 6f 6f 6c 20 6b 69 6e
64 20 2b 20 66 69 6c 65  20 65 78 74 65 6e 73 69
6f 6e 20 2b 20 63 6f 6e  74 65 6e 74 0a 20 20 63
6f 6e 73 74 20 6c 61 6e  67 75 61 67 65 20 3d 20
75 73 65 4d 65 6d 6f 28  28 29 20 3d 3e 20 7b 0a
20 20 20 20 69 66 20 28  6b 69 6e 64 20 3d 3d 3d
20 22 72 65 61 64 22 20  26 26 20 61 72 67 29 20
7b 0a 20 20 20 20 20 20  63 6f 6e 73 74 20 65 78
74 20 3d 20 28 61 72 67  20 7c 7c 20 22 22 29 2e
73 70 6c 69 74 28 22 2e  22 29 2e 70 6f 70 28 29
2e 74 6f 4c 6f 77 65 72  43 61 73 65 28 29 3b 0a
20 20 20 20 20 20 63 6f  6e 73 74 20 6c 61 6e 67
4d 61 70 20 3d 20 7b 0a  20 20 20 20 20 20 20 20
6a 73 3a 20 22 6a 61 76  61 73 63 72 69 70 74 22
2c 0a 20 20 20 20 20 20  20 20 6a 73 78 3a 20 22
6a 61 76 61 73 63 72 69  70 74 22 2c 0a 20 20 20
20 20 20 20 20 74 73 3a  20 22 74 79 70 65 73 63
72 69 70 74 22 2c 0a 20  20 20 20 20 20 20 20 74
73 78 3a 20 22 74 79 70  65 73 63 72 69 70 74 22
2c 0a 20 20 20 20 20 20  20 20 70 79 3a 20 22 70
79 74 68 6f 6e 22 2c 0a  20 20 20 20 20 20 20 20
72 62 3a 20 22 72 75 62  79 22 2c 0a 20 20 20 20
20 20 20 20 67 6f 3a 20  22 67 6f 22 2c 0a 20 20
20 20 20 20 20 20 72 73  3a 20 22 72 75 73 74 22
2c 0a 20 20 20 20 20 20  20 20 6a 61 76 61 3a 20
22 6a 61 76 61 22 2c 0a  20 20 20 20 20 20 20 20
63 3a 20 22 63 22 2c 0a  20 20 20 20 20 20 20 20
63 70 70 3a 20 22 63 70  70 22 2c 0a 20 20 20 20
20 20 20 20 64 61 72 74  3a 20 22 64 61 72 74 22
2c 0a 20 20 20 20 20 20  20 20 70 68 70 3a 20 22
70 68 70 22 2c 0a 20 20  20 20 20 20 20 20 79 6d
6c 3a 20 22 79 61 6d 6c  22 2c 0a 20 20 20 20 20
20 20 20 79 61 6d 6c 3a  20 22 79 61 6d 6c 22 2c
0a 20 20 20 20 20 20 20  20 6a 73 6f 6e 3a 20 22
6a 73 6f 6e 22 2c 0a 20  20 20 20 20 20 20 20 78
6d 6c 3a 20 22 78 6d 6c  22 2c 0a 20 20 20 20 20
20 20 20 68 74 6d 6c 3a  20 22 68 74 6d 6c 22 2c
0a 20 20 20 20 20 20 20  20 63 73 73 3a 20 22 63
73 73 22 2c 0a 20 20 20  20 20 20 20 20 6d 64 3a
20 22 6d 61 72 6b 64 6f  77 6e 22 2c 0a 20 20 20
20 20 20 20 20 73 71 6c  3a 20 22 73 71 6c 22 2c
0a 20 20 20 20 20 20 20  20 73 68 3a 20 22 73 68
65 6c 6c 22 2c 0a 20 20  20 20 20 20 20 20 62 61
73 68 3a 20 22 73 68 65  6c 6c 22 2c 0a 20 20 20
20 20 20 20 20 70 73 31  3a 20 22 70 6f 77 65 72
73 68 65 6c 6c 22 2c 0a  20 20 20 20 20 20 20 20
63 6a 73 3a 20 22 6a 61  76 61 73 63 72 69 70 74
22 2c 0a 20 20 20 20 20  20 20 20 6d 6a 73 3a 20
22 6a 61 76 61 73 63 72  69 70 74 22 2c 0a 20 20
20 20 20 20 20 20 6b 74  3a 20 22 6b 6f 74 6c 69
6e 22 2c 0a 20 20 20 20  20 20 20 20 73 77 69 66
74 3a 20 22 73 77 69 66  74 22 2c 0a 20 20 20 20
20 20 7d 3b 0a 20 20 20  20 20 20 72 65 74 75 72
6e 20 6c 61 6e 67 4d 61  70 5b 65 78 74 5d 20 7c
7c 20 22 70 6c 61 69 6e  74 65 78 74 22 3b 0a 20
20 20 20 7d 0a 20 20 20  20 69 66 20 28 74 65 78
74 29 20 7b 0a 20 20 20  20 20 20 69 66 20 28 0a
20 20 20 20 20 20 20 20  2f 5e 28 3f 3a 69 6d 70
6f 72 74 7c 65 78 70 6f  72 74 7c 63 6f 6e 73 74
7c 6c 65 74 7c 76 61 72  7c 66 75 6e 63 74 69 6f
6e 7c 63 6c 61 73 73 7c  61 73 79 6e 63 7c 61 77
61 69 74 7c 72 65 71 75  69 72 65 29 5c 62 2f 6d
2e 74 65 73 74 28 0a 20  20 20 20 20 20 20 20 20
20 74 65 78 74 2c 0a 20  20 20 20 20 20 20 20 29
0a 20 20 20 20 20 20 29  0a 20 20 20 20 20 20 20
20 72 65 74 75 72 6e 20  22 6a 61 76 61 73 63 72
69 70 74 22 3b 0a 20 20  20 20 20 20 69 66 20 28
2f 5e 28 3f 3a 64 65 66  20 7c 63 6c 61 73 73 20
7c 69 6d 70 6f 72 74 20  7c 66 72 6f 6d 20 7c 70
72 69 6e 74 5c 62 29 2f  6d 2e 74 65 73 74 28 74
65 78 74 29 29 20 72 65  74 75 72 6e 20 22 70 79
74 68 6f 6e 22 3b 0a 20  20 20 20 20 20 69 66 20
28 2f 5e 28 3f 3a 66 6e  20 7c 70 75 62 20 7c 6c
65 74 20 7c 6d 75 74 20  7c 69 6d 70 6c 20 7c 65
6e 75 6d 20 7c 73 74 72  75 63 74 20 29 2f 6d 2e
74 65 73 74 28 74 65 78  74 29 29 0a 20 20 20 20
20 20 20 20 72 65 74 75  72 6e 20 22 72 75 73 74
22 3b 0a 20 20 20 20 20  20 69 66 20 28 2f 5e 28
3f 3a 66 75 6e 63 20 7c  70 61 63 6b 61 67 65 20
7c 69 6d 70 6f 72 74 20  7c 66 6d 74 5c 2e 29 2f
6d 2e 74 65 73 74 28 74  65 78 74 29 29 20 72 65
74 75 72 6e 20 22 67 6f  22 3b 0a 20 20 20 20 20
20 69 66 20 28 2f 5e 3c  2f 6d 2e 74 65 73 74 28
74 65 78 74 29 20 26 26  20 2f 3c 5c 2f 3f 5b 61
2d 7a 5d 2f 69 2e 74 65  73 74 28 74 65 78 74 29
29 20 72 65 74 75 72 6e  20 22 68 74 6d 6c 22 3b
0a 20 20 20 20 20 20 69  66 20 28 2f 5e 5c 7b 2f
6d 2e 74 65 73 74 28 74  65 78 74 29 20 7c 7c 20
2f 22 5b 5e 22 5d 2a 22  5c 73 2a 3a 2f 6d 2e 74
65 73 74 28 74 65 78 74  29 29 20 72 65 74 75 72
6e 20 22 6a 73 6f 6e 22  3b 0a 20 20 20 20 20 20
69 66 20 28 2f 5e 28 3f  3a 23 21 7c 5c 24 20 7c
6e 70 6d 20 7c 67 69 74  20 7c 63 64 20 7c 6c 73
20 7c 65 63 68 6f 20 7c  63 61 74 20 29 2f 6d 2e
74 65 73 74 28 74 65 78  74 29 29 0a 20 20 20 20
20 20 20 20 72 65 74 75  72 6e 20 22 73 68 65 6c
6c 22 3b 0a 20 20 20 20  7d 0a 20 20 20 20 72 65
74 75 72 6e 20 22 70 6c  61 69 6e 74 65 78 74 22
3b 0a 20 20 7d 2c 20 5b  6b 69 6e 64 2c 20 61 72
67 2c 20 74 65 78 74 5d  29 3b 0a 20 20 2f 2f 20
63 72 65 61 74 65 20 4d  6f 6e 61 63 6f 20 65 64
69 74 6f 72 0a 20 20 75  73 65 45 66 66 65 63 74
28 28 29 20 3d 3e 20 7b  0a 20 20 20 20 6c 65 74
20 64 69 73 70 6f 73 65  64 20 3d 20 66 61 6c 73
65 3b 0a 20 20 20 20 6c  65 74 20 72 65 74 72 69
65 73 20 3d 20 30 3b 0a  20 20 20 20 69 66 20 28
21 77 69 6e 64 6f 77 2e  6d 6f 6e 61 63 6f 52 65
61 64 79 29 20 72 65 74  75 72 6e 3b 0a 20 20 20
20 77 69 6e 64 6f 77 2e  6d 6f 6e 61 63 6f 52 65
61 64 79 2e 74 68 65 6e  28 28 6d 6f 6e 61 63 6f
29 20 3d 3e 20 7b 0a 20  20 20 20 20 20 69 66 20
28 64 69 73 70 6f 73 65  64 20 7c 7c 20 21 68 6f
73 74 52 65 66 2e 63 75  72 72 65 6e 74 29 20 72
65 74 75 72 6e 3b 0a 20  20 20 20 20 20 63 6f 6e
73 74 20 74 72 79 43 72  65 61 74 65 20 3d 20 28
29 20 3d 3e 20 7b 0a 20  20 20 20 20 20 20 20 69
66 20 28 64 69 73 70 6f  73 65 64 20 7c 7c 20 21
68 6f 73 74 52 65 66 2e  63 75 72 72 65 6e 74 29
20 72 65 74 75 72 6e 3b  0a 20 20 20 20 20 20 20
20 74 72 79 20 7b 0a 20  20 20 20 20 20 20 20 20
20 63 6f 6e 73 74 20 65  64 20 3d 20 6d 6f 6e 61
63 6f 2e 65 64 69 74 6f  72 2e 63 72 65 61 74 65
28 68 6f 73 74 52 65 66  2e 63 75 72 72 65 6e 74
2c 20 7b 0a 20 20 20 20  20 20 20 20 20 20 20 20
76 61 6c 75 65 3a 20 74  65 78 74 20 7c 7c 20 22
22 2c 0a 20 20 20 20 20  20 20 20 20 20 20 20 6c
61 6e 67 75 61 67 65 2c  0a 20 20 20 20 20 20 20
20 20 20 20 20 74 68 65  6d 65 3a 20 22 76 73 2d
64 61 72 6b 22 2c 0a 20  20 20 20 20 20 20 20 20
20 20 20 61 75 74 6f 6d  61 74 69 63 4c 61 79 6f
75 74 3a 20 74 72 75 65  2c 0a 20 20 20 20 20 20
20 20 20 20 20 20 6d 69  6e 69 6d 61 70 3a 20 7b
20 65 6e 61 62 6c 65 64  3a 20 66 61 6c 73 65 20
7d 2c 0a 20 20 20 20 20  20 20 20 20 20 20 20 73
63 72 6f 6c 6c 42 65 79  6f 6e 64 4c 61 73 74 4c
69 6e 65 3a 20 66 61 6c  73 65 2c 0a 20 20 20 20
20 20 20 20 20 20 20 20  66 6f 6e 74 53 69 7a 65
3a 20 31 32 2c 0a 20 20  20 20 20 20 20 20 20 20
20 20 6c 69 6e 65 4e 75  6d 62 65 72 73 3a 20 22
6f 6e 22 2c 0a 20 20 20  20 20 20 20 20 20 20 20
20 72 65 6e 64 65 72 4c  69 6e 65 48 69 67 68 6c
69 67 68 74 3a 20 22 6e  6f 6e 65 22 2c 0a 20 20
20 20 20 20 20 20 20 20  20 20 74 61 62 53 69 7a
65 3a 20 32 2c 0a 20 20  20 20 20 20 20 20 20 20
20 20 73 63 72 6f 6c 6c  62 61 72 3a 20 7b 20 61
6c 77 61 79 73 43 6f 6e  73 75 6d 65 4d 6f 75 73
65 57 68 65 65 6c 3a 20  66 61 6c 73 65 20 7d 2c
0a 20 20 20 20 20 20 20  20 20 20 20 20 70 61 64
64 69 6e 67 3a 20 7b 20  74 6f 70 3a 20 36 2c 20
62 6f 74 74 6f 6d 3a 20  36 20 7d 2c 0a 20 20 20
20 20 20 20 20 20 20 20  20 77 6f 72 64 57 72 61
70 3a 20 22 6f 6e 22 2c  0a 20 20 20 20 20 20 20
20 20 20 20 20 72 65 61  64 4f 6e 6c 79 3a 20 74
72 75 65 2c 0a 20 20 20  20 20 20 20 20 20 20 20
20 64 6f 6d 52 65 61 64  4f 6e 6c 79 3a 20 74 72
75 65 2c 0a 20 20 20 20  20 20 20 20 20 20 20 20
63 6f 6e 74 65 78 74 6d  65 6e 75 3a 20 66 61 6c
73 65 2c 0a 20 20 20 20  20 20 20 20 20 20 20 20
66 6f 6c 64 69 6e 67 3a  20 74 72 75 65 2c 0a 20
20 20 20 20 20 20 20 20  20 20 20 67 6c 79 70 68
4d 61 72 67 69 6e 3a 20  66 61 6c 73 65 2c 0a 20
20 20 20 20 20 20 20 20  20 20 20 6c 69 6e 65 44
65 63 6f 72 61 74 69 6f  6e 73 57 69 64 74 68 3a
20 30 2c 0a 20 20 20 20  20 20 20 20 20 20 20 20
6c 69 6e 65 4e 75 6d 62  65 72 73 4d 69 6e 43 68
61 72 73 3a 20 31 2c 0a  20 20 20 20 20 20 20 20
20 20 7d 29 3b 0a 20 20  20 20 20 20 20 20 20 20
65 64 52 65 66 2e 63 75  72 72 65 6e 74 20 3d 20
65 64 3b 0a 20 20 20 20  20 20 20 20 20 20 73 65
74 45 64 52 65 61 64 79  28 74 72 75 65 29 3b 0a
20 20 20 20 20 20 20 20  20 20 63 6f 6e 73 74 20
66 69 74 20 3d 20 28 29  20 3d 3e 20 7b 0a 20 20
20 20 20 20 20 20 20 20  20 20 69 66 20 28 21 68
6f 73 74 52 65 66 2e 63  75 72 72 65 6e 74 29 20
72 65 74 75 72 6e 3b 0a  20 20 20 20 20 20 20 20
20 20 20 20 68 6f 73 74  52 65 66 2e 63 75 72 72
65 6e 74 2e 73 74 79 6c  65 2e 68 65 69 67 68 74
20 3d 0a 20 20 20 20 20  20 20 20 20 20 20 20 20
20 4d 61 74 68 2e 6d 69  6e 28 4d 61 74 68 2e 6d
61 78 28 65 64 2e 67 65  74 43 6f 6e 74 65 6e 74
48 65 69 67 68 74 28 29  2c 20 32 38 29 2c 20 34
30 30 29 20 2b 20 22 70  78 22 3b 0a 20 20 20 20
20 20 20 20 20 20 20 20  65 64 2e 6c 61 79 6f 75
74 28 29 3b 0a 20 20 20  20 20 20 20 20 20 20 7d
3b 0a 20 20 20 20 20 20  20 20 20 20 65 64 2e 6f
6e 44 69 64 43 6f 6e 74  65 6e 74 53 69 7a 65 43
68 61 6e 67 65 28 66 69  74 29 3b 0a 20 20 20 20
20 20 20 20 20 20 66 69  74 28 29 3b 0a 20 20 20
20 20 20 20 20 7d 20 63  61 74 63 68 20 28 65 29
20 7b 0a 20 20 20 20 20  20 20 20 20 20 69 66 20
28 72 65 74 72 69 65 73  20 3c 20 31 30 29 20 7b
0a 20 20 20 20 20 20 20  20 20 20 20 20 72 65 74
72 69 65 73 2b 2b 3b 0a  20 20 20 20 20 20 20 20
20 20 20 20 69 66 20 28  68 6f 73 74 52 65 66 2e
63 75 72 72 65 6e 74 29  20 68 6f 73 74 52 65 66
2e 63 75 72 72 65 6e 74  2e 73 74 79 6c 65 2e 64
69 73 70 6c 61 79 20 3d  20 22 62 6c 6f 63 6b 22
3b 0a 20 20 20 20 20 20  20 20 20 20 20 20 73 65
74 54 69 6d 65 6f 75 74  28 74 72 79 43 72 65 61
74 65 2c 20 30 29 3b 0a  20 20 20 20 20 20 20 20
20 20 7d 20 65 6c 73 65  20 7b 0a 20 20 20 20 20
20 20 20 20 20 20 20 73  65 74 45 64 52 65 61 64
79 28 66 61 6c 73 65 29  3b 0a 20 20 20 20 20 20
20 20 20 20 7d 0a 20 20  20 20 20 20 20 20 7d 0a
20 20 20 20 20 20 7d 3b  0a 20 20 20 20 20 20 74
72 79 43 72 65 61 74 65  28 29 3b 0a 20 20 20 20
7d 29 3b 0a 20 20 20 20  72 65 74 75 72 6e 20 28
29 20 3d 3e 20 7b 0a 20  20 20 20 20 20 64 69 73
70 6f 73 65 64 20 3d 20  74 72 75 65 3b 0a 20 20
20 20 20 20 69 66 20 28  65 64 52 65 66 2e 63 75
72 72 65 6e 74 29 20 7b  0a 20 20 20 20 20 20 20
20 65 64 52 65 66 2e 63  75 72 72 65 6e 74 2e 64
69 73 70 6f 73 65 28 29  3b 0a 20 20 20 20 20 20
20 20 65 64 52 65 66 2e  63 75 72 72 65 6e 74 20
3d 20 6e 75 6c 6c 3b 0a  20 20 20 20 20 20 7d 0a
20 20 20 20 7d 3b 0a 20  20 7d 2c 20 5b 6c 61 6e
67 75 61 67 65 5d 29 3b  0a 20 20 2f 2f 20 66 6f
6c 6c 6f 77 20 74 65 78  74 20 63 68 61 6e 67 65
73 0a 20 20 75 73 65 45  66 66 65 63 74 28 28 29
20 3d 3e 20 7b 0a 20 20  20 20 63 6f 6e 73 74 20
65 64 20 3d 20 65 64 52  65 66 2e 63 75 72 72 65
6e 74 3b 0a 20 20 20 20  69 66 20 28 65 64 20 26
26 20 65 64 2e 67 65 74  56 61 6c 75 65 28 29 20
21 3d 3d 20 74 65 78 74  29 20 65 64 2e 73 65 74
56 61 6c 75 65 28 74 65  78 74 20 7c 7c 20 22 22
29 3b 0a 20 20 7d 2c 20  5b 74 65 78 74 5d 29 3b
0a 20 20 72 65 74 75 72  6e 20 28 0a 20 20 20 20
3c 64 69 76 20 63 6c 61  73 73 4e 61 6d 65 3d 7b
22 61 72 2d 6f 75 74 22  20 2b 20 28 6f 6b 20 3f
20 22 22 20 3a 20 22 20  65 72 72 22 29 7d 3e 0a
20 20 20 20 20 20 3c 64  69 76 0a 20 20 20 20 20
20 20 20 63 6c 61 73 73  4e 61 6d 65 3d 22 61 72
2d 6f 75 74 2d 6d 6f 6e  61 2d 68 6f 73 74 22 0a
20 20 20 20 20 20 20 20  72 65 66 3d 7b 68 6f 73
74 52 65 66 7d 0a 20 20  20 20 20 20 20 20 73 74
79 6c 65 3d 7b 7b 20 64  69 73 70 6c 61 79 3a 20
65 64 52 65 61 64 79 20  3f 20 22 62 6c 6f 63 6b
22 20 3a 20 22 6e 6f 6e  65 22 20 7d 7d 0a 20 20
20 20 20 20 2f 3e 0a 20  20 20 20 20 20 7b 21 65
64 52 65 61 64 79 20 26  26 20 28 0a 20 20 20 20
20 20 20 20 3c 70 72 65  0a 20 20 20 20 20 20 20
20 20 20 73 74 79 6c 65  3d 7b 7b 0a 20 20 20 20
20 20 20 20 20 20 20 20  6d 61 72 67 69 6e 3a 20
30 2c 0a 20 20 20 20 20  20 20 20 20 20 20 20 66
6f 6e 74 3a 20 22 69 6e  68 65 72 69 74 22 2c 0a
20 20 20 20 20 20 20 20  20 20 20 20 63 6f 6c 6f
72 3a 20 22 69 6e 68 65  72 69 74 22 2c 0a 20 20
20 20 20 20 20 20 20 20  20 20 62 61 63 6b 67 72
6f 75 6e 64 3a 20 22 74  72 61 6e 73 70 61 72 65
6e 74 22 2c 0a 20 20 20  20 20 20 20 20 20 20 20
20 77 68 69 74 65 53 70  61 63 65 3a 20 22 70 72
65 2d 77 72 61 70 22 2c  0a 20 20 20 20 20 20 20
20 20 20 20 20 77 6f 72  64 42 72 65 61 6b 3a 20
22 62 72 65 61 6b 2d 77  6f 72 64 22 2c 0a 20 20
20 20 20 20 20 20 20 20  20 20 6d 61 78 48 65 69
67 68 74 3a 20 32 30 30  2c 0a 20 20 20 20 20 20
20 20 20 20 20 20 6f 76  65 72 66 6c 6f 77 59 3a
20 22 61 75 74 6f 22 2c  0a 20 20 20 20 20 20 20
20 20 20 7d 7d 0a 20 20  20 20 20 20 20 20 3e 0a
20 20 20 20 20 20 20 20  20 20 7b 74 65 78 74 7d
0a 20 20 20 20 20 20 20  20 3c 2f 70 72 65 3e 0a
20 20 20 20 20 20 29 7d  0a 20 20 20 20 3c 2f 64
69 76 3e 0a 20 20 29 3b  0a 7d 0a 0a 66 75 6e 63
74 69 6f 6e 20 41 67 65  6e 74 53 74 65 70 73 28
7b 20 72 75 6e 2c 20 6f  6e 41 69 45 64 69 74 2c
20 62 75 73 79 20 7d 29  20 7b 0a 20 20 2f 2f 20
72 75 6e 20 3d 20 7b 20  65 76 65 6e 74 73 3a 5b
2e 2e 2e 5d 2c 20 74 68  69 6e 6b 69 6e 67 2c 20
62 75 73 79 2c 20 73 75  6d 6d 61 72 79 2c 20 64
6f 6e 65 2c 20 65 72 72  6f 72 2c 20 62 61 63 6b
75 70 2c 20 65 64 69 74  43 6f 75 6e 74 2c 20 72
75 6e 20 7d 0a 20 20 63  6f 6e 73 74 20 5b 65 78
70 61 6e 64 65 64 2c 20  73 65 74 45 78 70 61 6e
64 65 64 5d 20 3d 20 75  73 65 53 74 61 74 65 28
7b 7d 29 3b 0a 20 20 63  6f 6e 73 74 20 61 63 74
73 20 3d 20 28 72 75 6e  2e 65 76 65 6e 74 73 20
7c 7c 20 5b 5d 29 2e 66  69 6c 74 65 72 28 0a 20
20 20 20 28 65 29 20 3d  3e 20 65 2e 74 79 70 65
20 3d 3d 3d 20 22 61 63  74 22 20 7c 7c 20 65 2e
74 79 70 65 20 3d 3d 3d  20 22 65 72 72 22 2c 0a
20 20 29 3b 0a 20 20 63  6f 6e 73 74 20 73 75 6d
6d 61 72 79 20 3d 20 63  6c 65 61 6e 41 67 65 6e
74 54 65 78 74 28 72 75  6e 2e 73 75 6d 6d 61 72
79 29 3b 0a 20 20 2f 2f  20 50 6c 61 69 6e 20 61
6e 73 77 65 72 20 28 6e  6f 20 74 6f 6f 6c 73 20
75 73 65 64 29 20 e2 86  92 20 72 65 6e 64 65 72
20 6c 69 6b 65 20 61 20  6e 6f 72 6d 61 6c 20 63
68 61 74 20 72 65 70 6c  79 20 28 63 6f 64 65 20
62 6c 6f 63 6b 73 20 2b  0a 20 20 2f 2f 20 74 65
72 6d 69 6e 61 6c 2f 76  65 72 64 69 63 74 20 77
68 65 6e 20 74 68 65 20  72 65 70 6c 79 20 63 6f
6e 74 61 69 6e 65 64 20  72 75 6e 6e 61 62 6c 65
20 63 6f 64 65 29 2c 20  6e 6f 74 20 61 20 74 69
6d 65 6c 69 6e 65 2e 0a  20 20 69 66 20 28 72 75
6e 2e 64 6f 6e 65 20 26  26 20 61 63 74 73 2e 6c
65 6e 67 74 68 20 3d 3d  3d 20 30 20 26 26 20 21
72 75 6e 2e 65 72 72 6f  72 29 20 7b 0a 20 20 20
20 72 65 74 75 72 6e 20  28 0a 20 20 20 20 20 20
3c 3e 0a 20 20 20 20 20  20 20 20 3c 64 69 76 20
63 6c 61 73 73 4e 61 6d  65 3d 22 62 75 62 62 6c
65 2d 6d 6f 64 65 6c 22  3e 0a 20 20 20 20 20 20
20 20 20 20 3c 42 6c 6f  63 6b 73 20 74 65 78 74
3d 7b 73 75 6d 6d 61 72  79 7d 20 6f 6e 41 69 45
64 69 74 3d 7b 6f 6e 41  69 45 64 69 74 7d 20 62
75 73 79 3d 7b 62 75 73  79 7d 20 2f 3e 0a 20 20
20 20 20 20 20 20 3c 2f  64 69 76 3e 0a 20 20 20
20 20 20 20 20 3c 56 65  72 64 69 63 74 20 72 75
6e 3d 7b 72 75 6e 2e 72  75 6e 7d 20 2f 3e 0a 20
20 20 20 20 20 3c 2f 3e  0a 20 20 20 20 29 3b 0a
20 20 7d 0a 20 20 69 66  20 28 21 72 75 6e 2e 62
75 73 79 20 26 26 20 61  63 74 73 2e 6c 65 6e 67
74 68 20 3d 3d 3d 20 30  20 26 26 20 72 75 6e 2e
65 72 72 6f 72 29 20 7b  0a 20 20 20 20 72 65 74
75 72 6e 20 28 0a 20 20  20 20 20 20 3c 64 69 76
20 63 6c 61 73 73 4e 61  6d 65 3d 22 62 75 62 62
6c 65 2d 6d 6f 64 65 6c  22 20 73 74 79 6c 65 3d
7b 7b 20 63 6f 6c 6f 72  3a 20 22 23 66 63 61 35
61 35 22 20 7d 7d 3e 0a  20 20 20 20 20 20 20 20
7b 73 75 6d 6d 61 72 79  20 7c 7c 20 28 72 75 6e
2e 65 76 65 6e 74 73 20  26 26 20 72 75 6e 2e 65
76 65 6e 74 73 5b 30 5d  20 26 26 20 72 75 6e 2e
65 76 65 6e 74 73 5b 30  5d 2e 6d 29 20 7c 7c 20
22 65 72 72 6f 72 22 7d  0a 20 20 20 20 20 20 3c
2f 64 69 76 3e 0a 20 20  20 20 29 3b 0a 20 20 7d
0a 20 20 72 65 74 75 72  6e 20 28 0a 20 20 20 20
3c 64 69 76 20 63 6c 61  73 73 4e 61 6d 65 3d 7b
22 61 67 65 6e 74 2d 66  6c 6f 77 22 20 2b 20 28
72 75 6e 2e 62 75 73 79  20 3f 20 22 20 62 75 73
79 22 20 3a 20 22 22 29  7d 3e 0a 20 20 20 20 20
20 3c 64 69 76 20 63 6c  61 73 73 4e 61 6d 65 3d
7b 22 61 67 65 6e 74 2d  66 6c 6f 77 2d 68 65 61
64 22 20 2b 20 28 72 75  6e 2e 62 75 73 79 20 3f
20 22 20 62 75 73 79 22  20 3a 20 22 22 29 7d 3e
0a 20 20 20 20 20 20 20  20 7b 72 75 6e 2e 62 75
73 79 20 3f 20 28 0a 20  20 20 20 20 20 20 20 20
20 3c 73 70 61 6e 20 63  6c 61 73 73 4e 61 6d 65
3d 22 61 67 65 6e 74 2d  73 70 69 6e 22 20 2f 3e
0a 20 20 20 20 20 20 20  20 29 20 3a 20 28 0a 20
20 20 20 20 20 20 20 20  20 3c 73 70 61 6e 20 63
6c 61 73 73 4e 61 6d 65  3d 7b 22 61 67 65 6e 74
2d 64 6f 74 22 20 2b 20  28 72 75 6e 2e 65 72 72
6f 72 20 3f 20 22 20 65  72 72 22 20 3a 20 22 20
64 6f 6e 65 22 29 7d 20  2f 3e 0a 20 20 20 20 20
20 20 20 29 7d 0a 20 20  20 20 20 20 20 20 3c 73
70 61 6e 20 63 6c 61 73  73 4e 61 6d 65 3d 22 61
67 65 6e 74 2d 66 6c 6f  77 2d 74 69 74 6c 65 22
3e 0a 20 20 20 20 20 20  20 20 20 20 7b 72 75 6e
2e 62 75 73 79 20 3f 20  28 0a 20 20 20 20 20 20
20 20 20 20 20 20 3c 3e  0a 20 20 20 20 20 20 20
20 20 20 20 20 20 20 4d  65 6d 70 72 6f 73 65 73
0a 20 20 20 20 20 20 20  20 20 20 20 20 20 20 3c
73 70 61 6e 20 63 6c 61  73 73 4e 61 6d 65 3d 22
61 67 65 6e 74 2d 65 6c  6c 22 3e 0a 20 20 20 20
20 20 20 20 20 20 20 20  20 20 20 20 3c 73 70 61
6e 3e 2e 3c 2f 73 70 61  6e 3e 0a 20 20 20 20 20
20 20 20 20 20 20 20 20  20 20 20 3c 73 70 61 6e
3e 2e 3c 2f 73 70 61 6e  3e 0a 20 20 20 20 20 20
20 20 20 20 20 20 20 20  20 20 3c 73 70 61 6e 3e
2e 3c 2f 73 70 61 6e 3e  0a 20 20 20 20 20 20 20
20 20 20 20 20 20 20 3c  2f 73 70 61 6e 3e 7b 22
20 22 7d 0a 20 20 20 20  20 20 20 20 20 20 20 20
20 20 6c 61 6e 67 6b 61  68 20 7b 72 75 6e 2e 73
74 65 70 20 7c 7c 20 31  7d 0a 20 20 20 20 20 20
20 20 20 20 20 20 3c 2f  3e 0a 20 20 20 20 20 20
20 20 20 20 29 20 3a 20  72 75 6e 2e 65 72 72 6f
72 20 3f 20 28 0a 20 20  20 20 20 20 20 20 20 20
20 20 22 42 65 72 68 65  6e 74 69 22 0a 20 20 20
20 20 20 20 20 20 20 29  20 3a 20 28 0a 20 20 20
20 20 20 20 20 20 20 20  20 22 53 65 6c 65 73 61
69 22 0a 20 20 20 20 20  20 20 20 20 20 29 7d 0a
20 20 20 20 20 20 20 20  3c 2f 73 70 61 6e 3e 0a
20 20 20 20 20 20 20 20  7b 72 75 6e 2e 62 61 63
6b 75 70 20 3f 20 28 0a  20 20 20 20 20 20 20 20
20 20 3c 73 70 61 6e 20  63 6c 61 73 73 4e 61 6d
65 3d 22 61 67 65 6e 74  2d 62 61 63 6b 75 70 22
20 74 69 74 6c 65 3d 22  63 61 64 61 6e 67 61 6e
20 73 6f 75 72 63 65 20  73 65 62 65 6c 75 6d 20
64 69 65 64 69 74 22 3e  0a 20 20 20 20 20 20 20
20 20 20 20 20 e2 a4 ba  20 7b 72 75 6e 2e 62 61
63 6b 75 70 7d 0a 20 20  20 20 20 20 20 20 20 20
3c 2f 73 70 61 6e 3e 0a  20 20 20 20 20 20 20 20
29 20 3a 20 6e 75 6c 6c  7d 0a 20 20 20 20 20 20
20 20 7b 72 75 6e 2e 70  68 61 73 65 20 3f 20 28
0a 20 20 20 20 20 20 20  20 20 20 3c 73 70 61 6e
20 63 6c 61 73 73 4e 61  6d 65 3d 7b 22 61 67 65
6e 74 2d 70 68 61 73 65  20 61 67 65 6e 74 2d 70
68 61 73 65 2d 22 20 2b  20 72 75 6e 2e 70 68 61
73 65 7d 3e 0a 20 20 20  20 20 20 20 20 20 20 20
20 7b 72 75 6e 2e 70 68  61 73 65 20 3d 3d 3d 20
22 70 6c 61 6e 22 20 3f  20 22 f0 9f 93 8b 20 50
6c 61 6e 22 20 3a 20 22  f0 9f 94 a8 20 42 75 69
6c 64 22 7d 0a 20 20 20  20 20 20 20 20 20 20 3c
2f 73 70 61 6e 3e 0a 20  20 20 20 20 20 20 20 29
20 3a 20 6e 75 6c 6c 7d  0a 20 20 20 20 20 20 3c
2f 64 69 76 3e 0a 20 20  20 20 20 20 3c 64 69 76
20 63 6c 61 73 73 4e 61  6d 65 3d 22 61 67 65 6e
74 2d 73 74 65 70 73 22  3e 0a 20 20 20 20 20 20
20 20 7b 61 63 74 73 2e  6d 61 70 28 28 65 2c 20
69 29 20 3d 3e 0a 20 20  20 20 20 20 20 20 20 20
65 2e 74 79 70 65 20 3d  3d 3d 20 22 65 72 72 22
20 3f 20 28 0a 20 20 20  20 20 20 20 20 20 20 20
20 3c 64 69 76 20 6b 65  79 3d 7b 69 7d 20 63 6c
61 73 73 4e 61 6d 65 3d  22 61 67 65 6e 74 2d 72
6f 77 20 66 61 69 6c 22  3e 0a 20 20 20 20 20 20
20 20 20 20 20 20 20 20  3c 64 69 76 20 63 6c 61
73 73 4e 61 6d 65 3d 22  61 72 2d 6c 69 6e 65 22
3e 0a 20 20 20 20 20 20  20 20 20 20 20 20 20 20
20 20 3c 73 70 61 6e 20  63 6c 61 73 73 4e 61 6d
65 3d 22 61 72 2d 68 65  61 64 65 72 22 3e 0a 20
20 20 20 20 20 20 20 20  20 20 20 20 20 20 20 20
20 3c 73 70 61 6e 20 63  6c 61 73 73 4e 61 6d 65
3d 22 61 72 2d 76 65 72  62 22 3e 65 72 72 6f 72
3c 2f 73 70 61 6e 3e 0a  20 20 20 20 20 20 20 20
20 20 20 20 20 20 20 20  20 20 3c 73 70 61 6e 20
63 6c 61 73 73 4e 61 6d  65 3d 22 61 72 2d 61 72
67 22 3e 7b 65 2e 6d 7d  3c 2f 73 70 61 6e 3e 0a
20 20 20 20 20 20 20 20  20 20 20 20 20 20 20 20
3c 2f 73 70 61 6e 3e 0a  20 20 20 20 20 20 20 20
20 20 20 20 20 20 3c 2f  64 69 76 3e 0a 20 20 20
20 20 20 20 20 20 20 20  20 3c 2f 64 69 76 3e 0a
20 20 20 20 20 20 20 20  20 20 29 20 3a 20 28 0a
20 20 20 20 20 20 20 20  20 20 20 20 3c 64 69 76
20 6b 65 79 3d 7b 69 7d  20 63 6c 61 73 73 4e 61
6d 65 3d 7b 22 61 67 65  6e 74 2d 72 6f 77 20 22
20 2b 20 28 65 2e 6f 6b  20 3f 20 22 6f 6b 22 20
3a 20 22 66 61 69 6c 22  29 7d 3e 0a 20 20 20 20
20 20 20 20 20 20 20 20  20 20 3c 64 69 76 0a 20
20 20 20 20 20 20 20 20  20 20 20 20 20 20 20 63
6c 61 73 73 4e 61 6d 65  3d 7b 22 61 72 2d 6c 69
6e 65 22 20 2b 20 28 65  78 70 61 6e 64 65 64 5b
69 5d 20 3f 20 22 20 65  78 70 61 6e 64 65 64 22
20 3a 20 22 22 29 7d 0a  20 20 20 20 20 20 20 20
20 20 20 20 20 20 20 20  6f 6e 43 6c 69 63 6b 3d
7b 28 29 20 3d 3e 0a 20  20 20 20 20 20 20 20 20
20 20 20 20 20 20 20 20  20 73 65 74 45 78 70 61
6e 64 65 64 28 28 70 72  65 76 29 20 3d 3e 20 28
7b 20 2e 2e 2e 70 72 65  76 2c 20 5b 69 5d 3a 20
21 70 72 65 76 5b 69 5d  20 7d 29 29 0a 20 20 20
20 20 20 20 20 20 20 20  20 20 20 20 20 7d 0a 20
20 20 20 20 20 20 20 20  20 20 20 20 20 3e 0a 20
20 20 20 20 20 20 20 20  20 20 20 20 20 20 20 3c
73 70 61 6e 20 63 6c 61  73 73 4e 61 6d 65 3d 22
61 72 2d 68 65 61 64 65  72 22 3e 0a 20 20 20 20
20 20 20 20 20 20 20 20  20 20 20 20 20 20 3c 73
70 61 6e 20 63 6c 61 73  73 4e 61 6d 65 3d 22 61
72 2d 63 68 65 76 22 3e  7b 65 78 70 61 6e 64 65
64 5b 69 5d 20 3f 20 22  e2 96 bc 22 20 3a 20 22
e2 96 b6 22 7d 3c 2f 73  70 61 6e 3e 0a 20 20 20
20 20 20 20 20 20 20 20  20 20 20 20 20 20 20 3c
73 70 61 6e 20 63 6c 61  73 73 4e 61 6d 65 3d 22
61 72 2d 76 65 72 62 22  3e 0a 20 20 20 20 20 20
20 20 20 20 20 20 20 20  20 20 20 20 20 20 7b 7b
0a 20 20 20 20 20 20 20  20 20 20 20 20 20 20 20
20 20 20 20 20 20 20 6c  69 73 74 3a 20 22 4c 69
73 74 22 2c 0a 20 20 20  20 20 20 20 20 20 20 20
20 20 20 20 20 20 20 20  20 20 20 67 6c 6f 62 3a
20 22 47 6c 6f 62 22 2c  0a 20 20 20 20 20 20 20
20 20 20 20 20 20 20 20  20 20 20 20 20 20 20 72
65 61 64 3a 20 22 52 65  61 64 22 2c 0a 20 20 20
20 20 20 20 20 20 20 20  20 20 20 20 20 20 20 20
20 20 20 67 72 65 70 3a  20 22 47 72 65 70 22 2c
0a 20 20 20 20 20 20 20  20 20 20 20 20 20 20 20
20 20 20 20 20 20 20 65  64 69 74 3a 20 22 45 64
69 74 22 2c 0a 20 20 20  20 20 20 20 20 20 20 20
20 20 20 20 20 20 20 20  20 20 20 77 72 69 74 65
3a 20 22 57 72 69 74 65  22 2c 0a 20 20 20 20 20
20 20 20 20 20 20 20 20  20 20 20 20 20 20 20 20
20 72 75 6e 3a 20 22 52  75 6e 22 2c 0a 20 20 20
20 20 20 20 20 20 20 20  20 20 20 20 20 20 20 20
20 20 20 62 61 73 68 3a  20 22 42 61 73 68 22 2c
0a 20 20 20 20 20 20 20  20 20 20 20 20 20 20 20
20 20 20 20 20 7d 5b 65  2e 6b 69 6e 64 5d 20 7c
7c 20 65 2e 6b 69 6e 64  7d 0a 20 20 20 20 20 20
20 20 20 20 20 20 20 20  20 20 20 20 3c 2f 73 70
61 6e 3e 0a 20 20 20 20  20 20 20 20 20 20 20 20
20 20 20 20 20 20 7b 65  2e 61 72 67 20 3f 20 3c
73 70 61 6e 20 63 6c 61  73 73 4e 61 6d 65 3d 22
61 72 2d 61 72 67 22 3e  7b 65 2e 61 72 67 7d 3c
2f 73 70 61 6e 3e 20 3a  20 6e 75 6c 6c 7d 0a 20
20 20 20 20 20 20 20 20  20 20 20 20 20 20 20 3c
2f 73 70 61 6e 3e 0a 20  20 20 20 20 20 20 20 20
20 20 20 20 20 20 20 7b  65 2e 6f 75 74 70 75 74
20 26 26 20 65 78 70 61  6e 64 65 64 5b 69 5d 20
3f 20 28 0a 20 20 20 20  20 20 20 20 20 20 20 20
20 20 20 20 20 20 3c 54  6f 6f 6c 4f 75 74 70 75
74 0a 20 20 20 20 20 20  20 20 20 20 20 20 20 20
20 20 20 20 20 20 74 65  78 74 3d 7b 65 2e 6f 75
74 70 75 74 7d 0a 20 20  20 20 20 20 20 20 20 20
20 20 20 20 20 20 20 20  20 20 6f 6b 3d 7b 65 2e
6f 6b 7d 0a 20 20 20 20  20 20 20 20 20 20 20 20
20 20 20 20 20 20 20 20  6b 69 6e 64 3d 7b 65 2e
6b 69 6e 64 7d 0a 20 20  20 20 20 20 20 20 20 20
20 20 20 20 20 20 20 20  20 20 61 72 67 3d 7b 65
2e 61 72 67 7d 0a 20 20  20 20 20 20 20 20 20 20
20 20 20 20 20 20 20 20  2f 3e 0a 20 20 20 20 20
20 20 20 20 20 20 20 20  20 20 20 29 20 3a 20 6e
75 6c 6c 7d 0a 20 20 20  20 20 20 20 20 20 20 20
20 20 20 3c 2f 64 69 76  3e 0a 20 20 20 20 20 20
20 20 20 20 20 20 3c 2f  64 69 76 3e 0a 20 20 20
20 20 20 20 20 20 20 29  2c 0a 20 20 20 20 20 20
20 20 29 7d 0a 20 20 20  20 20 20 20 20 7b 72 75
6e 2e 62 75 73 79 20 3f  20 28 0a 20 20 20 20 20
20 20 20 20 20 3c 64 69  76 20 63 6c 61 73 73 4e
61 6d 65 3d 22 61 67 65  6e 74 2d 72 6f 77 20 62
75 73 79 22 3e 0a 20 20  20 20 20 20 20 20 20 20
20 20 3c 73 70 61 6e 20  63 6c 61 73 73 4e 61 6d
65 3d 22 61 72 2d 6c 69  6e 65 22 3e 0a 20 20 20
20 20 20 20 20 20 20 20  20 20 20 3c 73 70 61 6e
20 63 6c 61 73 73 4e 61  6d 65 3d 22 61 72 2d 76
65 72 62 20 64 69 6d 22  3e 0a 20 20 20 20 20 20
20 20 20 20 20 20 20 20  20 20 7b 72 75 6e 2e 74
68 69 6e 6b 69 6e 67 20  3f 20 22 42 65 72 70 69
6b 69 72 22 20 3a 20 22  4d 65 6e 6a 61 6c 61 6e
6b 61 6e 22 7d 0a 20 20  20 20 20 20 20 20 20 20
20 20 20 20 3c 2f 73 70  61 6e 3e 0a 20 20 20 20
20 20 20 20 20 20 20 20  3c 2f 73 70 61 6e 3e 0a
20 20 20 20 20 20 20 20  20 20 20 20 7b 72 75 6e
2e 74 68 69 6e 6b 69 6e  67 20 3f 20 28 0a 20 20
20 20 20 20 20 20 20 20  20 20 20 20 3c 64 69 76
20 63 6c 61 73 73 4e 61  6d 65 3d 22 61 67 65 6e
74 2d 74 68 69 6e 6b 22  3e 0a 20 20 20 20 20 20
20 20 20 20 20 20 20 20  20 20 7b 72 75 6e 2e 74
68 69 6e 6b 69 6e 67 2e  73 6c 69 63 65 28 2d 32
36 30 29 7d 0a 20 20 20  20 20 20 20 20 20 20 20
20 20 20 20 20 3c 73 70  61 6e 20 63 6c 61 73 73
4e 61 6d 65 3d 22 61 67  65 6e 74 2d 63 61 72 65
74 22 20 2f 3e 0a 20 20  20 20 20 20 20 20 20 20
20 20 20 20 3c 2f 64 69  76 3e 0a 20 20 20 20 20
20 20 20 20 20 20 20 29  20 3a 20 6e 75 6c 6c 7d
0a 20 20 20 20 20 20 20  20 20 20 3c 2f 64 69 76
3e 0a 20 20 20 20 20 20  20 20 29 20 3a 20 6e 75
6c 6c 7d 0a 20 20 20 20  20 20 3c 2f 64 69 76 3e
0a 20 20 20 20 20 20 7b  72 75 6e 2e 64 6f 6e 65
20 26 26 20 28 73 75 6d  6d 61 72 79 20 7c 7c 20
72 75 6e 2e 72 75 6e 29  20 3f 20 28 0a 20 20 20
20 20 20 20 20 3c 64 69  76 20 63 6c 61 73 73 4e
61 6d 65 3d 22 61 67 65  6e 74 2d 73 75 6d 6d 61
72 79 22 3e 0a 20 20 20  20 20 20 20 20 20 20 7b
72 75 6e 2e 65 64 69 74  43 6f 75 6e 74 20 3f 20
28 0a 20 20 20 20 20 20  20 20 20 20 20 20 3c 64
69 76 20 63 6c 61 73 73  4e 61 6d 65 3d 22 61 67
65 6e 74 2d 65 64 69 74  73 22 3e 0a 20 20 20 20
20 20 20 20 20 20 20 20  20 20 3c 62 3e e2 9c 93
20 7b 72 75 6e 2e 65 64  69 74 43 6f 75 6e 74 7d
20 70 65 72 75 62 61 68  61 6e 3c 2f 62 3e 0a 20
20 20 20 20 20 20 20 20  20 20 20 20 20 3c 64 69
76 20 63 6c 61 73 73 4e  61 6d 65 3d 22 61 67 65
6e 74 2d 61 70 70 6c 79  2d 68 69 6e 74 22 3e 0a
20 20 20 20 20 20 20 20  20 20 20 20 20 20 20 20
54 69 6e 6a 61 75 20 6c  61 6c 75 20 6a 61 6c 61
6e 6b 61 6e 20 3c 63 6f  64 65 3e 73 79 6e 63 2d
61 70 70 2e 70 73 31 3c  2f 63 6f 64 65 3e 20 75
6e 74 75 6b 20 6d 65 6e  65 72 61 70 6b 61 6e 2e
0a 20 20 20 20 20 20 20  20 20 20 20 20 20 20 3c
2f 64 69 76 3e 0a 20 20  20 20 20 20 20 20 20 20
20 20 3c 2f 64 69 76 3e  0a 20 20 20 20 20 20 20
20 20 20 29 20 3a 20 6e  75 6c 6c 7d 0a 20 20 20
20 20 20 20 20 20 20 7b  73 75 6d 6d 61 72 79 20
3f 20 28 0a 20 20 20 20  20 20 20 20 20 20 20 20
3c 64 69 76 20 63 6c 61  73 73 4e 61 6d 65 3d 22
62 75 62 62 6c 65 2d 6d  6f 64 65 6c 22 3e 0a 20
20 20 20 20 20 20 20 20  20 20 20 20 20 3c 42 6c
6f 63 6b 73 20 74 65 78  74 3d 7b 73 75 6d 6d 61
72 79 7d 20 6f 6e 41 69  45 64 69 74 3d 7b 6f 6e
41 69 45 64 69 74 7d 20  62 75 73 79 3d 7b 62 75
73 79 7d 20 2f 3e 0a 20  20 20 20 20 20 20 20 20
20 20 20 3c 2f 64 69 76  3e 0a 20 20 20 20 20 20
20 20 20 20 29 20 3a 20  6e 75 6c 6c 7d 0a 20 20
20 20 20 20 20 20 20 20  3c 56 65 72 64 69 63 74
20 72 75 6e 3d 7b 72 75  6e 2e 72 75 6e 7d 20 2f
3e 0a 20 20 20 20 20 20  20 20 3c 2f 64 69 76 3e
0a 20 20 20 20 20 20 29  20 3a 20 6e 75 6c 6c 7d
0a 20 20 20 20 3c 2f 64  69 76 3e 0a 20 20 29 3b
0a 7d 0a 0a 2f 2a 20 2d  2d 2d 2d 2d 2d 2d 2d 2d
2d 2d 2d 2d 2d 2d 2d 2d  2d 2d 2d 2d 2d 2d 2d 2d
2d 2d 2d 2d 20 41 70 70  20 2d 2d 2d 2d 2d 2d 2d
2d 2d 2d 2d 2d 2d 2d 2d  2d 2d 2d 2d 2d 2d 2d 2d
2d 2d 2d 2d 2d 2d 20 2a  2f 0a 63 6f 6e 73 74 20
53 55 47 47 45 53 54 49  4f 4e 53 20 3d 20 5b 5d
3b 0a 63 6f 6e 73 74 20  43 41 4e 56 41 53 5f 42
55 49 4c 44 49 4e 47 20  3d 0a 20 20 27 3c 21 64
6f 63 74 79 70 65 20 68  74 6d 6c 3e 3c 68 74 6d
6c 3e 3c 68 65 61 64 3e  3c 6d 65 74 61 20 63 68
61 72 73 65 74 3d 22 75  74 66 2d 38 22 3e 3c 2f
68 65 61 64 3e 3c 62 6f  64 79 20 73 74 79 6c 65
3d 22 6d 61 72 67 69 6e  3a 30 3b 64 69 73 70 6c
61 79 3a 67 72 69 64 3b  70 6c 61 63 65 2d 69 74
65 6d 73 3a 63 65 6e 74  65 72 3b 68 65 69 67 68
74 3a 31 30 30 76 68 3b  62 61 63 6b 67 72 6f 75
6e 64 3a 23 30 62 30 64  31 31 3b 63 6f 6c 6f 72
3a 23 35 65 65 61 64 34  3b 66 6f 6e 74 2d 66 61
6d 69 6c 79 3a 73 79 73  74 65 6d 2d 75 69 22 3e
27 20 2b 0a 20 20 27 3c  64 69 76 20 73 74 79 6c
65 3d 22 74 65 78 74 2d  61 6c 69 67 6e 3a 63 65
6e 74 65 72 22 3e 3c 64  69 76 20 73 74 79 6c 65
3d 22 66 6f 6e 74 2d 73  69 7a 65 3a 31 33 70 78
3b 6c 65 74 74 65 72 2d  73 70 61 63 69 6e 67 3a
32 70 78 3b 6f 70 61 63  69 74 79 3a 2e 37 22 3e
51 55 41 4e 54 55 4d 3c  2f 64 69 76 3e 3c 64 69
76 20 73 74 79 6c 65 3d  22 6d 61 72 67 69 6e 2d
74 6f 70 3a 31 30 70 78  3b 66 6f 6e 74 2d 73 69
7a 65 3a 31 35 70 78 22  3e 6d 65 6d 62 61 6e 67
75 6e 20 61 6e 74 61 72  6d 75 6b 61 e2 80 a6 3c
2f 64 69 76 3e 3c 2f 64  69 76 3e 3c 2f 62 6f 64
79 3e 3c 2f 68 74 6d 6c  3e 27 3b 0a 66 75 6e 63
74 69 6f 6e 20 41 70 70  28 29 20 7b 0a 20 20 63
6f 6e 73 74 20 5b 6d 6f  64 65 6c 73 2c 20 73 65
74 4d 6f 64 65 6c 73 5d  20 3d 20 75 73 65 53 74
61 74 65 28 5b 0a 20 20  20 20 7b 20 76 61 6c 75
65 3a 20 22 22 2c 20 6c  61 62 65 6c 3a 20 22 6d
65 6d 75 61 74 e2 80 a6  22 2c 20 64 69 73 61 62
6c 65 64 3a 20 74 72 75  65 20 7d 2c 0a 20 20 5d
29 3b 0a 20 20 63 6f 6e  73 74 20 5b 6d 6f 64 65
6c 56 61 6c 2c 20 73 65  74 4d 6f 64 65 6c 56 61
6c 5d 20 3d 20 75 73 65  53 74 61 74 65 28 22 22
29 3b 0a 20 20 63 6f 6e  73 74 20 5b 63 6c 6f 75
64 56 65 72 73 69 6f 6e  2c 20 73 65 74 43 6c 6f
75 64 56 65 72 73 69 6f  6e 5d 20 3d 20 75 73 65
53 74 61 74 65 28 30 29  3b 20 2f 2f 20 54 72 69
67 67 65 72 20 72 65 6c  6f 61 64 20 77 68 65 6e
20 63 6c 6f 75 64 20 63  6f 6e 66 69 67 20 63 68
61 6e 67 65 73 0a 0a 20  20 63 6f 6e 73 74 20 5b
70 61 6e 65 6c 4f 70 65  6e 2c 20 73 65 74 50 61
6e 65 6c 4f 70 65 6e 5d  20 3d 20 75 73 65 53 74
61 74 65 28 66 61 6c 73  65 29 3b 0a 20 20 63 6f
6e 73 74 20 5b 6d 65 73  73 61 67 65 73 2c 20 73
65 74 4d 65 73 73 61 67  65 73 5d 20 3d 20 75 73
65 53 74 61 74 65 28 5b  5d 29 3b 0a 20 20 63 6f
6e 73 74 20 5b 68 69 73  74 6f 72 79 2c 20 73 65
74 48 69 73 74 6f 72 79  5d 20 3d 20 75 73 65 53
74 61 74 65 28 5b 5d 29  3b 0a 20 20 63 6f 6e 73
74 20 5b 62 75 73 79 2c  20 73 65 74 42 75 73 79
5d 20 3d 20 75 73 65 53  74 61 74 65 28 66 61 6c
73 65 29 3b 0a 20 20 63  6f 6e 73 74 20 5b 73 74
61 74 75 73 2c 20 73 65  74 53 74 61 74 75 73 5d
20 3d 20 75 73 65 53 74  61 74 65 28 22 6d 65 6d
75 61 74 20 6d 6f 64 65  6c e2 80 a6 22 29 3b 0a
20 20 63 6f 6e 73 74 20  5b 76 69 65 77 2c 20 73
65 74 56 69 65 77 5d 20  3d 20 75 73 65 53 74 61
74 65 28 22 63 68 61 74  22 29 3b 0a 20 20 63 6f
6e 73 74 20 5b 73 62 43  6f 6c 6c 61 70 73 65 64
2c 20 73 65 74 53 62 43  6f 6c 6c 61 70 73 65 64
5d 20 3d 20 75 73 65 53  74 61 74 65 28 28 29 20
3d 3e 20 7b 0a 20 20 20  20 74 72 79 20 7b 0a 20
20 20 20 20 20 72 65 74  75 72 6e 20 6c 6f 63 61
6c 53 74 6f 72 61 67 65  2e 67 65 74 49 74 65 6d
28 22 71 75 61 6e 74 75  6d 5f 73 62 22 29 20 3d
3d 3d 20 22 31 22 3b 0a  20 20 20 20 7d 20 63 61
74 63 68 20 28 65 29 20  7b 0a 20 20 20 20 20 20
72 65 74 75 72 6e 20 66  61 6c 73 65 3b 0a 20 20
20 20 7d 0a 20 20 7d 29  3b 0a 20 20 75 73 65 45
66 66 65 63 74 28 28 29  20 3d 3e 20 7b 0a 20 20
20 20 74 72 79 20 7b 0a  20 20 20 20 20 20 6c 6f
63 61 6c 53 74 6f 72 61  67 65 2e 73 65 74 49 74
65 6d 28 22 71 75 61 6e  74 75 6d 5f 73 62 22 2c
20 73 62 43 6f 6c 6c 61  70 73 65 64 20 3f 20 22
31 22 20 3a 20 22 30 22  29 3b 0a 20 20 20 20 7d
20 63 61 74 63 68 20 28  65 29 20 7b 7d 0a 20 20
7d 2c 20 5b 73 62 43 6f  6c 6c 61 70 73 65 64 5d
29 3b 0a 20 20 63 6f 6e  73 74 20 5b 74 68 65 6d
65 2c 20 73 65 74 54 68  65 6d 65 5d 20 3d 20 75
73 65 53 74 61 74 65 28  28 29 20 3d 3e 20 7b 0a
20 20 20 20 74 72 79 20  7b 0a 20 20 20 20 20 20
72 65 74 75 72 6e 20 6c  6f 63 61 6c 53 74 6f 72
61 67 65 2e 67 65 74 49  74 65 6d 28 22 71 75 61
6e 74 75 6d 5f 74 68 65  6d 65 22 29 20 7c 7c 20
22 64 61 72 6b 22 3b 0a  20 20 20 20 7d 20 63 61
74 63 68 20 28 65 29 20  7b 0a 20 20 20 20 20 20
72 65 74 75 72 6e 20 22  64 61 72 6b 22 3b 0a 20
20 20 20 7d 0a 20 20 7d  29 3b 0a 20 20 63 6f 6e
73 74 20 5b 63 61 6e 76  61 73 2c 20 73 65 74 43
61 6e 76 61 73 5d 20 3d  20 75 73 65 53 74 61 74
65 28 6e 75 6c 6c 29 3b  20 2f 2f 20 7b 64 6f 63
2c 20 72 75 6e 7d 20 77  68 65 6e 20 74 68 65 20
73 70 6c 69 74 20 43 61  6e 76 61 73 20 69 73 20
6f 70 65 6e 0a 20 20 63  6f 6e 73 74 20 63 61 6e
76 61 73 52 65 66 20 3d  20 75 73 65 52 65 66 28
6e 75 6c 6c 29 3b 20 2f  2f 20 6d 69 72 72 6f 72
20 6f 66 20 63 61 6e 76  61 73 20 66 6f 72 20 73
74 61 6c 65 2d 63 6c 6f  73 75 72 65 2d 73 61 66
65 20 72 65 61 64 73 20  69 6e 20 61 73 79 6e 63
0a 20 20 63 6f 6e 73 74  20 5f 73 65 74 43 61 6e
76 61 73 20 3d 20 28 76  29 20 3d 3e 20 7b 0a 20
20 20 20 63 61 6e 76 61  73 52 65 66 2e 63 75 72
72 65 6e 74 20 3d 20 76  3b 0a 20 20 20 20 73 65
74 43 61 6e 76 61 73 28  76 29 3b 0a 20 20 7d 3b
0a 20 20 63 6f 6e 73 74  20 5b 6d 6f 64 65 2c 20
73 65 74 4d 6f 64 65 5d  20 3d 20 75 73 65 53 74
61 74 65 28 22 70 6c 61  6e 22 29 3b 20 2f 2f 20
22 70 6c 61 6e 22 20 7c  20 22 62 75 69 6c 64 22
0a 20 20 63 6f 6e 73 74  20 5b 63 61 6e 76 61 73
41 75 74 6f 2c 20 73 65  74 43 61 6e 76 61 73 41
75 74 6f 5d 20 3d 20 75  73 65 53 74 61 74 65 28
66 61 6c 73 65 29 3b 20  2f 2f 20 74 6f 67 67 6c
65 64 20 66 72 6f 6d 20  74 68 65 20 63 6f 6d 70
6f 73 65 72 0a 20 20 63  6f 6e 73 74 20 63 61 6e
76 61 73 41 75 74 6f 52  65 66 20 3d 20 75 73 65
52 65 66 28 66 61 6c 73  65 29 3b 20 2f 2f 20 6d
69 72 72 6f 72 20 66 6f  72 20 73 74 61 6c 65 2d
63 6c 6f 73 75 72 65 2d  73 61 66 65 20 72 65 61
64 73 0a 20 20 63 6f 6e  73 74 20 5f 73 65 74 43
61 6e 76 61 73 41 75 74  6f 20 3d 20 28 76 29 20
3d 3e 20 7b 0a 20 20 20  20 73 65 74 43 61 6e 76
61 73 41 75 74 6f 28 28  70 72 65 76 29 20 3d 3e
20 7b 0a 20 20 20 20 20  20 63 6f 6e 73 74 20 6e
65 78 74 20 3d 20 74 79  70 65 6f 66 20 76 20 3d
3d 3d 20 22 66 75 6e 63  74 69 6f 6e 22 20 3f 20
76 28 70 72 65 76 29 20  3a 20 76 3b 0a 20 20 20
20 20 20 63 61 6e 76 61  73 41 75 74 6f 52 65 66
2e 63 75 72 72 65 6e 74  20 3d 20 6e 65 78 74 3b
0a 20 20 20 20 20 20 72  65 74 75 72 6e 20 6e 65
78 74 3b 0a 20 20 20 20  7d 29 3b 0a 20 20 7d 3b
0a 20 20 63 6f 6e 73 74  20 5b 63 61 6e 76 61 73
50 63 74 2c 20 73 65 74  43 61 6e 76 61 73 50 63
74 5d 20 3d 20 75 73 65  53 74 61 74 65 28 34 36
29 3b 20 2f 2f 20 63 61  6e 76 61 73 20 77 69 64
74 68 20 25 20 28 64 72  61 67 67 61 62 6c 65 20
64 69 76 69 64 65 72 29  0a 20 20 63 6f 6e 73 74
20 5b 74 65 72 6d 69 6e  61 6c 4f 70 65 6e 2c 20
73 65 74 54 65 72 6d 69  6e 61 6c 4f 70 65 6e 5d
20 3d 20 75 73 65 53 74  61 74 65 28 66 61 6c 73
65 29 3b 0a 20 20 63 6f  6e 73 74 20 5b 74 65 72
6d 69 6e 61 6c 49 6e 70  75 74 2c 20 73 65 74 54
65 72 6d 69 6e 61 6c 49  6e 70 75 74 5d 20 3d 20
75 73 65 53 74 61 74 65  28 22 22 29 3b 0a 20 20
63 6f 6e 73 74 20 5b 74  65 72 6d 69 6e 61 6c 4f
75 74 70 75 74 2c 20 73  65 74 54 65 72 6d 69 6e
61 6c 4f 75 74 70 75 74  5d 20 3d 20 75 73 65 53
74 61 74 65 28 22 22 29  3b 0a 20 20 63 6f 6e 73
74 20 5b 74 65 72 6d 69  6e 61 6c 4c 6f 61 64 69
6e 67 2c 20 73 65 74 54  65 72 6d 69 6e 61 6c 4c
6f 61 64 69 6e 67 5d 20  3d 20 75 73 65 53 74 61
74 65 28 66 61 6c 73 65  29 3b 0a 20 20 63 6f 6e
73 74 20 5b 73 61 76 65  64 43 68 61 74 73 2c 20
73 65 74 53 61 76 65 64  43 68 61 74 73 5d 20 3d
20 75 73 65 53 74 61 74  65 28 28 29 20 3d 3e 20
7b 0a 20 20 20 20 74 72  79 20 7b 0a 20 20 20 20
20 20 72 65 74 75 72 6e  20 4a 53 4f 4e 2e 70 61
72 73 65 28 6c 6f 63 61  6c 53 74 6f 72 61 67 65
2e 67 65 74 49 74 65 6d  28 22 71 75 61 6e 74 75
6d 5f 63 68 61 74 73 22  29 20 7c 7c 20 22 5b 5d
22 29 3b 0a 20 20 20 20  7d 20 63 61 74 63 68 20
28 65 29 20 7b 0a 20 20  20 20 20 20 72 65 74 75
72 6e 20 5b 5d 3b 0a 20  20 20 20 7d 0a 20 20 7d
29 3b 0a 20 20 63 6f 6e  73 74 20 5b 73 68 6f 77
48 69 73 74 6f 72 79 2c  20 73 65 74 53 68 6f 77
48 69 73 74 6f 72 79 5d  20 3d 20 75 73 65 53 74
61 74 65 28 66 61 6c 73  65 29 3b 0a 20 20 2f 2f
20 41 67 65 6e 74 20 52  75 6e 6e 65 72 20 73 74
61 74 65 0a 20 20 63 6f  6e 73 74 20 5b 61 67 65
6e 74 52 75 6e 6e 65 72  4f 70 65 6e 2c 20 73 65
74 41 67 65 6e 74 52 75  6e 6e 65 72 4f 70 65 6e
5d 20 3d 20 75 73 65 53  74 61 74 65 28 66 61 6c
73 65 29 3b 0a 20 20 63  6f 6e 73 74 20 5b 61 76
61 69 6c 61 62 6c 65 41  67 65 6e 74 73 2c 20 73
65 74 41 76 61 69 6c 61  62 6c 65 41 67 65 6e 74
73 5d 20 3d 20 75 73 65  53 74 61 74 65 28 5b 5d
29 3b 0a 20 20 63 6f 6e  73 74 20 5b 61 63 74 69
76 65 41 67 65 6e 74 2c  20 73 65 74 41 63 74 69
76 65 41 67 65 6e 74 5d  20 3d 20 75 73 65 53 74
61 74 65 28 22 22 29 3b  0a 20 20 63 6f 6e 73 74
20 5b 61 67 65 6e 74 4f  75 74 70 75 74 2c 20 73
65 74 41 67 65 6e 74 4f  75 74 70 75 74 5d 20 3d
20 75 73 65 53 74 61 74  65 28 22 22 29 3b 0a 20
20 63 6f 6e 73 74 20 5b  61 67 65 6e 74 52 75 6e
6e 69 6e 67 2c 20 73 65  74 41 67 65 6e 74 52 75
6e 6e 69 6e 67 5d 20 3d  20 75 73 65 53 74 61 74
65 28 66 61 6c 73 65 29  3b 0a 20 20 63 6f 6e 73
74 20 61 67 65 6e 74 45  73 52 65 66 20 3d 20 75
73 65 52 65 66 28 6e 75  6c 6c 29 3b 0a 20 20 63
6f 6e 73 74 20 6c 6f 61  64 41 67 65 6e 74 73 20
3d 20 61 73 79 6e 63 20  28 29 20 3d 3e 20 7b 0a
20 20 20 20 74 72 79 20  7b 0a 20 20 20 20 20 20
63 6f 6e 73 74 20 72 65  73 20 3d 20 61 77 61 69
74 20 66 65 74 63 68 28  22 2f 61 70 69 2f 61 67
65 6e 74 73 22 29 3b 0a  20 20 20 20 20 20 63 6f
6e 73 74 20 64 61 74 61  20 3d 20 61 77 61 69 74
20 72 65 73 2e 6a 73 6f  6e 28 29 3b 0a 20 20 20
20 20 20 73 65 74 41 76  61 69 6c 61 62 6c 65 41
67 65 6e 74 73 28 41 72  72 61 79 2e 69 73 41 72
72 61 79 28 64 61 74 61  29 20 3f 20 64 61 74 61
20 3a 20 64 61 74 61 2e  61 67 65 6e 74 73 20 7c
7c 20 5b 5d 29 3b 0a 20  20 20 20 7d 20 63 61 74
63 68 20 28 65 29 20 7b  0a 20 20 20 20 20 20 63
6f 6e 73 6f 6c 65 2e 65  72 72 6f 72 28 22 6c 6f
61 64 41 67 65 6e 74 73  20 65 72 72 6f 72 3a 22
2c 20 65 29 3b 0a 20 20  20 20 7d 0a 20 20 7d 3b
0a 20 20 63 6f 6e 73 74  20 73 74 61 72 74 41 67
65 6e 74 20 3d 20 61 73  79 6e 63 20 28 69 64 2c
20 6d 6f 64 65 6c 2c 20  63 77 64 29 20 3d 3e 20
7b 0a 20 20 20 20 69 66  20 28 21 69 64 29 20 72
65 74 75 72 6e 3b 0a 20  20 20 20 74 72 79 20 7b
0a 20 20 20 20 20 20 73  65 74 41 67 65 6e 74 4f
75 74 70 75 74 28 22 22  29 3b 0a 20 20 20 20 20
20 73 65 74 41 63 74 69  76 65 41 67 65 6e 74 28
69 64 29 3b 0a 20 20 20  20 20 20 63 6f 6e 73 74
20 72 65 73 20 3d 20 61  77 61 69 74 20 66 65 74
63 68 28 22 2f 61 70 69  2f 61 67 65 6e 74 73 2f
73 74 61 72 74 22 2c 20  7b 0a 20 20 20 20 20 20
20 20 6d 65 74 68 6f 64  3a 20 22 50 4f 53 54 22
2c 0a 20 20 20 20 20 20  20 20 68 65 61 64 65 72
73 3a 20 7b 20 22 43 6f  6e 74 65 6e 74 2d 54 79
70 65 22 3a 20 22 61 70  70 6c 69 63 61 74 69 6f
6e 2f 6a 73 6f 6e 22 20  7d 2c 0a 20 20 20 20 20
20 20 20 62 6f 64 79 3a  20 4a 53 4f 4e 2e 73 74
72 69 6e 67 69 66 79 28  7b 20 69 64 2c 20 6d 6f
64 65 6c 2c 20 63 77 64  20 7d 29 2c 0a 20 20 20
20 20 20 7d 29 3b 0a 20  20 20 20 20 20 69 66 20
28 72 65 73 2e 6f 6b 29  20 7b 0a 20 20 20 20 20
20 20 20 73 65 74 41 67  65 6e 74 52 75 6e 6e 69
6e 67 28 74 72 75 65 29  3b 0a 20 20 20 20 20 20
20 20 73 75 62 73 63 72  69 62 65 41 67 65 6e 74
53 74 72 65 61 6d 28 29  3b 0a 20 20 20 20 20 20
7d 20 65 6c 73 65 20 7b  0a 20 20 20 20 20 20 20
20 63 6f 6e 73 74 20 64  61 74 61 20 3d 20 61 77
61 69 74 20 72 65 73 2e  6a 73 6f 6e 28 29 2e 63
61 74 63 68 28 28 29 20  3d 3e 20 28 7b 7d 29 29
3b 0a 20 20 20 20 20 20  20 20 73 65 74 41 67 65
6e 74 4f 75 74 70 75 74  28 64 61 74 61 2e 65 72
72 6f 72 20 7c 7c 20 22  47 61 67 61 6c 20 73 74
61 72 74 20 61 67 65 6e  74 22 29 3b 0a 20 20 20
20 20 20 20 20 73 65 74  41 63 74 69 76 65 41 67
65 6e 74 28 22 22 29 3b  0a 20 20 20 20 20 20 7d
0a 20 20 20 20 7d 20 63  61 74 63 68 20 28 65 29
20 7b 0a 20 20 20 20 20  20 63 6f 6e 73 6f 6c 65
2e 65 72 72 6f 72 28 22  73 74 61 72 74 41 67 65
6e 74 20 65 72 72 6f 72  3a 22 2c 20 65 29 3b 0a
20 20 20 20 7d 0a 20 20  7d 3b 0a 20 20 63 6f 6e
73 74 20 73 65 6e 64 54  6f 41 67 65 6e 74 20 3d
20 61 73 79 6e 63 20 28  74 65 78 74 29 20 3d 3e
20 7b 0a 20 20 20 20 69  66 20 28 21 74 65 78 74
2e 74 72 69 6d 28 29 20  7c 7c 20 21 61 63 74 69
76 65 41 67 65 6e 74 29  20 72 65 74 75 72 6e 3b
0a 20 20 20 20 74 72 79  20 7b 0a 20 20 20 20 20
20 61 77 61 69 74 20 66  65 74 63 68 28 22 2f 61
70 69 2f 61 67 65 6e 74  73 2f 73 65 6e 64 22 2c
20 7b 0a 20 20 20 20 20  20 20 20 6d 65 74 68 6f
64 3a 20 22 50 4f 53 54  22 2c 0a 20 20 20 20 20
20 20 20 68 65 61 64 65  72 73 3a 20 7b 20 22 43
6f 6e 74 65 6e 74 2d 54  79 70 65 22 3a 20 22 61
70 70 6c 69 63 61 74 69  6f 6e 2f 6a 73 6f 6e 22
20 7d 2c 0a 20 20 20 20  20 20 20 20 62 6f 64 79
3a 20 4a 53 4f 4e 2e 73  74 72 69 6e 67 69 66 79
28 7b 20 69 64 3a 20 61  63 74 69 76 65 41 67 65
6e 74 2c 20 74 65 78 74  3a 20 74 65 78 74 20 2b
20 22 5c 72 5c 6e 22 20  7d 29 2c 0a 20 20 20 20
20 20 7d 29 3b 0a 20 20  20 20 7d 20 63 61 74 63
68 20 28 65 29 20 7b 0a  20 20 20 20 20 20 63 6f
6e 73 6f 6c 65 2e 65 72  72 6f 72 28 22 73 65 6e
64 54 6f 41 67 65 6e 74  20 65 72 72 6f 72 3a 22
2c 20 65 29 3b 0a 20 20  20 20 7d 0a 20 20 7d 3b
0a 20 20 63 6f 6e 73 74  20 73 74 6f 70 41 67 65
6e 74 20 3d 20 61 73 79  6e 63 20 28 29 20 3d 3e
20 7b 0a 20 20 20 20 74  72 79 20 7b 0a 20 20 20
20 20 20 61 77 61 69 74  20 66 65 74 63 68 28 22
2f 61 70 69 2f 61 67 65  6e 74 73 2f 73 74 6f 70
22 2c 20 7b 0a 20 20 20  20 20 20 20 20 6d 65 74
68 6f 64 3a 20 22 50 4f  53 54 22 2c 0a 20 20 20
20 20 20 20 20 68 65 61  64 65 72 73 3a 20 7b 20
22 43 6f 6e 74 65 6e 74  2d 54 79 70 65 22 3a 20
22 61 70 70 6c 69 63 61  74 69 6f 6e 2f 6a 73 6f
6e 22 20 7d 2c 0a 20 20  20 20 20 20 20 20 62 6f
64 79 3a 20 4a 53 4f 4e  2e 73 74 72 69 6e 67 69
66 79 28 7b 20 69 64 3a  20 61 63 74 69 76 65 41
67 65 6e 74 20 7d 29 2c  0a 20 20 20 20 20 20 7d
29 3b 0a 20 20 20 20 20  20 73 65 74 41 67 65 6e
74 52 75 6e 6e 69 6e 67  28 66 61 6c 73 65 29 3b
0a 20 20 20 20 20 20 69  66 20 28 61 67 65 6e 74
45 73 52 65 66 2e 63 75  72 72 65 6e 74 29 20 7b
0a 20 20 20 20 20 20 20  20 61 67 65 6e 74 45 73
52 65 66 2e 63 75 72 72  65 6e 74 2e 63 6c 6f 73
65 28 29 3b 0a 20 20 20  20 20 20 20 20 61 67 65
6e 74 45 73 52 65 66 2e  63 75 72 72 65 6e 74 20
3d 20 6e 75 6c 6c 3b 0a  20 20 20 20 20 20 7d 0a
20 20 20 20 7d 20 63 61  74 63 68 20 28 65 29 20
7b 0a 20 20 20 20 20 20  63 6f 6e 73 6f 6c 65 2e
65 72 72 6f 72 28 22 73  74 6f 70 41 67 65 6e 74
20 65 72 72 6f 72 3a 22  2c 20 65 29 3b 0a 20 20
20 20 7d 0a 20 20 7d 3b  0a 20 20 63 6f 6e 73 74
20 73 75 62 73 63 72 69  62 65 41 67 65 6e 74 53
74 72 65 61 6d 20 3d 20  28 29 20 3d 3e 20 7b 0a
20 20 20 20 69 66 20 28  61 67 65 6e 74 45 73 52
65 66 2e 63 75 72 72 65  6e 74 29 20 7b 0a 20 20
20 20 20 20 61 67 65 6e  74 45 73 52 65 66 2e 63
75 72 72 65 6e 74 2e 63  6c 6f 73 65 28 29 3b 0a
20 20 20 20 7d 0a 20 20  20 20 63 6f 6e 73 74 20
65 73 20 3d 20 6e 65 77  20 45 76 65 6e 74 53 6f
75 72 63 65 28 22 2f 61  70 69 2f 61 67 65 6e 74
73 2f 73 74 72 65 61 6d  22 29 3b 0a 20 20 20 20
61 67 65 6e 74 45 73 52  65 66 2e 63 75 72 72 65
6e 74 20 3d 20 65 73 3b  0a 20 20 20 20 65 73 2e
6f 6e 6d 65 73 73 61 67  65 20 3d 20 28 65 76 29
20 3d 3e 20 7b 0a 20 20  20 20 20 20 74 72 79 20
7b 0a 20 20 20 20 20 20  20 20 63 6f 6e 73 74 20
64 20 3d 20 4a 53 4f 4e  2e 70 61 72 73 65 28 65
76 2e 64 61 74 61 29 3b  0a 20 20 20 20 20 20 20
20 69 66 20 28 64 2e 74  79 70 65 20 3d 3d 3d 20
22 6f 75 74 70 75 74 22  20 7c 7c 20 64 2e 74 79
70 65 20 3d 3d 3d 20 22  74 65 78 74 22 29 20 7b
0a 20 20 20 20 20 20 20  20 20 20 73 65 74 41 67
65 6e 74 4f 75 74 70 75  74 28 28 70 72 65 76 29
20 3d 3e 20 70 72 65 76  20 2b 20 28 64 2e 74 65
78 74 20 7c 7c 20 64 2e  63 6f 6e 74 65 6e 74 20
7c 7c 20 22 22 29 20 2b  20 22 5c 6e 22 29 3b 0a
20 20 20 20 20 20 20 20  7d 20 65 6c 73 65 20 69
66 20 28 64 2e 74 79 70  65 20 3d 3d 3d 20 22 64
6f 6e 65 22 20 7c 7c 20  64 2e 74 79 70 65 20 3d
3d 3d 20 22 65 6e 64 22  29 20 7b 0a 20 20 20 20
20 20 20 20 20 20 73 65  74 41 67 65 6e 74 52 75
6e 6e 69 6e 67 28 66 61  6c 73 65 29 3b 0a 20 20
20 20 20 20 20 20 20 20  65 73 2e 63 6c 6f 73 65
28 29 3b 0a 20 20 20 20  20 20 20 20 20 20 61 67
65 6e 74 45 73 52 65 66  2e 63 75 72 72 65 6e 74
20 3d 20 6e 75 6c 6c 3b  0a 20 20 20 20 20 20 20
20 7d 20 65 6c 73 65 20  69 66 20 28 64 2e 74 79
70 65 20 3d 3d 3d 20 22  65 72 72 6f 72 22 29 20
7b 0a 20 20 20 20 20 20  20 20 20 20 73 65 74 41
67 65 6e 74 4f 75 74 70  75 74 28 0a 20 20 20 20
20 20 20 20 20 20 20 20  28 70 72 65 76 29 20 3d
3e 20 70 72 65 76 20 2b  20 22 5b 65 72 72 6f 72
5d 20 22 20 2b 20 28 64  2e 6d 65 73 73 61 67 65
20 7c 7c 20 22 22 29 20  2b 20 22 5c 6e 22 2c 0a
20 20 20 20 20 20 20 20  20 20 29 3b 0a 20 20 20
20 20 20 20 20 20 20 73  65 74 41 67 65 6e 74 52
75 6e 6e 69 6e 67 28 66  61 6c 73 65 29 3b 0a 20
20 20 20 20 20 20 20 20  20 65 73 2e 63 6c 6f 73
65 28 29 3b 0a 20 20 20  20 20 20 20 20 20 20 61
67 65 6e 74 45 73 52 65  66 2e 63 75 72 72 65 6e
74 20 3d 20 6e 75 6c 6c  3b 0a 20 20 20 20 20 20
20 20 7d 0a 20 20 20 20  20 20 7d 20 63 61 74 63
68 20 28 5f 29 20 7b 0a  20 20 20 20 20 20 20 20
73 65 74 41 67 65 6e 74  4f 75 74 70 75 74 28 28
70 72 65 76 29 20 3d 3e  20 70 72 65 76 20 2b 20
65 76 2e 64 61 74 61 20  2b 20 22 5c 6e 22 29 3b
0a 20 20 20 20 20 20 7d  0a 20 20 20 20 7d 3b 0a
20 20 20 20 65 73 2e 6f  6e 65 72 72 6f 72 20 3d
20 28 29 20 3d 3e 20 7b  0a 20 20 20 20 20 20 65
73 2e 63 6c 6f 73 65 28  29 3b 0a 20 20 20 20 20
20 61 67 65 6e 74 45 73  52 65 66 2e 63 75 72 72
65 6e 74 20 3d 20 6e 75  6c 6c 3b 0a 20 20 20 20
7d 3b 0a 20 20 7d 3b 0a  20 20 63 6f 6e 73 74 20
6c 6f 61 64 53 61 76 65  64 43 68 61 74 73 20 3d
20 28 29 20 3d 3e 20 7b  0a 20 20 20 20 74 72 79
20 7b 0a 20 20 20 20 20  20 73 65 74 53 61 76 65
64 43 68 61 74 73 28 4a  53 4f 4e 2e 70 61 72 73
65 28 6c 6f 63 61 6c 53  74 6f 72 61 67 65 2e 67
65 74 49 74 65 6d 28 22  71 75 61 6e 74 75 6d 5f
63 68 61 74 73 22 29 20  7c 7c 20 22 5b 5d 22 29
29 3b 0a 20 20 20 20 7d  20 63 61 74 63 68 20 28
65 29 20 7b 7d 0a 20 20  7d 3b 0a 20 20 63 6f 6e
73 74 20 72 65 73 74 6f  72 65 43 68 61 74 20 3d
20 28 63 68 61 74 29 20  3d 3e 20 7b 0a 20 20 20
20 73 65 74 4d 65 73 73  61 67 65 73 28 63 68 61
74 2e 6d 65 73 73 61 67  65 73 29 3b 0a 20 20 20
20 73 65 74 48 69 73 74  6f 72 79 28 63 68 61 74
2e 68 69 73 74 6f 72 79  20 7c 7c 20 5b 5d 29 3b
0a 20 20 20 20 73 65 74  53 68 6f 77 48 69 73 74
6f 72 79 28 66 61 6c 73  65 29 3b 0a 20 20 20 20
73 65 74 56 69 65 77 28  22 63 68 61 74 22 29 3b
0a 20 20 7d 3b 0a 20 20  63 6f 6e 73 74 20 64 65
6c 65 74 65 43 68 61 74  20 3d 20 28 69 64 29 20
3d 3e 20 7b 0a 20 20 20  20 74 72 79 20 7b 0a 20
20 20 20 20 20 63 6f 6e  73 74 20 6c 69 73 74 20
3d 20 4a 53 4f 4e 2e 70  61 72 73 65 28 6c 6f 63
61 6c 53 74 6f 72 61 67  65 2e 67 65 74 49 74 65
6d 28 22 71 75 61 6e 74  75 6d 5f 63 68 61 74 73
22 29 20 7c 7c 20 22 5b  5d 22 29 3b 0a 20 20 20
20 20 20 63 6f 6e 73 74  20 75 70 64 61 74 65 64
20 3d 20 6c 69 73 74 2e  66 69 6c 74 65 72 28 28
63 29 20 3d 3e 20 63 2e  69 64 20 21 3d 3d 20 69
64 29 3b 0a 20 20 20 20  20 20 6c 6f 63 61 6c 53
74 6f 72 61 67 65 2e 73  65 74 49 74 65 6d 28 22
71 75 61 6e 74 75 6d 5f  63 68 61 74 73 22 2c 20
4a 53 4f 4e 2e 73 74 72  69 6e 67 69 66 79 28 75
70 64 61 74 65 64 29 29  3b 0a 20 20 20 20 20 20
73 65 74 53 61 76 65 64  43 68 61 74 73 28 75 70
64 61 74 65 64 29 3b 0a  20 20 20 20 7d 20 63 61
74 63 68 20 28 65 29 20  7b 7d 0a 20 20 7d 3b 0a
20 20 63 6f 6e 73 74 20  72 75 6e 54 65 72 6d 69
6e 61 6c 43 6f 6d 6d 61  6e 64 20 3d 20 61 73 79
6e 63 20 28 29 20 3d 3e  20 7b 0a 20 20 20 20 69
66 20 28 21 74 65 72 6d  69 6e 61 6c 49 6e 70 75
74 2e 74 72 69 6d 28 29  29 20 72 65 74 75 72 6e
3b 0a 20 20 20 20 73 65  74 54 65 72 6d 69 6e 61
6c 4c 6f 61 64 69 6e 67  28 74 72 75 65 29 3b 0a
20 20 20 20 74 72 79 20  7b 0a 20 20 20 20 20 20
63 6f 6e 73 74 20 72 65  73 20 3d 20 61 77 61 69
74 20 66 65 74 63 68 28  22 2f 61 70 69 2f 62 61
73 68 22 2c 20 7b 0a 20  20 20 20 20 20 20 20 6d
65 74 68 6f 64 3a 20 22  50 4f 53 54 22 2c 0a 20
20 20 20 20 20 20 20 68  65 61 64 65 72 73 3a 20
7b 20 22 43 6f 6e 74 65  6e 74 2d 54 79 70 65 22
3a 20 22 61 70 70 6c 69  63 61 74 69 6f 6e 2f 6a
73 6f 6e 22 20 7d 2c 0a  20 20 20 20 20 20 20 20
62 6f 64 79 3a 20 4a 53  4f 4e 2e 73 74 72 69 6e
67 69 66 79 28 7b 20 63  6f 6d 6d 61 6e 64 3a 20
74 65 72 6d 69 6e 61 6c  49 6e 70 75 74 20 7d 29
2c 0a 20 20 20 20 20 20  7d 29 3b 0a 20 20 20 20
20 20 63 6f 6e 73 74 20  64 61 74 61 20 3d 20 61
77 61 69 74 20 72 65 73  2e 6a 73 6f 6e 28 29 3b
0a 20 20 20 20 20 20 73  65 74 54 65 72 6d 69 6e
61 6c 4f 75 74 70 75 74  28 64 61 74 61 2e 6f 75
74 70 75 74 20 7c 7c 20  22 22 29 3b 0a 20 20 20
20 7d 20 63 61 74 63 68  20 28 65 72 72 29 20 7b
0a 20 20 20 20 20 20 73  65 74 54 65 72 6d 69 6e
61 6c 4f 75 74 70 75 74  28 22 45 72 72 6f 72 3a
20 22 20 2b 20 65 72 72  29 3b 0a 20 20 20 20 7d
20 66 69 6e 61 6c 6c 79  20 7b 0a 20 20 20 20 20
20 73 65 74 54 65 72 6d  69 6e 61 6c 4c 6f 61 64
69 6e 67 28 66 61 6c 73  65 29 3b 0a 20 20 20 20
20 20 73 65 74 54 65 72  6d 69 6e 61 6c 49 6e 70
75 74 28 22 22 29 3b 0a  20 20 20 20 7d 0a 20 20
7d 3b 0a 20 20 63 6f 6e  73 74 20 74 65 72 6d 69
6e 61 6c 20 3d 20 7b 0a  20 20 20 20 69 6e 70 75
74 3a 20 74 65 72 6d 69  6e 61 6c 49 6e 70 75 74
2c 0a 20 20 20 20 73 65  74 49 6e 70 75 74 3a 20
73 65 74 54 65 72 6d 69  6e 61 6c 49 6e 70 75 74
2c 0a 20 20 20 20 6f 75  74 70 75 74 3a 20 74 65
72 6d 69 6e 61 6c 4f 75  74 70 75 74 2c 0a 20 20
20 20 73 65 74 4f 75 74  70 75 74 3a 20 73 65 74
54 65 72 6d 69 6e 61 6c  4f 75 74 70 75 74 2c 0a
20 20 20 20 6c 6f 61 64  69 6e 67 3a 20 74 65 72
6d 69 6e 61 6c 4c 6f 61  64 69 6e 67 2c 0a 20 20
20 20 73 65 74 4c 6f 61  64 69 6e 67 3a 20 73 65
74 54 65 72 6d 69 6e 61  6c 4c 6f 61 64 69 6e 67
2c 0a 20 20 20 20 72 75  6e 3a 20 72 75 6e 54 65
72 6d 69 6e 61 6c 43 6f  6d 6d 61 6e 64 2c 0a 20
20 7d 3b 0a 20 20 63 6f  6e 73 74 20 6c 61 73 74
50 72 6f 6a 65 63 74 20  3d 20 75 73 65 52 65 66
28 6e 75 6c 6c 29 3b 0a  20 20 63 6f 6e 73 74 20
73 63 72 6f 6c 6c 52 65  66 20 3d 20 75 73 65 52
65 66 28 6e 75 6c 6c 29  3b 0a 20 20 63 6f 6e 73
74 20 63 74 72 6c 52 65  66 20 3d 20 75 73 65 52
65 66 28 6e 75 6c 6c 29  3b 0a 20 20 63 6f 6e 73
74 20 74 6f 67 67 6c 65  43 61 6e 76 61 73 20 3d
20 28 29 20 3d 3e 0a 20  20 20 20 5f 73 65 74 43
61 6e 76 61 73 41 75 74  6f 28 28 76 29 20 3d 3e
20 7b 0a 20 20 20 20 20  20 63 6f 6e 73 74 20 6e
76 20 3d 20 21 76 3b 0a  20 20 20 20 20 20 69 66
20 28 6e 76 29 20 7b 0a  20 20 20 20 20 20 20 20
69 66 20 28 6c 61 73 74  50 72 6f 6a 65 63 74 2e
63 75 72 72 65 6e 74 29  0a 20 20 20 20 20 20 20
20 20 20 5f 73 65 74 43  61 6e 76 61 73 28 6c 61
73 74 50 72 6f 6a 65 63  74 2e 63 75 72 72 65 6e
74 29 3b 20 2f 2f 20 74  75 72 6e 69 6e 67 20 6f
6e 20 72 65 6f 70 65 6e  73 20 6c 61 73 74 20 77
65 62 20 6f 75 74 70 75  74 0a 20 20 20 20 20 20
20 20 65 6c 73 65 20 5f  73 65 74 43 61 6e 76 61
73 28 7b 20 64 6f 63 3a  20 43 41 4e 56 41 53 5f
42 55 49 4c 44 49 4e 47  2c 20 72 75 6e 3a 20 6e
75 6c 6c 20 7d 29 3b 20  2f 2f 20 73 68 6f 77 20
73 70 6c 69 74 20 69 6d  6d 65 64 69 61 74 65 6c
79 20 65 76 65 6e 20 77  69 74 68 6f 75 74 20 70
72 69 6f 72 20 63 6f 6e  74 65 6e 74 0a 20 20 20
20 20 20 7d 0a 20 20 20  20 20 20 69 66 20 28 21
6e 76 29 20 7b 0a 20 20  20 20 20 20 20 20 5f 73
65 74 43 61 6e 76 61 73  28 6e 75 6c 6c 29 3b 0a
20 20 20 20 20 20 20 20  6c 61 73 74 50 72 6f 6a
65 63 74 2e 63 75 72 72  65 6e 74 20 3d 20 6e 75
6c 6c 3b 0a 20 20 20 20  20 20 7d 20 2f 2f 20 74
75 72 6e 69 6e 67 20 6f  66 66 20 63 6c 6f 73 65
73 20 74 68 65 20 73 70  6c 69 74 20 41 4e 44 20
63 6c 65 61 72 73 20 63  61 63 68 65 64 20 72 65
73 75 6c 74 0a 20 20 20  20 20 20 72 65 74 75 72
6e 20 6e 76 3b 0a 20 20  20 20 7d 29 3b 0a 20 20
63 6f 6e 73 74 20 6f 70  65 6e 43 61 6e 76 61 73
20 3d 20 28 74 65 78 74  2c 20 72 75 6e 29 20 3d
3e 20 7b 0a 20 20 20 20  2f 2f 20 6d 61 6e 75 61
6c 20 6f 70 65 6e 20 66  72 6f 6d 20 61 20 6d 65
73 73 61 67 65 0a 20 20  20 20 63 6f 6e 73 74 20
70 20 3d 20 62 75 69 6c  64 50 72 65 76 69 65 77
28 74 65 78 74 29 3b 0a  20 20 20 20 69 66 20 28
21 70 2e 68 61 73 29 20  72 65 74 75 72 6e 3b 0a
20 20 20 20 63 6f 6e 73  74 20 73 74 61 74 65 20
3d 20 70 2e 66 6c 75 74  74 65 72 0a 20 20 20 20
20 20 3f 20 7b 0a 20 20  20 20 20 20 20 20 20 20
66 6c 75 74 74 65 72 3a  20 70 2e 73 6f 75 72 63
65 2c 0a 20 20 20 20 20  20 20 20 20 20 64 6f 63
3a 20 70 2e 61 32 75 69  20 3f 20 41 32 55 49 5f
53 54 52 45 41 4d 49 4e  47 20 3a 20 46 4c 55 54
54 45 52 5f 43 4f 4d 50  49 4c 49 4e 47 2c 0a 20
20 20 20 20 20 20 20 20  20 66 69 6c 65 73 3a 20
70 2e 66 69 6c 65 73 2c  0a 20 20 20 20 20 20 20
20 7d 0a 20 20 20 20 20  20 3a 20 7b 20 64 6f 63
3a 20 70 2e 64 6f 63 20  7c 7c 20 46 4c 55 54 54
45 52 5f 43 4f 4d 50 49  4c 49 4e 47 2c 20 72 75
6e 20 7d 3b 0a 20 20 20  20 6c 61 73 74 50 72 6f
6a 65 63 74 2e 63 75 72  72 65 6e 74 20 3d 20 73
74 61 74 65 3b 0a 20 20  20 20 5f 73 65 74 43 61
6e 76 61 73 28 73 74 61  74 65 29 3b 0a 20 20 20
20 5f 73 65 74 43 61 6e  76 61 73 41 75 74 6f 28
74 72 75 65 29 3b 0a 20  20 7d 3b 0a 20 20 63 6f
6e 73 74 20 6f 6e 44 69  76 69 64 65 72 44 6f 77
6e 20 3d 20 28 65 29 20  3d 3e 20 7b 0a 20 20 20
20 65 2e 70 72 65 76 65  6e 74 44 65 66 61 75 6c
74 28 29 3b 0a 20 20 20  20 63 6f 6e 73 74 20 6d
6f 76 65 20 3d 20 28 65  76 29 20 3d 3e 20 7b 0a
20 20 20 20 20 20 63 6f  6e 73 74 20 77 20 3d 20
77 69 6e 64 6f 77 2e 69  6e 6e 65 72 57 69 64 74
68 3b 0a 20 20 20 20 20  20 63 6f 6e 73 74 20 70
63 74 20 3d 20 4d 61 74  68 2e 6d 69 6e 28 37 32
2c 20 4d 61 74 68 2e 6d  61 78 28 32 38 2c 20 28
28 77 20 2d 20 65 76 2e  63 6c 69 65 6e 74 58 29
20 2f 20 77 29 20 2a 20  31 30 30 29 29 3b 0a 20
20 20 20 20 20 73 65 74  43 61 6e 76 61 73 50 63
74 28 70 63 74 29 3b 0a  20 20 20 20 7d 3b 0a 20
20 20 20 63 6f 6e 73 74  20 75 70 20 3d 20 28 29
20 3d 3e 20 7b 0a 20 20  20 20 20 20 64 6f 63 75
6d 65 6e 74 2e 72 65 6d  6f 76 65 45 76 65 6e 74
4c 69 73 74 65 6e 65 72  28 22 6d 6f 75 73 65 6d
6f 76 65 22 2c 20 6d 6f  76 65 29 3b 0a 20 20 20
20 20 20 64 6f 63 75 6d  65 6e 74 2e 72 65 6d 6f
76 65 45 76 65 6e 74 4c  69 73 74 65 6e 65 72 28
22 6d 6f 75 73 65 75 70  22 2c 20 75 70 29 3b 0a
20 20 20 20 20 20 64 6f  63 75 6d 65 6e 74 2e 62
6f 64 79 2e 73 74 79 6c  65 2e 75 73 65 72 53 65
6c 65 63 74 20 3d 20 22  22 3b 0a 20 20 20 20 7d
3b 0a 20 20 20 20 64 6f  63 75 6d 65 6e 74 2e 62
6f 64 79 2e 73 74 79 6c  65 2e 75 73 65 72 53 65
6c 65 63 74 20 3d 20 22  6e 6f 6e 65 22 3b 0a 20
20 20 20 64 6f 63 75 6d  65 6e 74 2e 61 64 64 45
76 65 6e 74 4c 69 73 74  65 6e 65 72 28 22 6d 6f
75 73 65 6d 6f 76 65 22  2c 20 6d 6f 76 65 29 3b
0a 20 20 20 20 64 6f 63  75 6d 65 6e 74 2e 61 64
64 45 76 65 6e 74 4c 69  73 74 65 6e 65 72 28 22
6d 6f 75 73 65 75 70 22  2c 20 75 70 29 3b 0a 20
20 7d 3b 0a 20 20 63 6f  6e 73 74 20 73 74 61 72
74 50 69 63 6b 65 72 20  3d 20 75 73 65 56 69 73
75 61 6c 50 69 63 6b 65  72 28 29 3b 0a 20 20 63
6f 6e 73 74 20 64 6f 53  65 6e 64 52 65 66 20 3d
20 75 73 65 52 65 66 28  76 6f 69 64 20 30 29 3b
0a 20 20 75 73 65 45 66  66 65 63 74 28 28 29 20
3d 3e 20 7b 0a 20 20 20  20 64 6f 63 75 6d 65 6e
74 2e 64 6f 63 75 6d 65  6e 74 45 6c 65 6d 65 6e
74 2e 64 61 74 61 73 65  74 2e 74 68 65 6d 65 20
3d 20 74 68 65 6d 65 3b  0a 20 20 20 20 74 72 79
20 7b 0a 20 20 20 20 20  20 6c 6f 63 61 6c 53 74
6f 72 61 67 65 2e 73 65  74 49 74 65 6d 28 22 71
75 61 6e 74 75 6d 5f 74  68 65 6d 65 22 2c 20 74
68 65 6d 65 29 3b 0a 20  20 20 20 7d 20 63 61 74
63 68 20 28 65 29 20 7b  7d 0a 20 20 7d 2c 20 5b
74 68 65 6d 65 5d 29 3b  0a 0a 20 20 63 6f 6e 73
74 20 6c 6f 61 64 4d 6f  64 65 6c 73 20 3d 20 75
73 65 43 61 6c 6c 62 61  63 6b 28 61 73 79 6e 63
20 28 29 20 3d 3e 20 7b  0a 20 20 20 20 6c 65 74
20 6c 69 73 74 20 3d 20  5b 5d 3b 0a 20 20 20 20
74 72 79 20 7b 0a 20 20  20 20 20 20 6c 69 73 74
20 3d 20 61 77 61 69 74  20 28 61 77 61 69 74 20
66 65 74 63 68 28 22 2f  6d 6f 64 65 6c 73 22 29
29 2e 6a 73 6f 6e 28 29  3b 0a 20 20 20 20 7d 20
63 61 74 63 68 20 28 65  29 20 7b 7d 0a 20 20 20
20 63 6f 6e 73 74 20 6f  70 74 73 20 3d 20 6c 69
73 74 2e 6d 61 70 28 28  6d 29 20 3d 3e 20 28 7b
0a 20 20 20 20 20 20 76  61 6c 75 65 3a 20 53 74
72 69 6e 67 28 6d 2e 70  6f 72 74 29 2c 0a 20 20
20 20 20 20 6c 61 62 65  6c 3a 20 6d 2e 6e 61 6d
65 20 2b 20 28 6d 2e 73  69 7a 65 20 3f 20 22 20
c2 b7 20 22 20 2b 20 66  6d 74 53 69 7a 65 28 6d
2e 73 69 7a 65 29 20 3a  20 22 22 29 2c 0a 20 20
20 20 20 20 64 65 66 61  75 6c 74 3a 20 6d 2e 64
65 66 61 75 6c 74 2c 0a  20 20 20 20 7d 29 29 3b
0a 20 20 20 20 6c 65 74  20 63 6c 6f 75 64 20 3d
20 67 65 74 43 6c 6f 75  64 28 29 3b 0a 20 20 20
20 2f 2f 20 48 79 64 72  61 74 65 20 66 72 6f 6d
20 73 65 72 76 65 72 2d  63 6f 6e 66 69 67 75 72
65 64 20 70 72 6f 76 69  64 65 72 73 20 28 6b 65
79 20 73 74 61 79 73 20  73 65 72 76 65 72 2d 73
69 64 65 29 20 77 68 65  6e 20 74 68 65 72 65 20
69 73 0a 20 20 20 20 2f  2f 20 6e 6f 20 73 74 6f
72 65 64 20 63 6c 6f 75  64 20 4f 52 20 74 68 65
20 73 74 6f 72 65 64 20  70 72 6f 76 69 64 65 72
20 69 73 20 6e 6f 20 6c  6f 6e 67 65 72 20 63 6f
6e 66 69 67 75 72 65 64  20 28 65 2e 67 2e 20 73
74 61 6c 65 20 6b 65 79  29 2e 0a 20 20 20 20 74
72 79 20 7b 0a 20 20 20  20 20 20 63 6f 6e 73 74
20 70 72 6f 76 73 20 3d  20 61 77 61 69 74 20 28
61 77 61 69 74 20 66 65  74 63 68 28 22 2f 63 6c
6f 75 64 2d 70 72 6f 76  69 64 65 72 73 22 29 29
2e 6a 73 6f 6e 28 29 3b  0a 20 20 20 20 20 20 69
66 20 28 41 72 72 61 79  2e 69 73 41 72 72 61 79
28 70 72 6f 76 73 29 20  26 26 20 70 72 6f 76 73
2e 6c 65 6e 67 74 68 29  20 7b 0a 20 20 20 20 20
20 20 20 63 6f 6e 73 74  20 70 69 63 6b 20 3d 0a
20 20 20 20 20 20 20 20  20 20 70 72 6f 76 73 2e
66 69 6e 64 28 28 70 29  20 3d 3e 20 70 2e 70 72
6f 76 69 64 65 72 20 3d  3d 3d 20 22 6f 70 65 6e
63 6f 64 65 22 29 20 7c  7c 0a 20 20 20 20 20 20
20 20 20 20 70 72 6f 76  73 2e 66 69 6e 64 28 28
70 29 20 3d 3e 20 70 2e  70 72 6f 76 69 64 65 72
20 3d 3d 3d 20 22 6e 76  69 64 69 61 22 29 20 7c
7c 0a 20 20 20 20 20 20  20 20 20 20 70 72 6f 76
73 2e 66 69 6e 64 28 28  70 29 20 3d 3e 20 70 2e
70 72 6f 76 69 64 65 72  20 3d 3d 3d 20 22 67 65
6d 69 6e 69 22 29 20 7c  7c 0a 20 20 20 20 20 20
20 20 20 20 70 72 6f 76  73 2e 66 69 6e 64 28 28
70 29 20 3d 3e 20 70 2e  70 72 6f 76 69 64 65 72
20 3d 3d 3d 20 22 70 75  74 65 72 22 29 20 7c 7c
0a 20 20 20 20 20 20 20  20 20 20 70 72 6f 76 73
5b 30 5d 3b 0a 20 20 20  20 20 20 20 20 2f 2f 20
4f 6e 6c 79 20 6f 76 65  72 72 69 64 65 20 69 66
20 74 68 65 20 75 73 65  72 20 68 61 73 6e 27 74
20 65 78 70 6c 69 63 69  74 6c 79 20 73 65 74 20
61 20 6c 6f 63 61 6c 20  6b 65 79 20 6f 72 20 63
75 73 74 6f 6d 20 62 61  73 65 55 72 6c 2e 0a 20
20 20 20 20 20 20 20 2f  2f 20 49 66 20 74 68 65
79 20 68 61 76 65 2c 20  77 65 20 72 65 73 70 65
63 74 20 74 68 65 69 72  20 63 68 6f 69 63 65 2e
0a 20 20 20 20 20 20 20  20 63 6f 6e 73 74 20 68
61 73 55 73 65 72 43 6f  6e 66 69 67 20 3d 20 63
6c 6f 75 64 20 26 26 20  28 63 6c 6f 75 64 2e 6b
65 79 20 7c 7c 20 63 6c  6f 75 64 2e 62 61 73 65
55 72 6c 29 3b 0a 20 20  20 20 20 20 20 20 69 66
20 28 21 68 61 73 55 73  65 72 43 6f 6e 66 69 67
29 20 7b 0a 20 20 20 20  20 20 20 20 20 20 69 66
20 28 0a 20 20 20 20 20  20 20 20 20 20 20 20 21
63 6c 6f 75 64 20 7c 7c  0a 20 20 20 20 20 20 20
20 20 20 20 20 63 6c 6f  75 64 2e 70 72 6f 76 69
64 65 72 20 21 3d 3d 20  70 69 63 6b 2e 70 72 6f
76 69 64 65 72 20 7c 7c  0a 20 20 20 20 20 20 20
20 20 20 20 20 63 6c 6f  75 64 2e 6d 6f 64 65 6c
20 21 3d 3d 20 70 69 63  6b 2e 6d 6f 64 65 6c 0a
20 20 20 20 20 20 20 20  20 20 29 20 7b 0a 20 20
20 20 20 20 20 20 20 20  20 20 63 6c 6f 75 64 20
3d 20 7b 0a 20 20 20 20  20 20 20 20 20 20 20 20
20 20 70 72 6f 76 69 64  65 72 3a 20 70 69 63 6b
2e 70 72 6f 76 69 64 65  72 2c 0a 20 20 20 20 20
20 20 20 20 20 20 20 20  20 6e 61 6d 65 3a 20 70
69 63 6b 2e 6e 61 6d 65  2c 0a 20 20 20 20 20 20
20 20 20 20 20 20 20 20  6d 6f 64 65 6c 3a 20 70
69 63 6b 2e 6d 6f 64 65  6c 2c 0a 20 20 20 20 20
20 20 20 20 20 20 20 7d  3b 0a 20 20 20 20 20 20
20 20 20 20 20 20 73 65  74 43 6c 6f 75 64 4c 53
28 63 6c 6f 75 64 29 3b  0a 20 20 20 20 20 20 20
20 20 20 7d 0a 20 20 20  20 20 20 20 20 7d 0a 20
20 20 20 20 20 7d 0a 20  20 20 20 7d 20 63 61 74
63 68 20 28 65 29 20 7b  7d 0a 20 20 20 20 63 6f
6e 73 74 20 68 61 73 43  6c 6f 75 64 20 3d 20 63
6c 6f 75 64 20 26 26 20  28 63 6c 6f 75 64 2e 6b
65 79 20 7c 7c 20 63 6c  6f 75 64 2e 70 72 6f 76
69 64 65 72 29 3b 0a 20  20 20 20 69 66 20 28 68
61 73 43 6c 6f 75 64 29  0a 20 20 20 20 20 20 6f
70 74 73 2e 70 75 73 68  28 7b 0a 20 20 20 20 20
20 20 20 76 61 6c 75 65  3a 20 22 63 6c 6f 75 64
22 2c 0a 20 20 20 20 20  20 20 20 6c 61 62 65 6c
3a 0a 20 20 20 20 20 20  20 20 20 20 22 e2 98 81
20 22 20 2b 0a 20 20 20  20 20 20 20 20 20 20 28
63 6c 6f 75 64 2e 6e 61  6d 65 20 7c 7c 20 63 6c
6f 75 64 2e 70 72 6f 76  69 64 65 72 29 20 2b 0a
20 20 20 20 20 20 20 20  20 20 22 20 28 22 20 2b
0a 20 20 20 20 20 20 20  20 20 20 28 63 6c 6f 75
64 2e 6d 6f 64 65 6c 20  7c 7c 20 22 22 29 20 2b
0a 20 20 20 20 20 20 20  20 20 20 22 29 22 20 2b
0a 20 20 20 20 20 20 20  20 20 20 28 63 6c 6f 75
64 2e 6b 65 79 20 3f 20  22 20 c2 b7 22 20 2b 20
63 6c 6f 75 64 2e 6b 65  79 2e 73 6c 69 63 65 28
2d 34 29 20 3a 20 22 22  29 2c 0a 20 20 20 20 20
20 7d 29 3b 0a 20 20 20  20 69 66 20 28 21 6f 70
74 73 2e 6c 65 6e 67 74  68 29 0a 20 20 20 20 20
20 6f 70 74 73 2e 70 75  73 68 28 7b 20 76 61 6c
75 65 3a 20 22 22 2c 20  6c 61 62 65 6c 3a 20 22
74 69 64 61 6b 20 61 64  61 20 6d 6f 64 65 6c 22
2c 20 64 69 73 61 62 6c  65 64 3a 20 74 72 75 65
20 7d 29 3b 0a 20 20 20  20 73 65 74 4d 6f 64 65
6c 73 28 6f 70 74 73 29  3b 0a 20 20 20 20 63 6f
6e 73 74 20 64 65 66 20  3d 20 68 61 73 43 6c 6f
75 64 0a 20 20 20 20 20  20 3f 20 22 63 6c 6f 75
64 22 0a 20 20 20 20 20  20 3a 20 28 6f 70 74 73
2e 66 69 6e 64 28 28 6f  29 20 3d 3e 20 6f 2e 64
65 66 61 75 6c 74 29 20  7c 7c 20 6f 70 74 73 5b
30 5d 29 2e 76 61 6c 75  65 3b 0a 20 20 20 20 73
65 74 4d 6f 64 65 6c 56  61 6c 28 28 76 29 20 3d
3e 20 28 76 20 26 26 20  6f 70 74 73 2e 73 6f 6d
65 28 28 6f 29 20 3d 3e  20 6f 2e 76 61 6c 75 65
20 3d 3d 3d 20 76 29 20  3f 20 76 20 3a 20 64 65
66 29 29 3b 0a 20 20 20  20 73 65 74 53 74 61 74
75 73 28 0a 20 20 20 20  20 20 68 61 73 43 6c 6f
75 64 0a 20 20 20 20 20  20 20 20 3f 20 22 63 6c
6f 75 64 3a 20 22 20 2b  20 28 63 6c 6f 75 64 2e
6e 61 6d 65 20 7c 7c 20  63 6c 6f 75 64 2e 70 72
6f 76 69 64 65 72 29 0a  20 20 20 20 20 20 20 20
3a 20 6f 70 74 73 2e 6c  65 6e 67 74 68 0a 20 20
20 20 20 20 20 20 20 20  3f 20 22 73 69 61 70 22
0a 20 20 20 20 20 20 20  20 20 20 3a 20 22 6a 61
6c 61 6e 6b 61 6e 20 73  74 61 72 74 2d 6d 6f 64
65 6c 73 22 2c 0a 20 20  20 20 29 3b 0a 20 20 7d
2c 20 5b 63 6c 6f 75 64  56 65 72 73 69 6f 6e 5d
29 3b 0a 20 20 75 73 65  45 66 66 65 63 74 28 28
29 20 3d 3e 20 7b 0a 20  20 20 20 6c 6f 61 64 4d
6f 64 65 6c 73 28 29 3b  0a 20 20 7d 2c 20 5b 63
6c 6f 75 64 56 65 72 73  69 6f 6e 5d 29 3b 0a 20
20 2f 2f 20 57 61 72 6e  20 69 66 20 73 65 72 76
65 72 20 69 73 6e 27 74  20 72 75 6e 6e 69 6e 67
20 28 66 6f 72 20 62 72  6f 77 73 65 72 20 75 73
65 72 73 2c 20 6e 6f 74  20 45 6c 65 63 74 72 6f
6e 29 0a 20 20 75 73 65  45 66 66 65 63 74 28 28
29 20 3d 3e 20 7b 0a 20  20 20 20 69 66 20 28 21
49 50 43 29 20 7b 0a 20  20 20 20 20 20 63 68 65
63 6b 53 65 72 76 65 72  48 65 61 6c 74 68 28 29
2e 74 68 65 6e 28 28 6f  6b 29 20 3d 3e 20 7b 0a
20 20 20 20 20 20 20 20  69 66 20 28 21 6f 6b 29
20 73 65 74 53 74 61 74  75 73 28 22 e2 9a a0 20
4a 61 6c 61 6e 6b 61 6e  20 27 6e 70 6d 20 73 74
61 72 74 27 20 64 69 20  74 65 72 6d 69 6e 61 6c
22 29 3b 0a 20 20 20 20  20 20 7d 29 3b 0a 20 20
20 20 7d 0a 20 20 7d 2c  20 5b 5d 29 3b 0a 20 20
75 73 65 45 66 66 65 63  74 28 28 29 20 3d 3e 20
7b 0a 20 20 20 20 63 6f  6e 73 74 20 65 6c 20 3d
20 73 63 72 6f 6c 6c 52  65 66 2e 63 75 72 72 65
6e 74 3b 0a 20 20 20 20  69 66 20 28 65 6c 29 20
65 6c 2e 73 63 72 6f 6c  6c 54 6f 70 20 3d 20 65
6c 2e 73 63 72 6f 6c 6c  48 65 69 67 68 74 3b 0a
20 20 7d 2c 20 5b 6d 65  73 73 61 67 65 73 5d 29
3b 0a 0a 20 20 63 6f 6e  73 74 20 6c 61 62 65 6c
4f 66 20 3d 20 28 76 29  20 3d 3e 20 28 6d 6f 64
65 6c 73 2e 66 69 6e 64  28 28 6d 29 20 3d 3e 20
6d 2e 76 61 6c 75 65 20  3d 3d 3d 20 76 29 20 7c
7c 20 7b 7d 29 2e 6c 61  62 65 6c 20 7c 7c 20 76
3b 0a 0a 20 20 63 6f 6e  73 74 20 64 6f 53 65 6e
64 20 3d 20 61 73 79 6e  63 20 28 63 6f 6e 74 65
6e 74 2c 20 64 69 73 70  6c 61 79 29 20 3d 3e 20
7b 0a 20 20 20 20 69 66  20 28 21 63 6f 6e 74 65
6e 74 20 7c 7c 20 62 75  73 79 29 20 72 65 74 75
72 6e 3b 0a 20 20 20 20  63 6f 6e 73 74 20 6e 65
77 48 69 73 74 20 3d 20  5b 2e 2e 2e 68 69 73 74
6f 72 79 2c 20 7b 20 72  6f 6c 65 3a 20 22 75 73
65 72 22 2c 20 63 6f 6e  74 65 6e 74 20 7d 5d 3b
0a 20 20 20 20 73 65 74  48 69 73 74 6f 72 79 28
6e 65 77 48 69 73 74 29  3b 0a 20 20 20 20 73 65
74 42 75 73 79 28 74 72  75 65 29 3b 0a 20 20 20
20 73 65 74 53 74 61 74  75 73 28 22 74 79 70 69
6e 67 e2 80 a6 22 29 3b  0a 20 20 20 20 63 6f 6e
73 6f 6c 65 2e 6c 6f 67  28 22 5b 64 6f 53 65 6e
64 5d 20 53 65 74 74 69  6e 67 20 62 75 73 79 3d
74 72 75 65 2c 20 63 6f  6e 74 65 6e 74 3a 22 2c
20 63 6f 6e 74 65 6e 74  29 3b 0a 20 20 20 20 63
6f 6e 73 74 20 63 74 72  6c 20 3d 20 6e 65 77 20
41 62 6f 72 74 43 6f 6e  74 72 6f 6c 6c 65 72 28
29 3b 0a 20 20 20 20 63  74 72 6c 52 65 66 2e 63
75 72 72 65 6e 74 20 3d  20 63 74 72 6c 3b 0a 20
20 20 20 2f 2f 20 4f 4e  45 20 73 6d 61 72 74 20
63 68 61 74 3a 20 77 69  74 68 20 61 20 74 6f 6f
6c 2d 63 61 70 61 62 6c  65 20 63 6c 6f 75 64 2c
20 74 68 65 20 6d 6f 64  65 6c 20 69 74 73 65 6c
66 20 64 65 63 69 64 65  73 20 28 74 6f 6f 6c 5f
63 68 6f 69 63 65 0a 20  20 20 20 2f 2f 20 61 75
74 6f 29 20 77 68 65 74  68 65 72 20 74 6f 20 6a
75 73 74 20 61 6e 73 77  65 72 20 28 6e 6f 72 6d
61 6c 20 63 68 61 74 29  20 6f 72 20 75 73 65 20
74 6f 6f 6c 73 20 28 61  20 63 6f 6d 6d 61 6e 64
2f 65 64 69 74 29 20 e2  80 94 20 6c 69 6b 65 0a
20 20 20 20 2f 2f 20 63  68 61 74 74 69 6e 67 20
77 69 74 68 20 43 6c 61  75 64 65 2e 20 4c 6f 63
61 6c 2f 62 72 69 64 67  65 20 65 6e 64 70 6f 69
6e 74 73 20 63 61 6e 27  74 20 64 6f 20 74 6f 6f
6c 73 20 e2 86 92 20 70  6c 61 69 6e 20 63 68 61
74 2e 0a 20 20 20 20 63  6f 6e 73 74 20 5f 63 6c
20 3d 20 67 65 74 43 6c  6f 75 64 28 29 3b 0a 20
20 20 20 63 6f 6e 73 74  20 5f 6c 6f 63 61 6c 43
6c 6f 75 64 20 3d 0a 20  20 20 20 20 20 5f 63 6c
20 26 26 20 5f 63 6c 2e  62 61 73 65 55 72 6c 20
26 26 20 2f 28 31 32 37  5c 2e 30 5c 2e 30 5c 2e
31 7c 6c 6f 63 61 6c 68  6f 73 74 29 2f 2e 74 65
73 74 28 5f 63 6c 2e 62  61 73 65 55 72 6c 29 3b
0a 20 20 20 20 63 6f 6e  73 74 20 75 73 65 41 67
65 6e 74 20 3d 20 6d 6f  64 65 6c 56 61 6c 20 3d
3d 3d 20 22 63 6c 6f 75  64 22 20 26 26 20 21 5f
6c 6f 63 61 6c 43 6c 6f  75 64 3b 0a 20 20 20 20
69 66 20 28 21 63 61 6e  76 61 73 41 75 74 6f 20
26 26 20 21 75 73 65 41  67 65 6e 74 29 20 7b 0a
20 20 20 20 20 20 2f 2f  20 42 72 69 64 67 65 20
2f 20 6c 6f 63 61 6c 20  6d 6f 64 65 6c 3a 20 70
6c 61 69 6e 20 63 6f 6e  76 65 72 73 61 74 69 6f
6e 61 6c 20 63 68 61 74  20 28 74 65 78 74 20 73
74 72 65 61 6d 69 6e 67  2c 20 6e 6f 20 66 75 6e
63 74 69 6f 6e 2d 63 61  6c 6c 69 6e 67 29 2e 0a
20 20 20 20 20 20 73 65  74 4d 65 73 73 61 67 65
73 28 28 6d 29 20 3d 3e  20 5b 0a 20 20 20 20 20
20 20 20 2e 2e 2e 6d 2c  0a 20 20 20 20 20 20 20
20 7b 20 72 6f 6c 65 3a  20 22 75 73 65 72 22 2c
20 74 65 78 74 3a 20 64  69 73 70 6c 61 79 20 7c
7c 20 63 6f 6e 74 65 6e  74 20 7d 2c 0a 20 20 20
20 20 20 20 20 7b 20 72  6f 6c 65 3a 20 22 6d 6f
64 65 6c 22 2c 20 74 65  78 74 3a 20 22 22 2c 20
72 75 6e 3a 20 6e 75 6c  6c 20 7d 2c 0a 20 20 20
20 20 20 5d 29 3b 0a 20  20 20 20 20 20 74 72 79
20 7b 0a 20 20 20 20 20  20 20 20 63 6f 6e 73 74
20 72 65 73 20 3d 20 61  77 61 69 74 20 73 74 72
65 61 6d 43 68 61 74 28  0a 20 20 20 20 20 20 20
20 20 20 72 65 71 46 6f  72 28 6d 6f 64 65 6c 56
61 6c 2c 20 67 65 74 43  6c 6f 75 64 28 29 2c 20
6e 65 77 48 69 73 74 29  2c 0a 20 20 20 20 20 20
20 20 20 20 28 74 2c 20  72 75 6e 29 20 3d 3e 20
7b 0a 20 20 20 20 20 20  20 20 20 20 20 20 73 65
74 4d 65 73 73 61 67 65  73 28 28 6d 29 20 3d 3e
20 7b 0a 20 20 20 20 20  20 20 20 20 20 20 20 20
20 63 6f 6e 73 74 20 63  20 3d 20 6d 2e 73 6c 69
63 65 28 29 3b 0a 20 20  20 20 20 20 20 20 20 20
20 20 20 20 63 5b 63 2e  6c 65 6e 67 74 68 20 2d
20 31 5d 20 3d 20 7b 20  72 6f 6c 65 3a 20 22 6d
6f 64 65 6c 22 2c 20 74  65 78 74 3a 20 74 2c 20
72 75 6e 20 7d 3b 0a 20  20 20 20 20 20 20 20 20
20 20 20 20 20 72 65 74  75 72 6e 20 63 3b 0a 20
20 20 20 20 20 20 20 20  20 20 20 7d 29 3b 0a 20
20 20 20 20 20 20 20 20  20 7d 2c 0a 20 20 20 20
20 20 20 20 20 20 63 74  72 6c 2e 73 69 67 6e 61
6c 2c 0a 20 20 20 20 20  20 20 20 29 3b 0a 20 20
20 20 20 20 20 20 73 65  74 48 69 73 74 6f 72 79
28 28 68 29 20 3d 3e 20  5b 2e 2e 2e 68 2c 20 7b
20 72 6f 6c 65 3a 20 22  61 73 73 69 73 74 61 6e
74 22 2c 20 63 6f 6e 74  65 6e 74 3a 20 72 65 73
2e 74 65 78 74 20 7d 5d  29 3b 0a 20 20 20 20 20
20 20 20 73 65 74 53 74  61 74 75 73 28 22 73 69
61 70 22 29 3b 0a 20 20  20 20 20 20 20 20 2f 2f
20 41 75 74 6f 2d 62 75  6b 61 20 53 74 75 64 69
6f 20 6a 69 6b 61 20 72  65 73 70 6f 6e 73 65 20
62 65 72 69 73 69 20 41  32 55 49 20 73 70 65 63
20 28 68 61 6e 79 61 20  6a 69 6b 61 20 57 65 62
20 44 65 76 20 73 75 64  61 68 20 61 6b 74 69 66
29 0a 20 20 20 20 20 20  20 20 69 66 20 28 72 65
73 2e 74 65 78 74 20 26  26 20 63 61 6e 76 61 73
41 75 74 6f 52 65 66 2e  63 75 72 72 65 6e 74 29
20 7b 0a 20 20 20 20 20  20 20 20 20 20 63 6f 6e
73 74 20 70 72 6f 6a 20  3d 20 62 75 69 6c 64 50
72 65 76 69 65 77 28 72  65 73 2e 74 65 78 74 29
3b 0a 20 20 20 20 20 20  20 20 20 20 69 66 20 28
70 72 6f 6a 2e 68 61 73  20 26 26 20 70 72 6f 6a
2e 66 6c 75 74 74 65 72  29 20 7b 0a 20 20 20 20
20 20 20 20 20 20 20 20  63 6f 6e 73 74 20 66 73
74 61 74 65 20 3d 20 7b  0a 20 20 20 20 20 20 20
20 20 20 20 20 20 20 66  6c 75 74 74 65 72 3a 20
70 72 6f 6a 2e 73 6f 75  72 63 65 2c 0a 20 20 20
20 20 20 20 20 20 20 20  20 20 20 64 6f 63 3a 20
70 72 6f 6a 2e 61 32 75  69 20 3f 20 41 32 55 49
5f 53 54 52 45 41 4d 49  4e 47 20 3a 20 46 4c 55
54 54 45 52 5f 43 4f 4d  50 49 4c 49 4e 47 2c 0a
20 20 20 20 20 20 20 20  20 20 20 20 20 20 66 69
6c 65 73 3a 20 70 72 6f  6a 2e 66 69 6c 65 73 2c
0a 20 20 20 20 20 20 20  20 20 20 20 20 7d 3b 0a
20 20 20 20 20 20 20 20  20 20 20 20 6c 61 73 74
50 72 6f 6a 65 63 74 2e  63 75 72 72 65 6e 74 20
3d 20 66 73 74 61 74 65  3b 0a 20 20 20 20 20 20
20 20 20 20 20 20 5f 73  65 74 43 61 6e 76 61 73
28 66 73 74 61 74 65 29  3b 0a 20 20 20 20 20 20
20 20 20 20 7d 0a 20 20  20 20 20 20 20 20 7d 0a
20 20 20 20 20 20 20 20  63 6f 6e 73 6f 6c 65 2e
6c 6f 67 28 22 5b 64 6f  53 65 6e 64 5d 20 53 65
74 74 69 6e 67 20 62 75  73 79 3d 66 61 6c 73 65
20 28 6e 6f 72 6d 61 6c  20 63 68 61 74 20 63 6f
6d 70 6c 65 74 65 29 22  29 3b 0a 20 20 20 20 20
20 20 20 73 65 74 42 75  73 79 28 66 61 6c 73 65
29 3b 20 2f 2f 20 52 65  73 65 74 20 62 75 73 79
20 73 74 61 74 65 20 61  66 74 65 72 20 73 74 72
65 61 6d 20 63 6f 6d 70  6c 65 74 65 73 0a 20 20
20 20 20 20 7d 20 63 61  74 63 68 20 28 65 29 20
7b 0a 20 20 20 20 20 20  20 20 69 66 20 28 65 2e
6e 61 6d 65 20 21 3d 3d  20 22 41 62 6f 72 74 45
72 72 6f 72 22 29 20 73  65 74 53 74 61 74 75 73
28 22 65 72 72 6f 72 3a  20 22 20 2b 20 65 2e 6d
65 73 73 61 67 65 29 3b  0a 20 20 20 20 20 20 20
20 65 6c 73 65 20 73 65  74 53 74 61 74 75 73 28
22 64 69 62 61 74 61 6c  6b 61 6e 22 29 3b 0a 20
20 20 20 20 20 20 20 63  6f 6e 73 6f 6c 65 2e 6c
6f 67 28 22 5b 64 6f 53  65 6e 64 5d 20 53 65 74
74 69 6e 67 20 62 75 73  79 3d 66 61 6c 73 65 20
28 6e 6f 72 6d 61 6c 20  63 68 61 74 20 65 72 72
6f 72 29 22 29 3b 0a 20  20 20 20 20 20 20 20 73
65 74 42 75 73 79 28 66  61 6c 73 65 29 3b 0a 20
20 20 20 20 20 7d 0a 20  20 20 20 7d 20 65 6c 73
65 20 69 66 20 28 21 63  61 6e 76 61 73 41 75 74
6f 29 20 7b 0a 20 20 20  20 20 20 2f 2f 20 41 67
65 6e 74 69 63 20 63 68  61 74 20 28 6c 69 6b 65
20 43 6c 61 75 64 65 20  43 6f 64 65 29 3a 20 74
68 65 20 6d 6f 64 65 6c  20 61 6e 73 77 65 72 73
20 4f 52 20 75 73 65 73  20 74 6f 6f 6c 73 20 74
6f 20 65 64 69 74 0a 20  20 20 20 20 20 2f 2f 20
51 75 61 6e 74 75 6d 27  73 20 6f 77 6e 20 73 6f
75 72 63 65 2e 20 54 68  65 20 6c 69 76 65 20 70
72 6f 63 65 73 73 20 72  65 6e 64 65 72 73 20 61
73 20 61 20 63 6c 65 61  6e 20 74 69 6d 65 6c 69
6e 65 2e 0a 20 20 20 20  20 20 73 65 74 4d 65 73
73 61 67 65 73 28 28 6d  29 20 3d 3e 20 5b 0a 20
20 20 20 20 20 20 20 2e  2e 2e 6d 2c 0a 20 20 20
20 20 20 20 20 7b 20 72  6f 6c 65 3a 20 22 75 73
65 72 22 2c 20 74 65 78  74 3a 20 64 69 73 70 6c
61 79 20 7c 7c 20 63 6f  6e 74 65 6e 74 20 7d 2c
0a 20 20 20 20 20 20 20  20 7b 20 72 6f 6c 65 3a
20 22 61 67 65 6e 74 22  2c 20 61 67 65 6e 74 3a
20 7b 20 65 76 65 6e 74  73 3a 20 5b 5d 2c 20 62
75 73 79 3a 20 74 72 75  65 20 7d 20 7d 2c 0a 20
20 20 20 20 20 5d 29 3b  0a 20 20 20 20 20 20 63
6f 6e 73 74 20 75 70 64  20 3d 20 28 70 61 74 63
68 29 20 3d 3e 0a 20 20  20 20 20 20 20 20 73 65
74 4d 65 73 73 61 67 65  73 28 28 6d 29 20 3d 3e
20 7b 0a 20 20 20 20 20  20 20 20 20 20 63 6f 6e
73 74 20 63 20 3d 20 6d  2e 73 6c 69 63 65 28 29
3b 0a 20 20 20 20 20 20  20 20 20 20 63 6f 6e 73
74 20 6c 61 73 74 20 3d  20 7b 20 2e 2e 2e 63 5b
63 2e 6c 65 6e 67 74 68  20 2d 20 31 5d 20 7d 3b
0a 20 20 20 20 20 20 20  20 20 20 6c 61 73 74 2e
61 67 65 6e 74 20 3d 20  7b 20 2e 2e 2e 6c 61 73
74 2e 61 67 65 6e 74 2c  20 2e 2e 2e 70 61 74 63
68 20 7d 3b 0a 20 20 20  20 20 20 20 20 20 20 63
5b 63 2e 6c 65 6e 67 74  68 20 2d 20 31 5d 20 3d
20 6c 61 73 74 3b 0a 20  20 20 20 20 20 20 20 20
20 72 65 74 75 72 6e 20  63 3b 0a 20 20 20 20 20
20 20 20 7d 29 3b 0a 20  20 20 20 20 20 63 6f 6e
73 74 20 65 76 6c 69 73  74 20 3d 20 5b 5d 3b 0a
20 20 20 20 20 20 6c 65  74 20 74 68 69 6e 6b 20
3d 20 22 22 3b 0a 20 20  20 20 20 20 6c 65 74 20
61 64 6f 6e 65 53 65 6e  74 20 3d 20 66 61 6c 73
65 3b 0a 20 20 20 20 20  20 6c 65 74 20 68 61 64
45 72 72 6f 72 20 3d 20  66 61 6c 73 65 3b 0a 20
20 20 20 20 20 74 72 79  20 7b 0a 20 20 20 20 20
20 20 20 61 77 61 69 74  20 73 74 72 65 61 6d 53
65 6c 66 41 67 65 6e 74  28 0a 20 20 20 20 20 20
20 20 20 20 7b 20 68 69  73 74 6f 72 79 3a 20 6e
65 77 48 69 73 74 2c 20  63 6c 6f 75 64 3a 20 67
65 74 43 6c 6f 75 64 28  29 2c 20 70 6f 72 74 3a
20 6d 6f 64 65 6c 56 61  6c 20 7d 2c 0a 20 20 20
20 20 20 20 20 20 20 28  6a 29 20 3d 3e 20 7b 0a
20 20 20 20 20 20 20 20  20 20 20 20 69 66 20 28
6a 2e 74 20 3d 3d 3d 20  22 62 61 63 6b 75 70 22
29 20 75 70 64 28 7b 20  62 61 63 6b 75 70 3a 20
6a 2e 64 69 72 20 7d 29  3b 0a 20 20 20 20 20 20
20 20 20 20 20 20 65 6c  73 65 20 69 66 20 28 6a
2e 74 20 3d 3d 3d 20 22  73 74 65 70 22 29 20 7b
0a 20 20 20 20 20 20 20  20 20 20 20 20 20 20 74
68 69 6e 6b 20 3d 20 22  22 3b 0a 20 20 20 20 20
20 20 20 20 20 20 20 20  20 75 70 64 28 7b 20 73
74 65 70 3a 20 6a 2e 6e  2c 20 74 68 69 6e 6b 69
6e 67 3a 20 22 22 20 7d  29 3b 0a 20 20 20 20 20
20 20 20 20 20 20 20 7d  20 65 6c 73 65 20 69 66
20 28 6a 2e 74 20 3d 3d  3d 20 22 74 6f 6b 22 29
20 7b 0a 20 20 20 20 20  20 20 20 20 20 20 20 20
20 74 68 69 6e 6b 20 2b  3d 20 6a 2e 63 3b 0a 20
20 20 20 20 20 20 20 20  20 20 20 20 20 75 70 64
28 7b 20 74 68 69 6e 6b  69 6e 67 3a 20 74 68 69
6e 6b 20 7d 29 3b 0a 20  20 20 20 20 20 20 20 20
20 20 20 7d 20 65 6c 73  65 20 69 66 20 28 6a 2e
74 20 3d 3d 3d 20 22 61  63 74 22 29 20 7b 0a 20
20 20 20 20 20 20 20 20  20 20 20 20 20 74 68 69
6e 6b 20 3d 20 22 22 3b  0a 20 20 20 20 20 20 20
20 20 20 20 20 20 20 65  76 6c 69 73 74 2e 70 75
73 68 28 7b 0a 20 20 20  20 20 20 20 20 20 20 20
20 20 20 20 20 74 79 70  65 3a 20 22 61 63 74 22
2c 0a 20 20 20 20 20 20  20 20 20 20 20 20 20 20
20 20 6b 69 6e 64 3a 20  6a 2e 6b 69 6e 64 2c 0a
20 20 20 20 20 20 20 20  20 20 20 20 20 20 20 20
61 72 67 3a 20 6a 2e 61  72 67 2c 0a 20 20 20 20
20 20 20 20 20 20 20 20  20 20 20 20 6f 6b 3a 20
6a 2e 6f 6b 2c 0a 20 20  20 20 20 20 20 20 20 20
20 20 20 20 20 20 6f 75  74 70 75 74 3a 20 6a 2e
6f 75 74 70 75 74 2c 0a  20 20 20 20 20 20 20 20
20 20 20 20 20 20 7d 29  3b 0a 20 20 20 20 20 20
20 20 20 20 20 20 20 20  75 70 64 28 7b 20 65 76
65 6e 74 73 3a 20 5b 2e  2e 2e 65 76 6c 69 73 74
5d 2c 20 74 68 69 6e 6b  69 6e 67 3a 20 22 22 20
7d 29 3b 0a 20 20 20 20  20 20 20 20 20 20 20 20
7d 20 65 6c 73 65 20 69  66 20 28 6a 2e 74 20 3d
3d 3d 20 22 61 64 6f 6e  65 22 29 20 7b 0a 20 20
20 20 20 20 20 20 20 20  20 20 20 20 61 64 6f 6e
65 53 65 6e 74 20 3d 20  74 72 75 65 3b 0a 20 20
20 20 20 20 20 20 20 20  20 20 20 20 75 70 64 28
7b 0a 20 20 20 20 20 20  20 20 20 20 20 20 20 20
20 20 62 75 73 79 3a 20  66 61 6c 73 65 2c 0a 20
20 20 20 20 20 20 20 20  20 20 20 20 20 20 20 64
6f 6e 65 3a 20 74 72 75  65 2c 0a 20 20 20 20 20
20 20 20 20 20 20 20 20  20 20 20 73 75 6d 6d 61
72 79 3a 20 6a 2e 73 75  6d 6d 61 72 79 2c 0a 20
20 20 20 20 20 20 20 20  20 20 20 20 20 20 20 65
64 69 74 43 6f 75 6e 74  3a 20 6a 2e 65 64 69 74
73 2c 0a 20 20 20 20 20  20 20 20 20 20 20 20 20
20 20 20 62 61 63 6b 75  70 3a 20 6a 2e 62 61 63
6b 75 70 2c 0a 20 20 20  20 20 20 20 20 20 20 20
20 20 20 20 20 72 75 6e  3a 20 6a 2e 72 75 6e 2c
0a 20 20 20 20 20 20 20  20 20 20 20 20 20 20 20
20 70 68 61 73 65 3a 20  6a 2e 70 68 61 73 65 2c
0a 20 20 20 20 20 20 20  20 20 20 20 20 20 20 7d
29 3b 0a 20 20 20 20 20  20 20 20 20 20 20 20 20
20 73 65 74 48 69 73 74  6f 72 79 28 28 68 29 20
3d 3e 20 5b 0a 20 20 20  20 20 20 20 20 20 20 20
20 20 20 20 20 2e 2e 2e  68 2c 0a 20 20 20 20 20
20 20 20 20 20 20 20 20  20 20 20 7b 20 72 6f 6c
65 3a 20 22 61 73 73 69  73 74 61 6e 74 22 2c 20
63 6f 6e 74 65 6e 74 3a  20 6a 2e 73 75 6d 6d 61
72 79 20 7c 7c 20 22 22  20 7d 2c 0a 20 20 20 20
20 20 20 20 20 20 20 20  20 20 5d 29 3b 0a 20 20
20 20 20 20 20 20 20 20  20 20 7d 20 65 6c 73 65
20 69 66 20 28 6a 2e 74  20 3d 3d 3d 20 22 70 68
61 73 65 22 29 20 7b 0a  20 20 20 20 20 20 20 20
20 20 20 20 20 20 75 70  64 28 7b 20 70 68 61 73
65 3a 20 6a 2e 70 20 7d  29 3b 0a 20 20 20 20 20
20 20 20 20 20 20 20 7d  20 65 6c 73 65 20 69 66
20 28 6a 2e 74 20 3d 3d  3d 20 22 65 72 72 22 29
20 7b 0a 20 20 20 20 20  20 20 20 20 20 20 20 20
20 68 61 64 45 72 72 6f  72 20 3d 20 74 72 75 65
3b 0a 20 20 20 20 20 20  20 20 20 20 20 20 20 20
65 76 6c 69 73 74 2e 70  75 73 68 28 7b 20 74 79
70 65 3a 20 22 65 72 72  22 2c 20 6d 3a 20 6a 2e
6d 20 7d 29 3b 0a 20 20  20 20 20 20 20 20 20 20
20 20 20 20 75 70 64 28  7b 20 65 76 65 6e 74 73
3a 20 5b 2e 2e 2e 65 76  6c 69 73 74 5d 2c 20 62
75 73 79 3a 20 66 61 6c  73 65 2c 20 65 72 72 6f
72 3a 20 74 72 75 65 20  7d 29 3b 0a 20 20 20 20
20 20 20 20 20 20 20 20  7d 0a 20 20 20 20 20 20
20 20 20 20 7d 2c 0a 20  20 20 20 20 20 20 20 20
20 63 74 72 6c 2e 73 69  67 6e 61 6c 2c 0a 20 20
20 20 20 20 20 20 29 3b  0a 20 20 20 20 20 20 7d
20 63 61 74 63 68 20 28  65 29 20 7b 0a 20 20 20
20 20 20 20 20 69 66 20  28 65 2e 6e 61 6d 65 20
21 3d 3d 20 22 41 62 6f  72 74 45 72 72 6f 72 22
29 0a 20 20 20 20 20 20  20 20 20 20 75 70 64 28
7b 0a 20 20 20 20 20 20  20 20 20 20 20 20 62 75
73 79 3a 20 66 61 6c 73  65 2c 0a 20 20 20 20 20
20 20 20 20 20 20 20 65  72 72 6f 72 3a 20 74 72
75 65 2c 0a 20 20 20 20  20 20 20 20 20 20 20 20
65 76 65 6e 74 73 3a 20  5b 2e 2e 2e 65 76 6c 69
73 74 2c 20 7b 20 74 79  70 65 3a 20 22 65 72 72
22 2c 20 6d 3a 20 65 2e  6d 65 73 73 61 67 65 20
7d 5d 2c 0a 20 20 20 20  20 20 20 20 20 20 7d 29
3b 0a 20 20 20 20 20 20  7d 0a 20 20 20 20 20 20
63 6f 6e 73 6f 6c 65 2e  6c 6f 67 28 22 5b 64 6f
53 65 6e 64 5d 20 53 65  74 74 69 6e 67 20 62 75
73 79 3d 66 61 6c 73 65  20 28 61 67 65 6e 74 20
73 74 72 65 61 6d 20 63  6f 6d 70 6c 65 74 65 29
22 29 3b 0a 20 20 20 20  20 20 2f 2f 20 49 66 20
6e 6f 20 22 61 64 6f 6e  65 22 20 65 76 65 6e 74
20 77 61 73 20 73 65 6e  74 2c 20 70 72 6f 76 69
64 65 20 61 20 64 65 66  61 75 6c 74 20 73 75 6d
6d 61 72 79 20 62 61 73  65 64 20 6f 6e 20 65 76
65 6e 74 73 0a 20 20 20  20 20 20 69 66 20 28 21
61 64 6f 6e 65 53 65 6e  74 29 20 7b 0a 20 20 20
20 20 20 20 20 69 66 20  28 21 68 61 64 45 72 72
6f 72 29 20 7b 0a 20 20  20 20 20 20 20 20 20 20
63 6f 6e 73 74 20 73 75  6d 6d 61 72 79 20 3d 0a
20 20 20 20 20 20 20 20  20 20 20 20 65 76 6c 69
73 74 2e 6c 65 6e 67 74  68 20 3e 20 30 0a 20 20
20 20 20 20 20 20 20 20  20 20 20 20 3f 20 60 53
65 6c 65 73 61 69 2e 20  24 7b 65 76 6c 69 73 74
2e 6c 65 6e 67 74 68 7d  20 6f 70 65 72 61 73 69
20 64 69 65 6b 73 65 6b  75 73 69 2e 60 0a 20 20
20 20 20 20 20 20 20 20  20 20 20 20 3a 20 22 53
65 6c 65 73 61 69 2e 20  54 69 64 61 6b 20 61 64
61 20 6f 70 65 72 61 73  69 20 79 61 6e 67 20 64
69 6c 61 6b 75 6b 61 6e  2e 22 3b 0a 20 20 20 20
20 20 20 20 20 20 75 70  64 28 7b 20 62 75 73 79
3a 20 66 61 6c 73 65 2c  20 64 6f 6e 65 3a 20 74
72 75 65 2c 20 73 75 6d  6d 61 72 79 20 7d 29 3b
0a 20 20 20 20 20 20 20  20 20 20 73 65 74 48 69
73 74 6f 72 79 28 28 68  29 20 3d 3e 20 5b 2e 2e
2e 68 2c 20 7b 20 72 6f  6c 65 3a 20 22 61 73 73
69 73 74 61 6e 74 22 2c  20 63 6f 6e 74 65 6e 74
3a 20 73 75 6d 6d 61 72  79 20 7d 5d 29 3b 0a 20
20 20 20 20 20 20 20 7d  20 65 6c 73 65 20 7b 0a
20 20 20 20 20 20 20 20  20 20 75 70 64 28 7b 20
62 75 73 79 3a 20 66 61  6c 73 65 20 7d 29 3b 0a
20 20 20 20 20 20 20 20  7d 0a 20 20 20 20 20 20
7d 0a 20 20 20 20 20 20  73 65 74 42 75 73 79 28
66 61 6c 73 65 29 3b 20  2f 2f 20 41 6c 77 61 79
73 20 72 65 73 65 74 20  67 6c 6f 62 61 6c 20 62
75 73 79 20 73 74 61 74  65 20 61 66 74 65 72 20
61 67 65 6e 74 20 73 74  72 65 61 6d 20 63 6f 6d
70 6c 65 74 65 73 2c 20  72 65 67 61 72 64 6c 65
73 73 20 6f 66 20 65 76  65 6e 74 73 0a 20 20 20
20 20 20 73 65 74 53 74  61 74 75 73 28 22 73 69
61 70 22 29 3b 0a 20 20  20 20 7d 20 65 6c 73 65
20 7b 0a 20 20 20 20 20  20 73 65 74 4d 65 73 73
61 67 65 73 28 28 6d 29  20 3d 3e 20 5b 0a 20 20
20 20 20 20 20 20 2e 2e  2e 6d 2c 0a 20 20 20 20
20 20 20 20 7b 20 72 6f  6c 65 3a 20 22 75 73 65
72 22 2c 20 74 65 78 74  3a 20 64 69 73 70 6c 61
79 20 7c 7c 20 63 6f 6e  74 65 6e 74 20 7d 2c 0a
20 20 20 20 20 20 20 20  7b 20 72 6f 6c 65 3a 20
22 6d 6f 64 65 6c 22 2c  20 74 65 78 74 3a 20 22
22 2c 20 72 75 6e 3a 20  6e 75 6c 6c 20 7d 2c 0a
20 20 20 20 20 20 5d 29  3b 0a 20 20 20 20 20 20
69 66 20 28 63 61 6e 76  61 73 41 75 74 6f 29 20
5f 73 65 74 43 61 6e 76  61 73 28 7b 20 64 6f 63
3a 20 43 41 4e 56 41 53  5f 42 55 49 4c 44 49 4e
47 2c 20 72 75 6e 3a 20  6e 75 6c 6c 20 7d 29 3b
20 2f 2f 20 57 65 62 20  44 65 76 20 e2 86 92 20
73 70 6c 69 74 20 6f 70  65 6e 73 20 69 6d 6d 65
64 69 61 74 65 6c 79 0a  20 20 20 20 20 20 6c 65
74 20 6c 61 73 74 43 61  6e 76 61 73 54 20 3d 20
30 3b 0a 20 20 20 20 20  20 74 72 79 20 7b 0a 20
20 20 20 20 20 20 20 63  6f 6e 73 74 20 72 65 73
20 3d 20 61 77 61 69 74  20 73 74 72 65 61 6d 43
68 61 74 28 0a 20 20 20  20 20 20 20 20 20 20 72
65 71 46 6f 72 28 6d 6f  64 65 6c 56 61 6c 2c 20
67 65 74 43 6c 6f 75 64  28 29 2c 20 6e 65 77 48
69 73 74 2c 20 63 61 6e  76 61 73 41 75 74 6f 29
2c 0a 20 20 20 20 20 20  20 20 20 20 28 74 2c 20
72 75 6e 29 20 3d 3e 20  7b 0a 20 20 20 20 20 20
20 20 20 20 20 20 73 65  74 4d 65 73 73 61 67 65
73 28 28 6d 29 20 3d 3e  20 7b 0a 20 20 20 20 20
20 20 20 20 20 20 20 20  20 63 6f 6e 73 74 20 63
20 3d 20 6d 2e 73 6c 69  63 65 28 29 3b 0a 20 20
20 20 20 20 20 20 20 20  20 20 20 20 63 5b 63 2e
6c 65 6e 67 74 68 20 2d  20 31 5d 20 3d 20 7b 20
72 6f 6c 65 3a 20 22 6d  6f 64 65 6c 22 2c 20 74
65 78 74 3a 20 74 2c 20  72 75 6e 20 7d 3b 0a 20
20 20 20 20 20 20 20 20  20 20 20 20 20 72 65 74
75 72 6e 20 63 3b 0a 20  20 20 20 20 20 20 20 20
20 20 20 7d 29 3b 0a 20  20 20 20 20 20 20 20 20
20 20 20 7b 0a 20 20 20  20 20 20 20 20 20 20 20
20 20 20 63 6f 6e 73 74  20 6e 6f 77 20 3d 20 44
61 74 65 2e 6e 6f 77 28  29 3b 0a 20 20 20 20 20
20 20 20 20 20 20 20 20  20 69 66 20 28 6e 6f 77
20 2d 20 6c 61 73 74 43  61 6e 76 61 73 54 20 3e
20 34 35 30 29 20 7b 0a  20 20 20 20 20 20 20 20
20 20 20 20 20 20 20 20  63 6f 6e 73 74 20 70 20
3d 20 63 61 6e 76 61 73  41 75 74 6f 20 3f 20 62
75 69 6c 64 50 72 65 76  69 65 77 28 74 29 20 3a
20 7b 20 68 61 73 3a 20  66 61 6c 73 65 20 7d 3b
20 2f 2f 20 77 65 62 2f  66 6c 75 74 74 65 72 20
70 72 65 76 69 65 77 20  6f 6e 6c 79 20 69 6e 20
57 65 62 20 44 65 76 20  6d 6f 64 65 0a 20 20 20
20 20 20 20 20 20 20 20  20 20 20 20 20 69 66 20
28 70 2e 68 61 73 29 20  7b 0a 20 20 20 20 20 20
20 20 20 20 20 20 20 20  20 20 20 20 6c 61 73 74
43 61 6e 76 61 73 54 20  3d 20 6e 6f 77 3b 0a 20
20 20 20 20 20 20 20 20  20 20 20 20 20 20 20 20
20 5f 73 65 74 43 61 6e  76 61 73 28 0a 20 20 20
20 20 20 20 20 20 20 20  20 20 20 20 20 20 20 20
20 70 2e 66 6c 75 74 74  65 72 0a 20 20 20 20 20
20 20 20 20 20 20 20 20  20 20 20 20 20 20 20 20
20 3f 20 7b 0a 20 20 20  20 20 20 20 20 20 20 20
20 20 20 20 20 20 20 20  20 20 20 20 20 20 20 66
6c 75 74 74 65 72 3a 20  70 2e 73 74 72 65 61 6d
69 6e 67 20 3f 20 6e 75  6c 6c 20 3a 20 70 2e 73
6f 75 72 63 65 2c 0a 20  20 20 20 20 20 20 20 20
20 20 20 20 20 20 20 20  20 20 20 20 20 20 20 20
20 64 6f 63 3a 20 70 2e  61 32 75 69 20 3f 20 41
32 55 49 5f 53 54 52 45  41 4d 49 4e 47 20 3a 20
46 4c 55 54 54 45 52 5f  53 54 52 45 41 4d 49 4e
47 2c 0a 20 20 20 20 20  20 20 20 20 20 20 20 20
20 20 20 20 20 20 20 20  20 20 20 20 20 72 75 6e
3a 20 6e 75 6c 6c 2c 0a  20 20 20 20 20 20 20 20
20 20 20 20 20 20 20 20  20 20 20 20 20 20 20 20
20 20 66 69 6c 65 73 3a  20 70 2e 66 69 6c 65 73
2c 0a 20 20 20 20 20 20  20 20 20 20 20 20 20 20
20 20 20 20 20 20 20 20  20 20 7d 20 2f 2f 20 41
32 55 49 3a 20 6f 6e 6c  79 20 73 65 6e 64 20 63
6f 6d 70 6c 65 74 65 20  4a 53 4f 4e 20 74 6f 20
73 74 75 64 69 6f 3b 20  69 6e 63 6f 6d 70 6c 65
74 65 20 4a 53 4f 4e 20  63 72 61 73 68 65 73 20
46 6c 75 74 74 65 72 20  6a 73 6f 6e 44 65 63 6f
64 65 0a 20 20 20 20 20  20 20 20 20 20 20 20 20
20 20 20 20 20 20 20 20  20 3a 20 7b 20 64 6f 63
3a 20 70 2e 64 6f 63 2c  20 72 75 6e 3a 20 6e 75
6c 6c 2c 20 66 69 6c 65  73 3a 20 70 2e 66 69 6c
65 73 20 7d 2c 0a 20 20  20 20 20 20 20 20 20 20
20 20 20 20 20 20 20 20  29 3b 0a 20 20 20 20 20
20 20 20 20 20 20 20 20  20 20 20 7d 20 2f 2f 20
77 65 62 3a 20 6c 69 76  65 20 70 72 65 76 69 65
77 20 69 73 20 63 68 65  61 70 2c 20 6b 65 65 70
20 69 74 0a 20 20 20 20  20 20 20 20 20 20 20 20
20 20 20 20 65 6c 73 65  20 69 66 20 28 72 75 6e
29 20 7b 0a 20 20 20 20  20 20 20 20 20 20 20 20
20 20 20 20 20 20 6c 61  73 74 43 61 6e 76 61 73
54 20 3d 20 6e 6f 77 3b  0a 20 20 20 20 20 20 20
20 20 20 20 20 20 20 20  20 20 20 5f 73 65 74 43
61 6e 76 61 73 28 7b 20  64 6f 63 3a 20 63 6f 6e
73 6f 6c 65 44 6f 63 28  72 75 6e 29 2c 20 72 75
6e 20 7d 29 3b 0a 20 20  20 20 20 20 20 20 20 20
20 20 20 20 20 20 7d 20  2f 2f 20 61 6e 79 20 65
78 65 63 75 74 65 64 20  63 6f 64 65 20 e2 86 92
20 6c 69 76 65 20 74 65  72 6d 69 6e 61 6c 20 76
69 65 77 0a 20 20 20 20  20 20 20 20 20 20 20 20
20 20 7d 0a 20 20 20 20  20 20 20 20 20 20 20 20
7d 0a 20 20 20 20 20 20  20 20 20 20 7d 2c 0a 20
20 20 20 20 20 20 20 20  20 63 74 72 6c 2e 73 69
67 6e 61 6c 2c 0a 20 20  20 20 20 20 20 20 29 3b
0a 20 20 20 20 20 20 20  20 73 65 74 4d 65 73 73
61 67 65 73 28 28 6d 29  20 3d 3e 20 7b 0a 20 20
20 20 20 20 20 20 20 20  63 6f 6e 73 74 20 63 20
3d 20 6d 2e 73 6c 69 63  65 28 29 3b 0a 20 20 20
20 20 20 20 20 20 20 63  5b 63 2e 6c 65 6e 67 74
68 20 2d 20 31 5d 20 3d  20 7b 20 72 6f 6c 65 3a
20 22 6d 6f 64 65 6c 22  2c 20 74 65 78 74 3a 20
72 65 73 2e 74 65 78 74  2c 20 72 75 6e 3a 20 72
65 73 2e 72 75 6e 20 7d  3b 0a 20 20 20 20 20 20
20 20 20 20 72 65 74 75  72 6e 20 63 3b 0a 20 20
20 20 20 20 20 20 7d 29  3b 0a 20 20 20 20 20 20
20 20 73 65 74 48 69 73  74 6f 72 79 28 28 68 29
20 3d 3e 20 5b 2e 2e 2e  68 2c 20 7b 20 72 6f 6c
65 3a 20 22 61 73 73 69  73 74 61 6e 74 22 2c 20
63 6f 6e 74 65 6e 74 3a  20 72 65 73 2e 74 65 78
74 20 7d 5d 29 3b 0a 20  20 20 20 20 20 20 20 73
65 74 53 74 61 74 75 73  28 0a 20 20 20 20 20 20
20 20 20 20 72 65 73 2e  72 75 6e 20 3f 20 28 72
65 73 2e 72 75 6e 2e 6f  6b 20 3f 20 22 e2 9c 93
20 76 65 72 69 66 69 65  64 22 20 3a 20 22 e2 9a
a0 20 6e 6f 74 20 70 61  73 73 69 6e 67 22 29 20
3a 20 22 72 65 61 64 79  22 2c 0a 20 20 20 20 20
20 20 20 29 3b 0a 20 20  20 20 20 20 20 20 63 6f
6e 73 74 20 70 72 6f 6a  20 3d 20 62 75 69 6c 64
50 72 65 76 69 65 77 28  72 65 73 2e 74 65 78 74
29 3b 20 2f 2f 20 66 69  6e 61 6c 69 7a 65 20 74
68 65 20 6c 69 76 65 20  43 61 6e 76 61 73 0a 20
20 20 20 20 20 20 20 63  6f 6e 73 6f 6c 65 2e 6c
6f 67 28 0a 20 20 20 20  20 20 20 20 20 20 22 5b
64 6f 53 65 6e 64 5d 20  66 69 6e 61 6c 20 62 75
69 6c 64 50 72 65 76 69  65 77 3a 22 2c 0a 20 20
20 20 20 20 20 20 20 20  70 72 6f 6a 2e 68 61 73
20 3f 20 28 70 72 6f 6a  2e 66 6c 75 74 74 65 72
20 3f 20 22 66 6c 75 74  74 65 72 2f 61 32 75 69
22 20 3a 20 22 77 65 62  22 29 20 3a 20 22 6e 6f
6e 65 22 2c 0a 20 20 20  20 20 20 20 20 20 20 22
7c 20 63 61 6e 76 61 73  52 65 66 2e 66 6c 75 74
74 65 72 3a 22 2c 0a 20  20 20 20 20 20 20 20 20
20 21 21 63 61 6e 76 61  73 52 65 66 2e 63 75 72
72 65 6e 74 3f 2e 66 6c  75 74 74 65 72 2c 0a 20
20 20 20 20 20 20 20 29  3b 0a 20 20 20 20 20 20
20 20 69 66 20 28 70 72  6f 6a 2e 68 61 73 29 20
7b 0a 20 20 20 20 20 20  20 20 20 20 69 66 20 28
70 72 6f 6a 2e 66 6c 75  74 74 65 72 29 20 7b 0a
20 20 20 20 20 20 20 20  20 20 20 20 63 6f 6e 73
74 20 66 73 74 61 74 65  20 3d 20 7b 0a 20 20 20
20 20 20 20 20 20 20 20  20 20 20 66 6c 75 74 74
65 72 3a 20 70 72 6f 6a  2e 73 6f 75 72 63 65 2c
0a 20 20 20 20 20 20 20  20 20 20 20 20 20 20 64
6f 63 3a 20 70 72 6f 6a  2e 61 32 75 69 20 3f 20
41 32 55 49 5f 53 54 52  45 41 4d 49 4e 47 20 3a
20 46 4c 55 54 54 45 52  5f 43 4f 4d 50 49 4c 49
4e 47 2c 0a 20 20 20 20  20 20 20 20 20 20 20 20
20 20 66 69 6c 65 73 3a  20 70 72 6f 6a 2e 66 69
6c 65 73 2c 0a 20 20 20  20 20 20 20 20 20 20 20
20 7d 3b 0a 20 20 20 20  20 20 20 20 20 20 20 20
6c 61 73 74 50 72 6f 6a  65 63 74 2e 63 75 72 72
65 6e 74 20 3d 20 66 73  74 61 74 65 3b 0a 20 20
20 20 20 20 20 20 20 20  20 20 5f 73 65 74 43 61
6e 76 61 73 28 66 73 74  61 74 65 29 3b 0a 20 20
20 20 20 20 20 20 20 20  7d 20 65 6c 73 65 20 7b
0a 20 20 20 20 20 20 20  20 20 20 20 20 63 6f 6e
73 74 20 77 73 74 61 74  65 20 3d 20 7b 20 64 6f
63 3a 20 70 72 6f 6a 2e  64 6f 63 2c 20 72 75 6e
3a 20 72 65 73 2e 72 75  6e 2c 20 66 69 6c 65 73
3a 20 70 72 6f 6a 2e 66  69 6c 65 73 20 7d 3b 0a
20 20 20 20 20 20 20 20  20 20 20 20 6c 61 73 74
50 72 6f 6a 65 63 74 2e  63 75 72 72 65 6e 74 20
3d 20 77 73 74 61 74 65  3b 0a 20 20 20 20 20 20
20 20 20 20 20 20 5f 73  65 74 43 61 6e 76 61 73
28 77 73 74 61 74 65 29  3b 0a 20 20 20 20 20 20
20 20 20 20 7d 0a 20 20  20 20 20 20 20 20 7d 20
65 6c 73 65 20 69 66 20  28 72 65 73 2e 72 75 6e
29 20 7b 0a 20 20 20 20  20 20 20 20 20 20 2f 2f
20 4e 6f 20 77 65 62 2f  66 6c 75 74 74 65 72 20
63 6f 6e 74 65 6e 74 20  62 75 74 20 63 6f 64 65
20 57 41 53 20 65 78 65  63 75 74 65 64 20 e2 80
94 20 73 68 6f 77 20 74  68 65 20 74 65 72 6d 69
6e 61 6c 20 69 6e 20 43  61 6e 76 61 73 0a 20 20
20 20 20 20 20 20 20 20  5f 73 65 74 43 61 6e 76
61 73 28 7b 20 64 6f 63  3a 20 63 6f 6e 73 6f 6c
65 44 6f 63 28 72 65 73  2e 72 75 6e 29 2c 20 72
75 6e 3a 20 72 65 73 2e  72 75 6e 20 7d 29 3b 0a
20 20 20 20 20 20 20 20  7d 20 65 6c 73 65 20 69
66 20 28 63 61 6e 76 61  73 41 75 74 6f 20 26 26
20 21 63 61 6e 76 61 73  52 65 66 2e 63 75 72 72
65 6e 74 3f 2e 66 6c 75  74 74 65 72 29 20 5f 73
65 74 43 61 6e 76 61 73  28 6e 75 6c 6c 29 3b 20
2f 2f 20 6f 6e 6c 79 20  63 6c 6f 73 65 20 69 66
20 6e 6f 20 41 32 55 49  20 77 61 73 20 64 65 74
65 63 74 65 64 20 64 75  72 69 6e 67 20 73 74 72
65 61 6d 69 6e 67 0a 20  20 20 20 20 20 7d 20 63
61 74 63 68 20 28 65 29  20 7b 0a 20 20 20 20 20
20 20 20 69 66 20 28 65  2e 6e 61 6d 65 20 21 3d
3d 20 22 41 62 6f 72 74  45 72 72 6f 72 22 29 20
7b 0a 20 20 20 20 20 20  20 20 20 20 73 65 74 4d
65 73 73 61 67 65 73 28  28 6d 29 20 3d 3e 20 7b
0a 20 20 20 20 20 20 20  20 20 20 20 20 63 6f 6e
73 74 20 63 20 3d 20 6d  2e 73 6c 69 63 65 28 29
3b 0a 20 20 20 20 20 20  20 20 20 20 20 20 63 5b
63 2e 6c 65 6e 67 74 68  20 2d 20 31 5d 20 3d 20
7b 0a 20 20 20 20 20 20  20 20 20 20 20 20 20 20
72 6f 6c 65 3a 20 22 6d  6f 64 65 6c 22 2c 0a 20
20 20 20 20 20 20 20 20  20 20 20 20 20 74 65 78
74 3a 20 22 5b 65 72 72  6f 72 3a 20 22 20 2b 20
65 2e 6d 65 73 73 61 67  65 20 2b 20 22 5d 22 2c
0a 20 20 20 20 20 20 20  20 20 20 20 20 7d 3b 0a
20 20 20 20 20 20 20 20  20 20 20 20 72 65 74 75
72 6e 20 63 3b 0a 20 20  20 20 20 20 20 20 20 20
7d 29 3b 0a 20 20 20 20  20 20 20 20 20 20 73 65
74 53 74 61 74 75 73 28  22 65 72 72 6f 72 22 29
3b 0a 20 20 20 20 20 20  20 20 20 20 63 6f 6e 73
6f 6c 65 2e 6c 6f 67 28  22 5b 64 6f 53 65 6e 64
5d 20 53 65 74 74 69 6e  67 20 62 75 73 79 3d 66
61 6c 73 65 20 28 63 61  6e 76 61 73 20 61 75 74
6f 20 65 72 72 6f 72 29  22 29 3b 0a 20 20 20 20
20 20 20 20 20 20 73 65  74 42 75 73 79 28 66 61
6c 73 65 29 3b 0a 20 20  20 20 20 20 20 20 7d 20
65 6c 73 65 20 73 65 74  53 74 61 74 75 73 28 22
64 69 62 61 74 61 6c 6b  61 6e 22 29 3b 0a 20 20
20 20 20 20 20 20 63 6f  6e 73 6f 6c 65 2e 6c 6f
67 28 22 5b 64 6f 53 65  6e 64 5d 20 53 65 74 74
69 6e 67 20 62 75 73 79  3d 66 61 6c 73 65 20 28
63 61 6e 76 61 73 20 61  75 74 6f 20 61 62 6f 72
74 29 22 29 3b 0a 20 20  20 20 20 20 20 20 73 65
74 42 75 73 79 28 66 61  6c 73 65 29 3b 0a 20 20
20 20 20 20 7d 0a 20 20  20 20 7d 0a 20 20 20 20
63 74 72 6c 52 65 66 2e  63 75 72 72 65 6e 74 20
3d 20 6e 75 6c 6c 3b 0a  20 20 20 20 73 65 74 42
75 73 79 28 66 61 6c 73  65 29 3b 0a 20 20 7d 3b
0a 20 20 64 6f 53 65 6e  64 52 65 66 2e 63 75 72
72 65 6e 74 20 3d 20 64  6f 53 65 6e 64 3b 0a 20
20 63 6f 6e 73 74 20 61  69 45 64 69 74 43 6f 64
65 20 3d 20 28 63 6f 64  65 2c 20 6c 61 6e 67 2c
20 69 6e 73 74 72 75 63  74 69 6f 6e 29 20 3d 3e
20 7b 0a 20 20 20 20 63  6f 6e 73 74 20 70 72 6f
6d 70 74 20 3d 0a 20 20  20 20 20 20 22 55 62 61
68 20 6b 6f 64 65 20 62  65 72 69 6b 75 74 20 73
65 73 75 61 69 20 69 6e  73 74 72 75 6b 73 69 2e
20 4b 65 6d 62 61 6c 69  6b 61 6e 20 48 41 4e 59
41 20 73 61 74 75 20 62  6c 6f 6b 20 6b 6f 64 65
20 28 62 65 72 74 61 67  20 62 61 68 61 73 61 20
22 20 2b 0a 20 20 20 20  20 20 6c 61 6e 67 20 2b
0a 20 20 20 20 20 20 22  29 2e 5c 6e 49 6e 73 74
72 75 6b 73 69 3a 20 22  20 2b 0a 20 20 20 20 20
20 69 6e 73 74 72 75 63  74 69 6f 6e 20 2b 0a 20
20 20 20 20 20 22 5c 6e  5c 6e 60 60 60 22 20 2b
0a 20 20 20 20 20 20 6c  61 6e 67 20 2b 0a 20 20
20 20 20 20 22 5c 6e 22  20 2b 0a 20 20 20 20 20
20 63 6f 64 65 20 2b 0a  20 20 20 20 20 20 22 5c
6e 60 60 60 22 3b 0a 20  20 20 20 64 6f 53 65 6e
64 28 70 72 6f 6d 70 74  2c 20 22 e2 9c a6 20 55
62 61 68 20 28 22 20 2b  20 6c 61 6e 67 20 2b 20
22 29 3a 20 22 20 2b 20  69 6e 73 74 72 75 63 74
69 6f 6e 29 3b 0a 20 20  7d 3b 0a 20 20 63 6f 6e
73 74 20 63 61 6e 63 65  6c 20 3d 20 28 29 20 3d
3e 20 7b 0a 20 20 20 20  63 6f 6e 73 6f 6c 65 2e
6c 6f 67 28 22 5b 63 61  6e 63 65 6c 5d 20 41 62
6f 72 74 69 6e 67 20 61  6e 64 20 73 65 74 74 69
6e 67 20 62 75 73 79 3d  66 61 6c 73 65 22 29 3b
0a 20 20 20 20 69 66 20  28 63 74 72 6c 52 65 66
2e 63 75 72 72 65 6e 74  29 20 63 74 72 6c 52 65
66 2e 63 75 72 72 65 6e  74 2e 61 62 6f 72 74 28
29 3b 0a 20 20 20 20 73  65 74 42 75 73 79 28 66
61 6c 73 65 29 3b 0a 20  20 20 20 73 65 74 53 74
61 74 75 73 28 22 64 69  62 61 74 61 6c 6b 61 6e
22 29 3b 0a 20 20 7d 3b  0a 20 20 63 6f 6e 73 74
20 72 65 73 65 74 20 3d  20 28 29 20 3d 3e 20 7b
0a 20 20 20 20 73 65 74  4d 65 73 73 61 67 65 73
28 5b 5d 29 3b 0a 20 20  20 20 73 65 74 48 69 73
74 6f 72 79 28 5b 5d 29  3b 0a 20 20 20 20 73 65
74 42 75 73 79 28 66 61  6c 73 65 29 3b 0a 20 20
20 20 73 65 74 53 74 61  74 75 73 28 22 72 65 61
64 79 22 29 3b 0a 20 20  7d 3b 0a 20 20 63 6f 6e
73 74 20 73 61 76 65 43  68 61 74 20 3d 20 28 29
20 3d 3e 20 7b 0a 20 20  20 20 69 66 20 28 6d 65
73 73 61 67 65 73 2e 6c  65 6e 67 74 68 20 3d 3d
3d 20 30 29 20 72 65 74  75 72 6e 3b 0a 20 20 20
20 74 72 79 20 7b 0a 20  20 20 20 20 20 63 6f 6e
73 74 20 73 61 76 65 64  20 3d 20 4a 53 4f 4e 2e
70 61 72 73 65 28 6c 6f  63 61 6c 53 74 6f 72 61
67 65 2e 67 65 74 49 74  65 6d 28 22 71 75 61 6e
74 75 6d 5f 63 68 61 74  73 22 29 20 7c 7c 20 22
5b 5d 22 29 3b 0a 20 20  20 20 20 20 73 61 76 65
64 2e 70 75 73 68 28 7b  0a 20 20 20 20 20 20 20
20 69 64 3a 20 44 61 74  65 2e 6e 6f 77 28 29 2c
0a 20 20 20 20 20 20 20  20 74 69 74 6c 65 3a 20
6d 65 73 73 61 67 65 73  5b 30 5d 3f 2e 74 65 78
74 3f 2e 73 6c 69 63 65  28 30 2c 20 36 30 29 20
7c 7c 20 22 43 68 61 74  22 2c 0a 20 20 20 20 20
20 20 20 6d 65 73 73 61  67 65 73 3a 20 6d 65 73
73 61 67 65 73 2c 0a 20  20 20 20 20 20 20 20 68
69 73 74 6f 72 79 3a 20  68 69 73 74 6f 72 79 2c
0a 20 20 20 20 20 20 20  20 73 61 76 65 64 41 74
3a 20 6e 65 77 20 44 61  74 65 28 29 2e 74 6f 49
53 4f 53 74 72 69 6e 67  28 29 2c 0a 20 20 20 20
20 20 7d 29 3b 0a 20 20  20 20 20 20 6c 6f 63 61
6c 53 74 6f 72 61 67 65  2e 73 65 74 49 74 65 6d
28 22 71 75 61 6e 74 75  6d 5f 63 68 61 74 73 22
2c 20 4a 53 4f 4e 2e 73  74 72 69 6e 67 69 66 79
28 73 61 76 65 64 29 29  3b 0a 20 20 20 20 20 20
6c 6f 61 64 53 61 76 65  64 43 68 61 74 73 28 29
3b 0a 20 20 20 20 7d 20  63 61 74 63 68 20 28 65
29 20 7b 0a 20 20 20 20  20 20 2f 2a 20 69 67 6e
6f 72 65 20 73 74 6f 72  61 67 65 20 65 72 72 6f
72 73 20 2a 2f 0a 20 20  20 20 7d 0a 20 20 7d 3b
0a 0a 20 20 72 65 74 75  72 6e 20 28 0a 20 20 20
20 3c 64 69 76 20 63 6c  61 73 73 4e 61 6d 65 3d
7b 22 61 70 70 20 68 61  73 2d 73 69 64 65 62 61
72 22 20 2b 20 28 73 62  43 6f 6c 6c 61 70 73 65
64 20 3f 20 22 20 73 62  2d 63 6f 6c 6c 61 70 73
65 64 22 20 3a 20 22 22  29 7d 3e 0a 20 20 20 20
20 20 3c 53 69 64 65 62  61 72 0a 20 20 20 20 20
20 20 20 63 6f 6c 6c 61  70 73 65 64 3d 7b 73 62
43 6f 6c 6c 61 70 73 65  64 7d 0a 20 20 20 20 20
20 20 20 73 65 74 43 6f  6c 6c 61 70 73 65 64 3d
7b 73 65 74 53 62 43 6f  6c 6c 61 70 73 65 64 7d
0a 20 20 20 20 20 20 20  20 76 69 65 77 3d 7b 76
69 65 77 7d 0a 20 20 20  20 20 20 20 20 73 65 74
56 69 65 77 3d 7b 73 65  74 56 69 65 77 7d 0a 20
20 20 20 20 20 20 20 6f  6e 4e 65 77 43 68 61 74
3d 7b 28 29 20 3d 3e 20  7b 0a 20 20 20 20 20 20
20 20 20 20 73 61 76 65  43 68 61 74 28 29 3b 0a
20 20 20 20 20 20 20 20  20 20 72 65 73 65 74 28
29 3b 0a 20 20 20 20 20  20 20 20 20 20 73 65 74
56 69 65 77 28 22 63 68  61 74 22 29 3b 0a 20 20
20 20 20 20 20 20 20 20  6c 6f 61 64 53 61 76 65
64 43 68 61 74 73 28 29  3b 0a 20 20 20 20 20 20
20 20 7d 7d 0a 20 20 20  20 20 20 20 20 6f 6e 56
69 73 75 61 6c 50 69 63  6b 65 72 3d 7b 28 29 20
3d 3e 20 7b 0a 20 20 20  20 20 20 20 20 20 20 73
74 61 72 74 50 69 63 6b  65 72 28 29 3b 0a 20 20
20 20 20 20 20 20 7d 7d  0a 20 20 20 20 20 20 20
20 63 61 6e 76 61 73 41  75 74 6f 3d 7b 63 61 6e
76 61 73 41 75 74 6f 7d  0a 20 20 20 20 20 20 20
20 6f 6e 54 6f 67 67 6c  65 43 61 6e 76 61 73 3d
7b 74 6f 67 67 6c 65 43  61 6e 76 61 73 7d 0a 20
20 20 20 20 20 20 20 74  68 65 6d 65 3d 7b 74 68
65 6d 65 7d 0a 20 20 20  20 20 20 20 20 73 65 74
54 68 65 6d 65 3d 7b 73  65 74 54 68 65 6d 65 7d
0a 20 20 20 20 20 20 20  20 74 65 72 6d 69 6e 61
6c 4f 70 65 6e 3d 7b 74  65 72 6d 69 6e 61 6c 4f
70 65 6e 7d 0a 20 20 20  20 20 20 20 20 73 65 74
54 65 72 6d 69 6e 61 6c  4f 70 65 6e 3d 7b 73 65
74 54 65 72 6d 69 6e 61  6c 4f 70 65 6e 7d 0a 20
20 20 20 20 20 20 20 74  65 72 6d 69 6e 61 6c 3d
7b 74 65 72 6d 69 6e 61  6c 7d 0a 20 20 20 20 20
20 20 20 73 61 76 65 64  43 68 61 74 73 3d 7b 73
61 76 65 64 43 68 61 74  73 7d 0a 20 20 20 20 20
20 20 20 73 68 6f 77 48  69 73 74 6f 72 79 3d 7b
73 68 6f 77 48 69 73 74  6f 72 79 7d 0a 20 20 20
20 20 20 20 20 73 65 74  53 68 6f 77 48 69 73 74
6f 72 79 3d 7b 73 65 74  53 68 6f 77 48 69 73 74
6f 72 79 7d 0a 20 20 20  20 20 20 20 20 72 65 73
74 6f 72 65 43 68 61 74  3d 7b 72 65 73 74 6f 72
65 43 68 61 74 7d 0a 20  20 20 20 20 20 20 20 64
65 6c 65 74 65 43 68 61  74 3d 7b 64 65 6c 65 74
65 43 68 61 74 7d 0a 20  20 20 20 20 20 20 20 6c
6f 61 64 53 61 76 65 64  43 68 61 74 73 3d 7b 6c
6f 61 64 53 61 76 65 64  43 68 61 74 73 7d 0a 20
20 20 20 20 20 20 20 6f  6e 41 67 65 6e 74 52 75
6e 6e 65 72 3d 7b 28 29  20 3d 3e 20 7b 0a 20 20
20 20 20 20 20 20 20 20  73 65 74 41 67 65 6e 74
52 75 6e 6e 65 72 4f 70  65 6e 28 74 72 75 65 29
3b 0a 20 20 20 20 20 20  20 20 20 20 6c 6f 61 64
41 67 65 6e 74 73 28 29  3b 0a 20 20 20 20 20 20
20 20 7d 7d 0a 20 20 20  20 20 20 2f 3e 0a 20 20
20 20 20 20 3c 64 69 76  20 63 6c 61 73 73 4e 61
6d 65 3d 22 70 61 67 65  2d 63 6f 6e 74 61 69 6e
65 72 22 3e 0a 20 20 20  20 20 20 20 20 3c 64 69
76 0a 20 20 20 20 20 20  20 20 20 20 63 6c 61 73
73 4e 61 6d 65 3d 7b 22  70 61 67 65 20 63 68 61
74 2d 70 61 67 65 20 22  20 2b 20 28 76 69 65 77
20 3d 3d 3d 20 22 63 68  61 74 22 20 3f 20 22 61
63 74 69 76 65 22 20 3a  20 22 65 78 69 74 22 29
7d 0a 20 20 20 20 20 20  20 20 3e 0a 20 20 20 20
20 20 20 20 20 20 3c 54  6f 70 42 61 72 0a 20 20
20 20 20 20 20 20 20 20  20 20 6d 6f 64 65 6c 73
3d 7b 6d 6f 64 65 6c 73  7d 0a 20 20 20 20 20 20
20 20 20 20 20 20 6d 6f  64 65 6c 56 61 6c 3d 7b
6d 6f 64 65 6c 56 61 6c  7d 0a 20 20 20 20 20 20
20 20 20 20 20 20 73 65  74 4d 6f 64 65 6c 56 61
6c 3d 7b 73 65 74 4d 6f  64 65 6c 56 61 6c 7d 0a
20 20 20 20 20 20 20 20  20 20 20 20 70 61 6e 65
6c 4f 70 65 6e 3d 7b 70  61 6e 65 6c 4f 70 65 6e
7d 0a 20 20 20 20 20 20  20 20 20 20 20 20 73 65
74 50 61 6e 65 6c 4f 70  65 6e 3d 7b 73 65 74 50
61 6e 65 6c 4f 70 65 6e  7d 0a 20 20 20 20 20 20
20 20 20 20 20 20 6f 6e  52 65 73 65 74 3d 7b 72
65 73 65 74 7d 0a 20 20  20 20 20 20 20 20 20 20
20 20 73 74 61 74 75 73  3d 7b 73 74 61 74 75 73
7d 0a 20 20 20 20 20 20  20 20 20 20 20 20 74 68
65 6d 65 3d 7b 74 68 65  6d 65 7d 0a 20 20 20 20
20 20 20 20 20 20 20 20  73 65 74 54 68 65 6d 65
3d 7b 73 65 74 54 68 65  6d 65 7d 0a 20 20 20 20
20 20 20 20 20 20 2f 3e  0a 20 20 20 20 20 20 20
20 20 20 3c 64 69 76 20  63 6c 61 73 73 4e 61 6d
65 3d 22 63 68 61 74 2d  73 70 6c 69 74 22 3e 0a
20 20 20 20 20 20 20 20  20 20 20 20 3c 64 69 76
0a 20 20 20 20 20 20 20  20 20 20 20 20 20 20 63
6c 61 73 73 4e 61 6d 65  3d 22 63 68 61 74 2d 63
6f 6c 22 0a 20 20 20 20  20 20 20 20 20 20 20 20
20 20 73 74 79 6c 65 3d  7b 7b 0a 20 20 20 20 20
20 20 20 20 20 20 20 20  20 20 20 66 6c 65 78 3a
20 63 61 6e 76 61 73 20  3f 20 22 31 20 31 20 22
20 2b 20 28 31 30 30 20  2d 20 63 61 6e 76 61 73
50 63 74 29 20 2b 20 22  25 22 20 3a 20 22 31 20
31 20 31 30 30 25 22 2c  0a 20 20 20 20 20 20 20
20 20 20 20 20 20 20 7d  7d 0a 20 20 20 20 20 20
20 20 20 20 20 20 3e 0a  20 20 20 20 20 20 20 20
20 20 20 20 20 20 3c 64  69 76 20 63 6c 61 73 73
4e 61 6d 65 3d 22 63 68  61 74 2d 73 63 72 6f 6c
6c 22 20 72 65 66 3d 7b  73 63 72 6f 6c 6c 52 65
66 7d 3e 0a 20 20 20 20  20 20 20 20 20 20 20 20
20 20 20 20 7b 6d 65 73  73 61 67 65 73 2e 6c 65
6e 67 74 68 20 3d 3d 3d  20 30 20 3f 20 28 0a 20
20 20 20 20 20 20 20 20  20 20 20 20 20 20 20 20
20 3c 64 69 76 20 63 6c  61 73 73 4e 61 6d 65 3d
22 65 6d 70 74 79 22 3e  0a 20 20 20 20 20 20 20
20 20 20 20 20 20 20 20  20 20 20 20 20 3c 73 70
61 6e 20 63 6c 61 73 73  4e 61 6d 65 3d 22 67 6c
79 70 68 22 3e 0a 20 20  20 20 20 20 20 20 20 20
20 20 20 20 20 20 20 20  20 20 20 20 3c 49 63 6f
6e 2e 73 70 61 72 6b 20  73 74 79 6c 65 3d 7b 7b
20 63 6f 6c 6f 72 3a 20  22 23 66 66 66 22 20 7d
7d 20 2f 3e 0a 20 20 20  20 20 20 20 20 20 20 20
20 20 20 20 20 20 20 20  20 3c 2f 73 70 61 6e 3e
0a 20 20 20 20 20 20 20  20 20 20 20 20 20 20 20
20 20 20 20 20 3c 68 32  3e 45 6e 6a 6f 79 20 64
65 76 65 6c 6f 70 6d 65  6e 74 3c 2f 68 32 3e 0a
20 20 20 20 20 20 20 20  20 20 20 20 20 20 20 20
20 20 3c 2f 64 69 76 3e  0a 20 20 20 20 20 20 20
20 20 20 20 20 20 20 20  20 29 20 3a 20 28 0a 20
20 20 20 20 20 20 20 20  20 20 20 20 20 20 20 20
20 3c 64 69 76 20 63 6c  61 73 73 4e 61 6d 65 3d
22 63 68 61 74 2d 69 6e  6e 65 72 22 3e 0a 20 20
20 20 20 20 20 20 20 20  20 20 20 20 20 20 20 20
20 20 7b 6d 65 73 73 61  67 65 73 2e 6d 61 70 28
28 6d 2c 20 69 29 20 3d  3e 20 28 0a 20 20 20 20
20 20 20 20 20 20 20 20  20 20 20 20 20 20 20 20
20 20 3c 4d 65 73 73 61  67 65 0a 20 20 20 20 20
20 20 20 20 20 20 20 20  20 20 20 20 20 20 20 20
20 20 20 6b 65 79 3d 7b  69 7d 0a 20 20 20 20 20
20 20 20 20 20 20 20 20  20 20 20 20 20 20 20 20
20 20 20 6d 73 67 3d 7b  6d 7d 0a 20 20 20 20 20
20 20 20 20 20 20 20 20  20 20 20 20 20 20 20 20
20 20 20 6f 6e 41 69 45  64 69 74 3d 7b 61 69 45
64 69 74 43 6f 64 65 7d  0a 20 20 20 20 20 20 20
20 20 20 20 20 20 20 20  20 20 20 20 20 20 20 20
20 62 75 73 79 3d 7b 62  75 73 79 7d 0a 20 20 20
20 20 20 20 20 20 20 20  20 20 20 20 20 20 20 20
20 20 20 20 20 6f 6e 4f  70 65 6e 43 61 6e 76 61
73 3d 7b 6f 70 65 6e 43  61 6e 76 61 73 7d 0a 20
20 20 20 20 20 20 20 20  20 20 20 20 20 20 20 20
20 20 20 20 20 2f 3e 0a  20 20 20 20 20 20 20 20
20 20 20 20 20 20 20 20  20 20 20 20 29 29 7d 0a
20 20 20 20 20 20 20 20  20 20 20 20 20 20 20 20
20 20 3c 2f 64 69 76 3e  0a 20 20 20 20 20 20 20
20 20 20 20 20 20 20 20  20 29 7d 0a 20 20 20 20
20 20 20 20 20 20 20 20  20 20 3c 2f 64 69 76 3e
0a 20 20 20 20 20 20 20  20 20 20 20 20 20 20 3c
43 6f 6d 70 6f 73 65 72  0a 20 20 20 20 20 20 20
20 20 20 20 20 20 20 20  20 6f 6e 53 65 6e 64 3d
7b 28 74 29 20 3d 3e 20  64 6f 53 65 6e 64 28 74
29 7d 0a 20 20 20 20 20  20 20 20 20 20 20 20 20
20 20 20 6f 6e 43 61 6e  63 65 6c 3d 7b 63 61 6e
63 65 6c 7d 0a 20 20 20  20 20 20 20 20 20 20 20
20 20 20 20 20 62 75 73  79 3d 7b 62 75 73 79 7d
0a 20 20 20 20 20 20 20  20 20 20 20 20 20 20 2f
3e 0a 20 20 20 20 20 20  20 20 20 20 20 20 3c 2f
64 69 76 3e 0a 20 20 20  20 20 20 20 20 20 20 20
20 7b 63 61 6e 76 61 73  20 26 26 20 28 0a 20 20
20 20 20 20 20 20 20 20  20 20 20 20 3c 64 69 76
20 63 6c 61 73 73 4e 61  6d 65 3d 22 73 70 6c 69
74 2d 64 69 76 69 64 65  72 22 20 6f 6e 4d 6f 75
73 65 44 6f 77 6e 3d 7b  6f 6e 44 69 76 69 64 65
72 44 6f 77 6e 7d 20 2f  3e 0a 20 20 20 20 20 20
20 20 20 20 20 20 29 7d  0a 20 20 20 20 20 20 20
20 20 20 20 20 7b 63 61  6e 76 61 73 20 26 26 20
28 0a 20 20 20 20 20 20  20 20 20 20 20 20 20 20
3c 64 69 76 0a 20 20 20  20 20 20 20 20 20 20 20
20 20 20 20 20 63 6c 61  73 73 4e 61 6d 65 3d 22
63 61 6e 76 61 73 2d 63  6f 6c 22 0a 20 20 20 20
20 20 20 20 20 20 20 20  20 20 20 20 73 74 79 6c
65 3d 7b 7b 20 66 6c 65  78 3a 20 22 30 20 30 20
22 20 2b 20 63 61 6e 76  61 73 50 63 74 20 2b 20
22 25 22 20 7d 7d 0a 20  20 20 20 20 20 20 20 20
20 20 20 20 20 3e 0a 20  20 20 20 20 20 20 20 20
20 20 20 20 20 20 20 7b  63 61 6e 76 61 73 2e 66
6c 75 74 74 65 72 20 3f  20 28 0a 20 20 20 20 20
20 20 20 20 20 20 20 20  20 20 20 20 20 3c 53 74
75 64 69 6f 46 72 61 6d  65 0a 20 20 20 20 20 20
20 20 20 20 20 20 20 20  20 20 20 20 20 20 73 6f
75 72 63 65 3d 7b 63 61  6e 76 61 73 2e 66 6c 75
74 74 65 72 7d 0a 20 20  20 20 20 20 20 20 20 20
20 20 20 20 20 20 20 20  20 20 6f 6e 43 6c 6f 73
65 3d 7b 28 29 20 3d 3e  20 7b 0a 20 20 20 20 20
20 20 20 20 20 20 20 20  20 20 20 20 20 20 20 20
20 5f 73 65 74 43 61 6e  76 61 73 28 6e 75 6c 6c
29 3b 0a 20 20 20 20 20  20 20 20 20 20 20 20 20
20 20 20 20 20 20 20 20  20 5f 73 65 74 43 61 6e
76 61 73 41 75 74 6f 28  66 61 6c 73 65 29 3b 0a
20 20 20 20 20 20 20 20  20 20 20 20 20 20 20 20
20 20 20 20 20 20 6c 61  73 74 50 72 6f 6a 65 63
74 2e 63 75 72 72 65 6e  74 20 3d 20 6e 75 6c 6c
3b 0a 20 20 20 20 20 20  20 20 20 20 20 20 20 20
20 20 20 20 20 20 7d 7d  0a 20 20 20 20 20 20 20
20 20 20 20 20 20 20 20  20 20 20 2f 3e 0a 20 20
20 20 20 20 20 20 20 20  20 20 20 20 20 20 29 20
3a 20 28 0a 20 20 20 20  20 20 20 20 20 20 20 20
20 20 20 20 20 20 3c 43  61 6e 76 61 73 50 61 6e
65 6c 0a 20 20 20 20 20  20 20 20 20 20 20 20 20
20 20 20 20 20 20 20 70  72 6f 6a 65 63 74 3d 7b
63 61 6e 76 61 73 7d 0a  20 20 20 20 20 20 20 20
20 20 20 20 20 20 20 20  20 20 20 20 6d 6f 64 65
6c 56 61 6c 3d 7b 6d 6f  64 65 6c 56 61 6c 7d 0a
20 20 20 20 20 20 20 20  20 20 20 20 20 20 20 20
20 20 20 20 6f 6e 43 6c  6f 73 65 3d 7b 28 29 20
3d 3e 20 7b 0a 20 20 20  20 20 20 20 20 20 20 20
20 20 20 20 20 20 20 20  20 20 20 5f 73 65 74 43
61 6e 76 61 73 28 6e 75  6c 6c 29 3b 0a 20 20 20
20 20 20 20 20 20 20 20  20 20 20 20 20 20 20 20
20 20 20 5f 73 65 74 43  61 6e 76 61 73 41 75 74
6f 28 66 61 6c 73 65 29  3b 0a 20 20 20 20 20 20
20 20 20 20 20 20 20 20  20 20 20 20 20 20 20 20
6c 61 73 74 50 72 6f 6a  65 63 74 2e 63 75 72 72
65 6e 74 20 3d 20 6e 75  6c 6c 3b 0a 20 20 20 20
20 20 20 20 20 20 20 20  20 20 20 20 20 20 20 20
7d 7d 0a 20 20 20 20 20  20 20 20 20 20 20 20 20
20 20 20 20 20 2f 3e 0a  20 20 20 20 20 20 20 20
20 20 20 20 20 20 20 20  29 7d 0a 20 20 20 20 20
20 20 20 20 20 20 20 20  20 3c 2f 64 69 76 3e 0a
20 20 20 20 20 20 20 20  20 20 20 20 29 7d 0a 20
20 20 20 20 20 20 20 20  20 3c 2f 64 69 76 3e 0a
20 20 20 20 20 20 20 20  3c 2f 64 69 76 3e 0a 20
20 20 20 20 20 20 20 3c  64 69 76 0a 20 20 20 20
20 20 20 20 20 20 63 6c  61 73 73 4e 61 6d 65 3d
7b 22 70 61 67 65 20 68  75 62 2d 70 61 67 65 20
22 20 2b 20 28 76 69 65  77 20 3d 3d 3d 20 22 68
75 62 22 20 3f 20 22 61  63 74 69 76 65 22 20 3a
20 22 65 6e 74 65 72 22  29 7d 0a 20 20 20 20 20
20 20 20 3e 0a 20 20 20  20 20 20 20 20 20 20 7b
76 69 65 77 20 3d 3d 3d  20 22 68 75 62 22 20 26
26 20 28 0a 20 20 20 20  20 20 20 20 20 20 20 20
3c 4d 6f 64 65 6c 48 75  62 56 69 65 77 0a 20 20
20 20 20 20 20 20 20 20  20 20 20 20 6f 6e 42 61
63 6b 3d 7b 28 29 20 3d  3e 20 73 65 74 56 69 65
77 28 22 63 68 61 74 22  29 7d 0a 20 20 20 20 20
20 20 20 20 20 20 20 20  20 74 68 65 6d 65 3d 7b
74 68 65 6d 65 7d 0a 20  20 20 20 20 20 20 20 20
20 20 20 20 20 73 65 74  54 68 65 6d 65 3d 7b 73
65 74 54 68 65 6d 65 7d  0a 20 20 20 20 20 20 20
20 20 20 20 20 20 20 6f  6e 43 68 61 6e 67 65 64
3d 7b 6c 6f 61 64 4d 6f  64 65 6c 73 7d 0a 20 20
20 20 20 20 20 20 20 20  20 20 20 20 6f 6e 55 73
65 3d 7b 28 70 6f 72 74  29 20 3d 3e 20 7b 0a 20
20 20 20 20 20 20 20 20  20 20 20 20 20 20 20 69
66 20 28 70 6f 72 74 29  20 73 65 74 4d 6f 64 65
6c 56 61 6c 28 53 74 72  69 6e 67 28 70 6f 72 74
29 29 3b 0a 20 20 20 20  20 20 20 20 20 20 20 20
20 20 20 20 6c 6f 61 64  4d 6f 64 65 6c 73 28 29
3b 0a 20 20 20 20 20 20  20 20 20 20 20 20 20 20
20 20 73 65 74 56 69 65  77 28 22 63 68 61 74 22
29 3b 0a 20 20 20 20 20  20 20 20 20 20 20 20 20
20 7d 7d 0a 20 20 20 20  20 20 20 20 20 20 20 20
2f 3e 0a 20 20 20 20 20  20 20 20 20 20 29 7d 0a
20 20 20 20 20 20 20 20  3c 2f 64 69 76 3e 0a 20
20 20 20 20 20 20 20 3c  64 69 76 0a 20 20 20 20
20 20 20 20 20 20 63 6c  61 73 73 4e 61 6d 65 3d
7b 0a 20 20 20 20 20 20  20 20 20 20 20 20 22 70
61 67 65 20 68 75 62 2d  70 61 67 65 20 22 20 2b
20 28 76 69 65 77 20 3d  3d 3d 20 22 73 65 74 74
69 6e 67 73 22 20 3f 20  22 61 63 74 69 76 65 22
20 3a 20 22 65 6e 74 65  72 22 29 0a 20 20 20 20
20 20 20 20 20 20 7d 0a  20 20 20 20 20 20 20 20
3e 0a 20 20 20 20 20 20  20 20 20 20 7b 76 69 65
77 20 3d 3d 3d 20 22 73  65 74 74 69 6e 67 73 22
20 26 26 20 28 0a 20 20  20 20 20 20 20 20 20 20
20 20 3c 53 65 74 74 69  6e 67 73 56 69 65 77 0a
20 20 20 20 20 20 20 20  20 20 20 20 20 20 6f 6e
42 61 63 6b 3d 7b 28 29  20 3d 3e 20 73 65 74 56
69 65 77 28 22 63 68 61  74 22 29 7d 0a 20 20 20
20 20 20 20 20 20 20 20  20 20 20 6f 6e 53 61 76
65 64 3d 7b 6c 6f 61 64  4d 6f 64 65 6c 73 7d 0a
20 20 20 20 20 20 20 20  20 20 20 20 20 20 6f 6e
43 6c 6f 75 64 43 68 61  6e 67 65 64 3d 7b 28 29
20 3d 3e 20 73 65 74 43  6c 6f 75 64 56 65 72 73
69 6f 6e 28 28 76 29 20  3d 3e 20 76 20 2b 20 31
29 7d 0a 20 20 20 20 20  20 20 20 20 20 20 20 2f
3e 0a 20 20 20 20 20 20  20 20 20 20 29 7d 0a 20
20 20 20 20 20 20 20 3c  2f 64 69 76 3e 0a 20 20
20 20 20 20 20 20 3c 64  69 76 0a 20 20 20 20 20
20 20 20 20 20 63 6c 61  73 73 4e 61 6d 65 3d 7b
0a 20 20 20 20 20 20 20  20 20 20 20 20 22 70 61
67 65 20 68 75 62 2d 70  61 67 65 20 22 20 2b 20
28 76 69 65 77 20 3d 3d  3d 20 22 61 67 65 6e 74
73 22 20 3f 20 22 61 63  74 69 76 65 22 20 3a 20
22 65 6e 74 65 72 22 29  0a 20 20 20 20 20 20 20
20 20 20 7d 0a 20 20 20  20 20 20 20 20 3e 0a 20
20 20 20 20 20 20 20 20  20 7b 76 69 65 77 20 3d
3d 3d 20 22 61 67 65 6e  74 73 22 20 26 26 20 28
0a 20 20 20 20 20 20 20  20 20 20 20 20 3c 41 67
65 6e 74 52 75 6e 6e 65  72 56 69 65 77 0a 20 20
20 20 20 20 20 20 20 20  20 20 20 20 6f 6e 42 61
63 6b 3d 7b 28 29 20 3d  3e 20 73 65 74 56 69 65
77 28 22 63 68 61 74 22  29 7d 0a 20 20 20 20 20
20 20 20 20 20 20 20 20  20 61 67 65 6e 74 73 3d
7b 61 76 61 69 6c 61 62  6c 65 41 67 65 6e 74 73
7d 0a 20 20 20 20 20 20  20 20 20 20 20 20 20 20
61 63 74 69 76 65 41 67  65 6e 74 3d 7b 61 63 74
69 76 65 41 67 65 6e 74  7d 0a 20 20 20 20 20 20
20 20 20 20 20 20 20 20  61 67 65 6e 74 52 75 6e
6e 69 6e 67 3d 7b 61 67  65 6e 74 52 75 6e 6e 69
6e 67 7d 0a 20 20 20 20  20 20 20 20 20 20 20 20
20 20 61 67 65 6e 74 4f  75 74 70 75 74 3d 7b 61
67 65 6e 74 4f 75 74 70  75 74 7d 0a 20 20 20 20
20 20 20 20 20 20 20 20  20 20 6f 6e 4c 6f 61 64
41 67 65 6e 74 73 3d 7b  6c 6f 61 64 41 67 65 6e
74 73 7d 0a 20 20 20 20  20 20 20 20 20 20 20 20
20 20 6f 6e 53 74 61 72  74 3d 7b 73 74 61 72 74
41 67 65 6e 74 7d 0a 20  20 20 20 20 20 20 20 20
20 20 20 20 20 6f 6e 53  74 6f 70 3d 7b 73 74 6f
70 41 67 65 6e 74 7d 0a  20 20 20 20 20 20 20 20
20 20 20 20 20 20 6f 6e  53 65 6e 64 3d 7b 73 65
6e 64 54 6f 41 67 65 6e  74 7d 0a 20 20 20 20 20
20 20 20 20 20 20 20 20  20 63 75 72 72 65 6e 74
4d 6f 64 65 6c 3d 7b 6d  6f 64 65 6c 56 61 6c 7d
0a 20 20 20 20 20 20 20  20 20 20 20 20 2f 3e 0a
20 20 20 20 20 20 20 20  20 20 29 7d 0a 20 20 20
20 20 20 20 20 3c 2f 64  69 76 3e 0a 20 20 20 20
20 20 3c 2f 64 69 76 3e  0a 20 20 20 20 3c 2f 64
69 76 3e 0a 20 20 29 3b  0a 7d 0a 2f 2a 20 3d 3d
3d 3d 3d 3d 3d 3d 3d 3d  3d 3d 3d 3d 3d 3d 3d 3d
3d 3d 3d 3d 3d 3d 3d 3d  3d 3d 3d 3d 3d 3d 3d 3d
3d 3d 3d 3d 3d 3d 3d 3d  3d 3d 3d 3d 3d 3d 3d 3d
3d 3d 3d 3d 3d 3d 3d 3d  3d 3d 0a 20 20 20 41 67
65 6e 74 20 52 75 6e 6e  65 72 20 56 69 65 77 0a
20 20 20 3d 3d 3d 3d 3d  3d 3d 3d 3d 3d 3d 3d 3d
3d 3d 3d 3d 3d 3d 3d 3d  3d 3d 3d 3d 3d 3d 3d 3d
3d 3d 3d 3d 3d 3d 3d 3d  3d 3d 3d 3d 3d 3d 3d 3d
3d 3d 3d 3d 3d 3d 3d 3d  3d 3d 3d 3d 3d 3d 3d 20
2a 2f 0a 66 75 6e 63 74  69 6f 6e 20 41 67 65 6e
74 52 75 6e 6e 65 72 56  69 65 77 28 7b 0a 20 20
6f 6e 42 61 63 6b 2c 0a  20 20 61 67 65 6e 74 73
2c 0a 20 20 61 63 74 69  76 65 41 67 65 6e 74 2c
0a 20 20 61 67 65 6e 74  52 75 6e 6e 69 6e 67 2c
0a 20 20 61 67 65 6e 74  4f 75 74 70 75 74 2c 0a
20 20 6f 6e 4c 6f 61 64  41 67 65 6e 74 73 2c 0a
20 20 6f 6e 53 74 61 72  74 2c 0a 20 20 6f 6e 53
74 6f 70 2c 0a 20 20 6f  6e 53 65 6e 64 2c 0a 20
20 63 75 72 72 65 6e 74  4d 6f 64 65 6c 2c 0a 7d
29 20 7b 0a 20 20 63 6f  6e 73 74 20 5b 73 65 6c
65 63 74 65 64 2c 20 73  65 74 53 65 6c 65 63 74
65 64 5d 20 3d 20 75 73  65 53 74 61 74 65 28 22
22 29 3b 0a 20 20 63 6f  6e 73 74 20 5b 66 75 6c
6c 53 63 72 65 65 6e 41  67 65 6e 74 2c 20 73 65
74 46 75 6c 6c 53 63 72  65 65 6e 41 67 65 6e 74
5d 20 3d 20 75 73 65 53  74 61 74 65 28 6e 75 6c
6c 29 3b 0a 20 20 63 6f  6e 73 74 20 5b 69 6e 73
74 61 6c 6c 69 6e 67 2c  20 73 65 74 49 6e 73 74
61 6c 6c 69 6e 67 5d 20  3d 20 75 73 65 53 74 61
74 65 28 66 61 6c 73 65  29 3b 0a 20 20 63 6f 6e
73 74 20 5b 69 6e 73 74  61 6c 6c 4d 73 67 2c 20
73 65 74 49 6e 73 74 61  6c 6c 4d 73 67 5d 20 3d
20 75 73 65 53 74 61 74  65 28 22 22 29 3b 0a 20
20 63 6f 6e 73 74 20 5b  6c 6f 63 61 6c 52 75 6e
6e 69 6e 67 2c 20 73 65  74 4c 6f 63 61 6c 52 75
6e 6e 69 6e 67 5d 20 3d  20 75 73 65 53 74 61 74
65 28 66 61 6c 73 65 29  3b 0a 20 20 63 6f 6e 73
74 20 78 74 65 72 6d 52  65 66 20 3d 20 75 73 65
52 65 66 28 6e 75 6c 6c  29 3b 20 2f 2f 20 44 4f
4d 20 63 6f 6e 74 61 69  6e 65 72 20 66 6f 72 20
78 74 65 72 6d 2e 6a 73  0a 20 20 63 6f 6e 73 74
20 74 65 72 6d 52 65 66  20 3d 20 75 73 65 52 65
66 28 6e 75 6c 6c 29 3b  20 2f 2f 20 78 74 65 72
6d 2e 6a 73 20 54 65 72  6d 69 6e 61 6c 20 69 6e
73 74 61 6e 63 65 0a 20  20 63 6f 6e 73 74 20 66
69 74 52 65 66 20 3d 20  75 73 65 52 65 66 28 6e
75 6c 6c 29 3b 20 2f 2f  20 78 74 65 72 6d 2e 6a
73 20 46 69 74 41 64 64  6f 6e 0a 20 20 63 6f 6e
73 74 20 65 73 52 65 66  20 3d 20 75 73 65 52 65
66 28 6e 75 6c 6c 29 3b  20 2f 2f 20 45 76 65 6e
74 53 6f 75 72 63 65 20  66 6f 72 20 53 53 45 0a
20 20 63 6f 6e 73 74 20  6c 6f 63 61 6c 52 75 6e
6e 69 6e 67 52 65 66 20  3d 20 75 73 65 52 65 66
28 66 61 6c 73 65 29 3b  20 2f 2f 20 6d 69 72 72
6f 72 20 6f 66 20 6c 6f  63 61 6c 52 75 6e 6e 69
6e 67 20 66 6f 72 20 63  6c 6f 73 75 72 65 73 0a
20 20 63 6f 6e 73 74 20  65 6e 73 75 72 65 53 74
61 72 74 65 64 52 65 66  20 3d 20 75 73 65 52 65
66 28 6e 75 6c 6c 29 3b  20 2f 2f 20 72 65 66 20
74 6f 20 65 6e 73 75 72  65 53 74 61 72 74 65 64
20 66 75 6e 63 74 69 6f  6e 0a 20 20 63 6f 6e 73
74 20 69 6e 70 75 74 51  75 65 75 65 52 65 66 20
3d 20 75 73 65 52 65 66  28 5b 5d 29 3b 20 2f 2f
20 71 75 65 75 65 20 6f  66 20 70 65 6e 64 69 6e
67 20 6b 65 79 73 74 72  6f 6b 65 73 0a 20 20 63
6f 6e 73 74 20 73 65 6e  64 69 6e 67 52 65 66 20
3d 20 75 73 65 52 65 66  28 66 61 6c 73 65 29 3b
20 2f 2f 20 6c 6f 63 6b  20 66 6f 72 20 73 65 71
75 65 6e 74 69 61 6c 20  73 65 6e 64 0a 20 20 63
6f 6e 73 74 20 73 74 61  72 74 69 6e 67 52 65 66
20 3d 20 75 73 65 52 65  66 28 66 61 6c 73 65 29
3b 20 2f 2f 20 70 72 65  76 65 6e 74 20 63 6f 6e
63 75 72 72 65 6e 74 20  61 67 65 6e 74 20 73 74
61 72 74 73 0a 20 20 63  6f 6e 73 74 20 72 75 6e
6e 65 72 41 67 65 6e 74  73 20 3d 20 61 67 65 6e
74 73 2e 66 69 6c 74 65  72 28 28 61 29 20 3d 3e
20 28 61 2e 69 64 20 7c  7c 20 61 2e 6e 61 6d 65
29 20 21 3d 3d 20 22 71  75 61 6e 74 75 6d 22 29
3b 0a 0a 20 20 75 73 65  45 66 66 65 63 74 28 28
29 20 3d 3e 20 7b 0a 20  20 20 20 6f 6e 4c 6f 61
64 41 67 65 6e 74 73 28  29 3b 0a 20 20 7d 2c 20
5b 5d 29 3b 0a 0a 20 20  2f 2f 20 53 79 6e 63 20
6c 6f 63 61 6c 52 75 6e  6e 69 6e 67 52 65 66 0a
20 20 75 73 65 45 66 66  65 63 74 28 28 29 20 3d
3e 20 7b 0a 20 20 20 20  6c 6f 63 61 6c 52 75 6e
6e 69 6e 67 52 65 66 2e  63 75 72 72 65 6e 74 20
3d 20 6c 6f 63 61 6c 52  75 6e 6e 69 6e 67 3b 0a
20 20 7d 2c 20 5b 6c 6f  63 61 6c 52 75 6e 6e 69
6e 67 5d 29 3b 0a 0a 20  20 2f 2f 20 53 65 74 20
65 6e 73 75 72 65 53 74  61 72 74 65 64 52 65 66
0a 20 20 75 73 65 45 66  66 65 63 74 28 28 29 20
3d 3e 20 7b 0a 20 20 20  20 65 6e 73 75 72 65 53
74 61 72 74 65 64 52 65  66 2e 63 75 72 72 65 6e
74 20 3d 20 65 6e 73 75  72 65 53 74 61 72 74 65
64 3b 0a 20 20 7d 29 3b  0a 0a 20 20 2f 2f 20 e2
94 80 e2 94 80 20 78 74  65 72 6d 2e 6a 73 20 69
6e 69 74 20 77 68 65 6e  20 66 75 6c 6c 73 63 72
65 65 6e 20 6f 70 65 6e  73 20 e2 94 80 e2 94 80
0a 20 20 75 73 65 45 66  66 65 63 74 28 28 29 20
3d 3e 20 7b 0a 20 20 20  20 69 66 20 28 21 66 75
6c 6c 53 63 72 65 65 6e  41 67 65 6e 74 20 7c 7c
20 21 78 74 65 72 6d 52  65 66 2e 63 75 72 72 65
6e 74 29 20 72 65 74 75  72 6e 3b 0a 20 20 20 20
2f 2f 20 43 6c 65 61 6e  75 70 20 61 6e 79 20 65
78 69 73 74 69 6e 67 20  74 65 72 6d 69 6e 61 6c
0a 20 20 20 20 69 66 20  28 74 65 72 6d 52 65 66
2e 63 75 72 72 65 6e 74  29 20 7b 0a 20 20 20 20
20 20 74 72 79 20 7b 0a  20 20 20 20 20 20 20 20
74 65 72 6d 52 65 66 2e  63 75 72 72 65 6e 74 2e
64 69 73 70 6f 73 65 28  29 3b 0a 20 20 20 20 20
20 7d 20 63 61 74 63 68  20 28 5f 29 20 7b 7d 0a
20 20 20 20 20 20 74 65  72 6d 52 65 66 2e 63 75
72 72 65 6e 74 20 3d 20  6e 75 6c 6c 3b 0a 20 20
20 20 7d 0a 20 20 20 20  63 6f 6e 73 74 20 74 65
72 6d 20 3d 20 6e 65 77  20 77 69 6e 64 6f 77 2e
54 65 72 6d 69 6e 61 6c  28 7b 0a 20 20 20 20 20
20 63 6f 6c 73 3a 20 31  32 30 2c 0a 20 20 20 20
20 20 72 6f 77 73 3a 20  34 30 2c 0a 20 20 20 20
20 20 66 6f 6e 74 46 61  6d 69 6c 79 3a 20 27 43
6f 6e 73 6f 6c 61 73 2c  20 22 43 61 73 63 61 64
69 61 20 43 6f 64 65 22  2c 20 6d 6f 6e 6f 73 70
61 63 65 27 2c 0a 20 20  20 20 20 20 66 6f 6e 74
53 69 7a 65 3a 20 31 33  2c 0a 20 20 20 20 20 20
74 68 65 6d 65 3a 20 7b  0a 20 20 20 20 20 20 20
20 62 61 63 6b 67 72 6f  75 6e 64 3a 20 22 23 30
64 31 31 31 37 22 2c 0a  20 20 20 20 20 20 20 20
66 6f 72 65 67 72 6f 75  6e 64 3a 20 22 23 63 39
64 31 64 39 22 2c 0a 20  20 20 20 20 20 20 20 63
75 72 73 6f 72 3a 20 22  23 35 38 61 36 66 66 22
2c 0a 20 20 20 20 20 20  7d 2c 0a 20 20 20 20 20
20 63 75 72 73 6f 72 42  6c 69 6e 6b 3a 20 74 72
75 65 2c 0a 20 20 20 20  20 20 61 6c 6c 6f 77 50
72 6f 70 6f 73 65 64 41  70 69 3a 20 74 72 75 65
2c 0a 20 20 20 20 7d 29  3b 0a 20 20 20 20 63 6f
6e 73 74 20 66 69 74 20  3d 20 6e 65 77 20 77 69
6e 64 6f 77 2e 46 69 74  41 64 64 6f 6e 28 29 3b
0a 20 20 20 20 74 65 72  6d 2e 6c 6f 61 64 41 64
64 6f 6e 28 66 69 74 29  3b 0a 20 20 20 20 63 6f
6e 73 74 20 61 67 65 6e  74 49 64 20 3d 20 66 75
6c 6c 53 63 72 65 65 6e  41 67 65 6e 74 0a 20 20
20 20 20 20 3f 20 66 75  6c 6c 53 63 72 65 65 6e
41 67 65 6e 74 2e 69 64  20 7c 7c 20 66 75 6c 6c
53 63 72 65 65 6e 41 67  65 6e 74 2e 6e 61 6d 65
0a 20 20 20 20 20 20 3a  20 22 22 3b 0a 20 20 20
20 74 65 72 6d 2e 6f 70  65 6e 28 78 74 65 72 6d
52 65 66 2e 63 75 72 72  65 6e 74 29 3b 0a 20 20
20 20 2f 2f 20 53 65 6e  64 20 72 65 73 69 7a 65
20 74 6f 20 62 61 63 6b  65 6e 64 20 50 54 59 20
73 6f 20 43 4c 49 20 70  72 6f 63 65 73 73 20 28
65 2e 67 2e 20 6f 70 65  6e 63 6f 64 65 29 20 61
64 6a 75 73 74 73 20 69  74 73 20 6c 61 79 6f 75
74 0a 20 20 20 20 74 65  72 6d 2e 6f 6e 52 65 73
69 7a 65 28 28 7b 20 63  6f 6c 73 2c 20 72 6f 77
73 20 7d 29 20 3d 3e 20  7b 0a 20 20 20 20 20 20
69 66 20 28 61 67 65 6e  74 49 64 29 20 7b 0a 20
20 20 20 20 20 20 20 66  65 74 63 68 28 22 2f 61
70 69 2f 61 67 65 6e 74  73 2f 72 65 73 69 7a 65
22 2c 20 7b 0a 20 20 20  20 20 20 20 20 20 20 6d
65 74 68 6f 64 3a 20 22  50 4f 53 54 22 2c 0a 20
20 20 20 20 20 20 20 20  20 68 65 61 64 65 72 73
3a 20 7b 20 22 43 6f 6e  74 65 6e 74 2d 54 79 70
65 22 3a 20 22 61 70 70  6c 69 63 61 74 69 6f 6e
2f 6a 73 6f 6e 22 20 7d  2c 0a 20 20 20 20 20 20
20 20 20 20 62 6f 64 79  3a 20 4a 53 4f 4e 2e 73
74 72 69 6e 67 69 66 79  28 7b 20 69 64 3a 20 61
67 65 6e 74 49 64 2c 20  63 6f 6c 73 2c 20 72 6f
77 73 20 7d 29 2c 0a 20  20 20 20 20 20 20 20 7d
29 2e 63 61 74 63 68 28  28 29 20 3d 3e 20 7b 7d
29 3b 0a 20 20 20 20 20  20 7d 0a 20 20 20 20 7d
29 3b 0a 20 20 20 20 66  69 74 2e 66 69 74 28 29
3b 0a 20 20 20 20 74 65  72 6d 52 65 66 2e 63 75
72 72 65 6e 74 20 3d 20  74 65 72 6d 3b 0a 20 20
20 20 66 69 74 52 65 66  2e 63 75 72 72 65 6e 74
20 3d 20 66 69 74 3b 0a  20 20 20 20 74 65 72 6d
2e 66 6f 63 75 73 28 29  3b 0a 0a 20 20 20 20 2f
2f 20 78 74 65 72 6d 20  69 6e 70 75 74 20 e2 86
92 20 61 75 74 6f 2d 73  74 61 72 74 20 61 67 65
6e 74 20 6f 6e 20 66 69  72 73 74 20 6b 65 79 73
74 72 6f 6b 65 2c 20 74  68 65 6e 20 73 65 6e 64
20 74 6f 20 50 54 59 0a  0a 20 20 20 20 2f 2f 20
e2 94 80 e2 94 80 20 51  75 65 75 65 2d 62 61 73
65 64 20 73 65 6e 64 65  72 20 e2 94 80 e2 94 80
20 65 6e 73 75 72 65 73  20 73 65 71 75 65 6e 74
69 61 6c 2c 20 6f 72 64  65 72 65 64 20 64 65 6c
69 76 65 72 79 20 74 6f  20 50 54 59 0a 20 20 20
20 63 6f 6e 73 74 20 66  6c 75 73 68 51 75 65 75
65 20 3d 20 61 73 79 6e  63 20 28 29 20 3d 3e 20
7b 0a 20 20 20 20 20 20  69 66 20 28 73 65 6e 64
69 6e 67 52 65 66 2e 63  75 72 72 65 6e 74 29 20
72 65 74 75 72 6e 3b 20  2f 2f 20 61 6c 72 65 61
64 79 20 66 6c 75 73 68  69 6e 67 0a 20 20 20 20
20 20 73 65 6e 64 69 6e  67 52 65 66 2e 63 75 72
72 65 6e 74 20 3d 20 74  72 75 65 3b 0a 20 20 20
20 20 20 74 72 79 20 7b  0a 20 20 20 20 20 20 20
20 2f 2f 20 57 61 69 74  20 66 6f 72 20 61 67 65
6e 74 20 73 74 61 72 74  20 69 66 20 69 74 27 73
20 69 6e 20 70 72 6f 67  72 65 73 73 0a 20 20 20
20 20 20 20 20 77 68 69  6c 65 20 28 73 74 61 72
74 69 6e 67 52 65 66 2e  63 75 72 72 65 6e 74 29
20 7b 0a 20 20 20 20 20  20 20 20 20 20 61 77 61
69 74 20 6e 65 77 20 50  72 6f 6d 69 73 65 28 28
72 29 20 3d 3e 20 73 65  74 54 69 6d 65 6f 75 74
28 72 2c 20 35 30 29 29  3b 0a 20 20 20 20 20 20
20 20 7d 0a 20 20 20 20  20 20 20 20 2f 2f 20 41
75 74 6f 2d 73 74 61 72  74 20 69 66 20 6e 6f 74
20 72 75 6e 6e 69 6e 67  0a 20 20 20 20 20 20 20
20 69 66 20 28 21 6c 6f  63 61 6c 52 75 6e 6e 69
6e 67 52 65 66 2e 63 75  72 72 65 6e 74 20 26 26
20 61 67 65 6e 74 49 64  29 20 7b 0a 20 20 20 20
20 20 20 20 20 20 73 74  61 72 74 69 6e 67 52 65
66 2e 63 75 72 72 65 6e  74 20 3d 20 74 72 75 65
3b 0a 20 20 20 20 20 20  20 20 20 20 63 6f 6e 73
74 20 6f 6b 20 3d 20 61  77 61 69 74 20 65 6e 73
75 72 65 53 74 61 72 74  65 64 52 65 66 2e 63 75
72 72 65 6e 74 28 61 67  65 6e 74 49 64 29 3b 0a
20 20 20 20 20 20 20 20  20 20 73 74 61 72 74 69
6e 67 52 65 66 2e 63 75  72 72 65 6e 74 20 3d 20
66 61 6c 73 65 3b 0a 20  20 20 20 20 20 20 20 20
20 69 66 20 28 21 6f 6b  29 20 7b 0a 20 20 20 20
20 20 20 20 20 20 20 20  73 65 6e 64 69 6e 67 52
65 66 2e 63 75 72 72 65  6e 74 20 3d 20 66 61 6c
73 65 3b 0a 20 20 20 20  20 20 20 20 20 20 20 20
72 65 74 75 72 6e 3b 0a  20 20 20 20 20 20 20 20
20 20 7d 0a 20 20 20 20  20 20 20 20 20 20 2f 2f
20 4c 65 74 20 50 54 59  20 73 65 74 74 6c 65 0a
20 20 20 20 20 20 20 20  20 20 61 77 61 69 74 20
6e 65 77 20 50 72 6f 6d  69 73 65 28 28 72 29 20
3d 3e 20 73 65 74 54 69  6d 65 6f 75 74 28 72 2c
20 33 30 30 29 29 3b 0a  20 20 20 20 20 20 20 20
7d 0a 20 20 20 20 20 20  20 20 2f 2f 20 44 72 61
69 6e 20 71 75 65 75 65  20 e2 80 94 20 73 65 6e
64 20 61 6c 6c 20 62 75  66 66 65 72 65 64 20 63
68 61 72 73 20 61 73 20  6f 6e 65 20 62 61 74 63
68 0a 20 20 20 20 20 20  20 20 77 68 69 6c 65 20
28 69 6e 70 75 74 51 75  65 75 65 52 65 66 2e 63
75 72 72 65 6e 74 2e 6c  65 6e 67 74 68 20 3e 20
30 29 20 7b 0a 20 20 20  20 20 20 20 20 20 20 63
6f 6e 73 74 20 62 61 74  63 68 20 3d 20 69 6e 70
75 74 51 75 65 75 65 52  65 66 2e 63 75 72 72 65
6e 74 2e 73 70 6c 69 63  65 28 30 29 2e 6a 6f 69
6e 28 22 22 29 3b 0a 20  20 20 20 20 20 20 20 20
20 61 77 61 69 74 20 66  65 74 63 68 28 22 2f 61
70 69 2f 61 67 65 6e 74  73 2f 73 65 6e 64 22 2c
20 7b 0a 20 20 20 20 20  20 20 20 20 20 20 20 6d
65 74 68 6f 64 3a 20 22  50 4f 53 54 22 2c 0a 20
20 20 20 20 20 20 20 20  20 20 20 68 65 61 64 65
72 73 3a 20 7b 20 22 43  6f 6e 74 65 6e 74 2d 54
79 70 65 22 3a 20 22 61  70 70 6c 69 63 61 74 69
6f 6e 2f 6a 73 6f 6e 22  20 7d 2c 0a 20 20 20 20
20 20 20 20 20 20 20 20  62 6f 64 79 3a 20 4a 53
4f 4e 2e 73 74 72 69 6e  67 69 66 79 28 7b 20 69
64 3a 20 61 67 65 6e 74  49 64 2c 20 74 65 78 74
3a 20 62 61 74 63 68 20  7d 29 2c 0a 20 20 20 20
20 20 20 20 20 20 7d 29  3b 0a 20 20 20 20 20 20
20 20 20 20 2f 2f 20 42  72 69 65 66 20 70 61 75
73 65 20 74 6f 20 6c 65  74 20 6d 6f 72 65 20 63
68 61 72 73 20 61 63 63  75 6d 75 6c 61 74 65 20
69 66 20 75 73 65 72 20  69 73 20 73 74 69 6c 6c
20 74 79 70 69 6e 67 20  66 61 73 74 0a 20 20 20
20 20 20 20 20 20 20 61  77 61 69 74 20 6e 65 77
20 50 72 6f 6d 69 73 65  28 28 72 29 20 3d 3e 20
73 65 74 54 69 6d 65 6f  75 74 28 72 2c 20 31 30
29 29 3b 0a 20 20 20 20  20 20 20 20 7d 0a 20 20
20 20 20 20 7d 20 63 61  74 63 68 20 28 5f 29 20
7b 7d 0a 20 20 20 20 20  20 73 65 6e 64 69 6e 67
52 65 66 2e 63 75 72 72  65 6e 74 20 3d 20 66 61
6c 73 65 3b 0a 20 20 20  20 20 20 2f 2f 20 49 66
20 6d 6f 72 65 20 63 68  61 72 73 20 61 72 72 69
76 65 64 20 64 75 72 69  6e 67 20 74 68 65 20 6c
61 73 74 20 73 65 6e 64  2c 20 66 6c 75 73 68 20
61 67 61 69 6e 0a 20 20  20 20 20 20 69 66 20 28
69 6e 70 75 74 51 75 65  75 65 52 65 66 2e 63 75
72 72 65 6e 74 2e 6c 65  6e 67 74 68 20 3e 20 30
29 20 66 6c 75 73 68 51  75 65 75 65 28 29 3b 0a
20 20 20 20 7d 3b 0a 0a  20 20 20 20 74 65 72 6d
2e 6f 6e 44 61 74 61 28  28 64 61 74 61 29 20 3d
3e 20 7b 0a 20 20 20 20  20 20 69 66 20 28 21 61
67 65 6e 74 49 64 29 20  72 65 74 75 72 6e 3b 0a
20 20 20 20 20 20 69 6e  70 75 74 51 75 65 75 65
52 65 66 2e 63 75 72 72  65 6e 74 2e 70 75 73 68
28 64 61 74 61 29 3b 0a  20 20 20 20 20 20 66 6c
75 73 68 51 75 65 75 65  28 29 3b 0a 20 20 20 20
7d 29 3b 0a 0a 20 20 20  20 2f 2f 20 44 65 62 6f
75 6e 63 65 64 20 72 65  73 69 7a 65 20 e2 80 94
20 70 72 65 76 65 6e 74  73 20 66 6c 6f 6f 64 69
6e 67 20 50 54 59 20 77  69 74 68 20 72 61 70 69
64 20 53 49 47 57 49 4e  43 48 0a 20 20 20 20 6c
65 74 20 72 65 73 69 7a  65 44 65 62 6f 75 6e 63
65 20 3d 20 6e 75 6c 6c  3b 0a 20 20 20 20 63 6f
6e 73 74 20 64 6f 46 69  74 20 3d 20 28 29 20 3d
3e 20 7b 0a 20 20 20 20  20 20 63 6c 65 61 72 54
69 6d 65 6f 75 74 28 72  65 73 69 7a 65 44 65 62
6f 75 6e 63 65 29 3b 0a  20 20 20 20 20 20 72 65
73 69 7a 65 44 65 62 6f  75 6e 63 65 20 3d 20 73
65 74 54 69 6d 65 6f 75  74 28 28 29 20 3d 3e 20
7b 0a 20 20 20 20 20 20  20 20 74 72 79 20 7b 0a
20 20 20 20 20 20 20 20  20 20 66 69 74 2e 66 69
74 28 29 3b 0a 20 20 20  20 20 20 20 20 7d 20 63
61 74 63 68 20 28 5f 29  20 7b 7d 0a 20 20 20 20
20 20 7d 2c 20 31 35 30  29 3b 0a 20 20 20 20 7d
3b 0a 20 20 20 20 63 6f  6e 73 74 20 72 6f 20 3d
20 6e 65 77 20 52 65 73  69 7a 65 4f 62 73 65 72
76 65 72 28 28 29 20 3d  3e 20 64 6f 46 69 74 28
29 29 3b 0a 20 20 20 20  72 6f 2e 6f 62 73 65 72
76 65 28 78 74 65 72 6d  52 65 66 2e 63 75 72 72
65 6e 74 29 3b 0a 20 20  20 20 77 69 6e 64 6f 77
2e 61 64 64 45 76 65 6e  74 4c 69 73 74 65 6e 65
72 28 22 72 65 73 69 7a  65 22 2c 20 64 6f 46 69
74 29 3b 0a 0a 20 20 20  20 72 65 74 75 72 6e 20
28 29 20 3d 3e 20 7b 0a  20 20 20 20 20 20 63 6c
65 61 72 54 69 6d 65 6f  75 74 28 72 65 73 69 7a
65 44 65 62 6f 75 6e 63  65 29 3b 0a 20 20 20 20
20 20 72 6f 2e 64 69 73  63 6f 6e 6e 65 63 74 28
29 3b 0a 20 20 20 20 20  20 77 69 6e 64 6f 77 2e
72 65 6d 6f 76 65 45 76  65 6e 74 4c 69 73 74 65
6e 65 72 28 22 72 65 73  69 7a 65 22 2c 20 64 6f
46 69 74 29 3b 0a 20 20  20 20 20 20 69 66 20 28
74 65 72 6d 52 65 66 2e  63 75 72 72 65 6e 74 29
20 7b 0a 20 20 20 20 20  20 20 20 74 72 79 20 7b
0a 20 20 20 20 20 20 20  20 20 20 74 65 72 6d 52
65 66 2e 63 75 72 72 65  6e 74 2e 64 69 73 70 6f
73 65 28 29 3b 0a 20 20  20 20 20 20 20 20 7d 20
63 61 74 63 68 20 28 5f  29 20 7b 7d 0a 20 20 20
20 20 20 20 20 74 65 72  6d 52 65 66 2e 63 75 72
72 65 6e 74 20 3d 20 6e  75 6c 6c 3b 0a 20 20 20
20 20 20 7d 0a 20 20 20  20 7d 3b 0a 20 20 7d 2c
20 5b 66 75 6c 6c 53 63  72 65 65 6e 41 67 65 6e
74 5d 29 3b 0a 0a 20 20  2f 2f 20 e2 94 80 e2 94
80 20 53 53 45 20 73 74  72 65 61 6d 3a 20 72 61
77 20 50 54 59 20 6f 75  74 70 75 74 20 e2 86 92
20 78 74 65 72 6d 2e 6a  73 20 e2 94 80 e2 94 80
0a 20 20 63 6f 6e 73 74  20 73 75 62 73 63 72 69
62 65 53 74 72 65 61 6d  20 3d 20 28 61 67 65 6e
74 49 64 29 20 3d 3e 20  7b 0a 20 20 20 20 69 66
20 28 65 73 52 65 66 2e  63 75 72 72 65 6e 74 29
20 7b 0a 20 20 20 20 20  20 74 72 79 20 7b 0a 20
20 20 20 20 20 20 20 65  73 52 65 66 2e 63 75 72
72 65 6e 74 2e 63 6c 6f  73 65 28 29 3b 0a 20 20
20 20 20 20 7d 20 63 61  74 63 68 20 28 5f 29 20
7b 7d 0a 20 20 20 20 7d  0a 20 20 20 20 63 6f 6e
73 74 20 65 73 20 3d 20  6e 65 77 20 45 76 65 6e
74 53 6f 75 72 63 65 28  22 2f 61 70 69 2f 61 67
65 6e 74 73 2f 73 74 72  65 61 6d 22 29 3b 0a 20
20 20 20 65 73 52 65 66  2e 63 75 72 72 65 6e 74
20 3d 20 65 73 3b 0a 20  20 20 20 65 73 2e 6f 6e
6d 65 73 73 61 67 65 20  3d 20 28 65 76 29 20 3d
3e 20 7b 0a 20 20 20 20  20 20 74 72 79 20 7b 0a
20 20 20 20 20 20 20 20  63 6f 6e 73 74 20 64 20
3d 20 4a 53 4f 4e 2e 70  61 72 73 65 28 65 76 2e
64 61 74 61 29 3b 0a 20  20 20 20 20 20 20 20 69
66 20 28 64 2e 74 79 70  65 20 3d 3d 3d 20 22 6f
75 74 70 75 74 22 20 26  26 20 64 2e 69 64 20 3d
3d 3d 20 61 67 65 6e 74  49 64 29 20 7b 0a 20 20
20 20 20 20 20 20 20 20  63 6f 6e 73 74 20 72 61
77 20 3d 20 64 2e 74 65  78 74 20 7c 7c 20 22 22
3b 0a 20 20 20 20 20 20  20 20 20 20 69 66 20 28
72 61 77 20 26 26 20 74  65 72 6d 52 65 66 2e 63
75 72 72 65 6e 74 29 20  74 65 72 6d 52 65 66 2e
63 75 72 72 65 6e 74 2e  77 72 69 74 65 28 72 61
77 29 3b 0a 20 20 20 20  20 20 20 20 7d 20 65 6c
73 65 20 69 66 20 28 64  2e 74 79 70 65 20 3d 3d
3d 20 22 64 6f 6e 65 22  20 26 26 20 64 2e 69 64
20 3d 3d 3d 20 61 67 65  6e 74 49 64 29 20 7b 0a
20 20 20 20 20 20 20 20  20 20 73 65 74 4c 6f 63
61 6c 52 75 6e 6e 69 6e  67 28 66 61 6c 73 65 29
3b 0a 20 20 20 20 20 20  20 20 7d 20 65 6c 73 65
20 69 66 20 28 64 2e 74  79 70 65 20 3d 3d 3d 20
22 65 72 72 6f 72 22 20  26 26 20 64 2e 69 64 20
3d 3d 3d 20 61 67 65 6e  74 49 64 29 20 7b 0a 20
20 20 20 20 20 20 20 20  20 69 66 20 28 74 65 72
6d 52 65 66 2e 63 75 72  72 65 6e 74 29 0a 20 20
20 20 20 20 20 20 20 20  20 20 74 65 72 6d 52 65
66 2e 63 75 72 72 65 6e  74 2e 77 72 69 74 65 28
22 5c 72 5c 6e 5b 45 52  52 4f 52 5d 20 22 20 2b
20 28 64 2e 6d 65 73 73  61 67 65 20 7c 7c 20 22
22 29 20 2b 20 22 5c 72  5c 6e 22 29 3b 0a 20 20
20 20 20 20 20 20 20 20  73 65 74 4c 6f 63 61 6c
52 75 6e 6e 69 6e 67 28  66 61 6c 73 65 29 3b 0a
20 20 20 20 20 20 20 20  7d 0a 20 20 20 20 20 20
7d 20 63 61 74 63 68 20  28 5f 29 20 7b 7d 0a 20
20 20 20 7d 3b 0a 20 20  20 20 65 73 2e 6f 6e 65
72 72 6f 72 20 3d 20 28  29 20 3d 3e 20 7b 0a 20
20 20 20 20 20 65 73 52  65 66 2e 63 75 72 72 65
6e 74 20 3d 20 6e 75 6c  6c 3b 0a 20 20 20 20 7d
3b 0a 20 20 7d 3b 0a 0a  20 20 2f 2f 20 4f 70 65
6e 20 66 75 6c 6c 2d 73  63 72 65 65 6e 20 77 68
65 6e 20 63 61 72 64 20  63 6c 69 63 6b 65 64 0a
20 20 63 6f 6e 73 74 20  6f 70 65 6e 46 75 6c 6c
53 63 72 65 65 6e 20 3d  20 28 61 67 65 6e 74 29
20 3d 3e 20 7b 0a 20 20  20 20 63 6f 6e 73 74 20
69 64 20 3d 20 61 67 65  6e 74 2e 69 64 20 7c 7c
20 61 67 65 6e 74 2e 6e  61 6d 65 3b 0a 20 20 20
20 73 65 74 46 75 6c 6c  53 63 72 65 65 6e 41 67
65 6e 74 28 61 67 65 6e  74 29 3b 0a 20 20 20 20
73 65 74 53 65 6c 65 63  74 65 64 28 69 64 29 3b
0a 20 20 20 20 73 65 74  49 6e 73 74 61 6c 6c 4d
73 67 28 22 22 29 3b 0a  20 20 7d 3b 0a 0a 20 20
63 6f 6e 73 74 20 63 6c  6f 73 65 46 75 6c 6c 53
63 72 65 65 6e 20 3d 20  28 29 20 3d 3e 20 7b 0a
20 20 20 20 69 66 20 28  65 73 52 65 66 2e 63 75
72 72 65 6e 74 29 20 7b  0a 20 20 20 20 20 20 74
72 79 20 7b 0a 20 20 20  20 20 20 20 20 65 73 52
65 66 2e 63 75 72 72 65  6e 74 2e 63 6c 6f 73 65
28 29 3b 0a 20 20 20 20  20 20 7d 20 63 61 74 63
68 20 28 5f 29 20 7b 7d  0a 20 20 20 20 20 20 65
73 52 65 66 2e 63 75 72  72 65 6e 74 20 3d 20 6e
75 6c 6c 3b 0a 20 20 20  20 7d 0a 20 20 20 20 69
66 20 28 74 65 72 6d 52  65 66 2e 63 75 72 72 65
6e 74 29 20 7b 0a 20 20  20 20 20 20 74 72 79 20
7b 0a 20 20 20 20 20 20  20 20 74 65 72 6d 52 65
66 2e 63 75 72 72 65 6e  74 2e 64 69 73 70 6f 73
65 28 29 3b 0a 20 20 20  20 20 20 7d 20 63 61 74
63 68 20 28 5f 29 20 7b  7d 0a 20 20 20 20 20 20
74 65 72 6d 52 65 66 2e  63 75 72 72 65 6e 74 20
3d 20 6e 75 6c 6c 3b 0a  20 20 20 20 7d 0a 20 20
20 20 2f 2f 20 53 74 6f  70 20 61 67 65 6e 74 20
69 66 20 72 75 6e 6e 69  6e 67 0a 20 20 20 20 69
66 20 28 6c 6f 63 61 6c  52 75 6e 6e 69 6e 67 20
26 26 20 73 65 6c 65 63  74 65 64 29 20 7b 0a 20
20 20 20 20 20 66 65 74  63 68 28 22 2f 61 70 69
2f 61 67 65 6e 74 73 2f  73 74 6f 70 22 2c 20 7b
0a 20 20 20 20 20 20 20  20 6d 65 74 68 6f 64 3a
20 22 50 4f 53 54 22 2c  0a 20 20 20 20 20 20 20
20 68 65 61 64 65 72 73  3a 20 7b 20 22 43 6f 6e
74 65 6e 74 2d 54 79 70  65 22 3a 20 22 61 70 70
6c 69 63 61 74 69 6f 6e  2f 6a 73 6f 6e 22 20 7d
2c 0a 20 20 20 20 20 20  20 20 62 6f 64 79 3a 20
4a 53 4f 4e 2e 73 74 72  69 6e 67 69 66 79 28 7b
20 69 64 3a 20 73 65 6c  65 63 74 65 64 20 7d 29
2c 0a 20 20 20 20 20 20  7d 29 2e 63 61 74 63 68
28 28 29 20 3d 3e 20 7b  7d 29 3b 0a 20 20 20 20
7d 0a 20 20 20 20 73 65  74 46 75 6c 6c 53 63 72
65 65 6e 41 67 65 6e 74  28 6e 75 6c 6c 29 3b 0a
20 20 20 20 73 65 74 4c  6f 63 61 6c 52 75 6e 6e
69 6e 67 28 66 61 6c 73  65 29 3b 0a 20 20 7d 3b
0a 0a 20 20 2f 2f 20 53  74 61 72 74 20 61 67 65
6e 74 20 e2 80 94 20 61  75 74 6f 2d 73 74 61 72
74 20 6f 6e 20 66 69 72  73 74 20 6b 65 79 73 74
72 6f 6b 65 20 69 66 20  6e 6f 74 20 72 75 6e 6e
69 6e 67 0a 20 20 63 6f  6e 73 74 20 65 6e 73 75
72 65 53 74 61 72 74 65  64 20 3d 20 61 73 79 6e
63 20 28 61 67 65 6e 74  49 64 29 20 3d 3e 20 7b
0a 20 20 20 20 63 6f 6e  73 74 20 69 64 20 3d 20
61 67 65 6e 74 49 64 20  7c 7c 20 73 65 6c 65 63
74 65 64 3b 0a 20 20 20  20 69 66 20 28 6c 6f 63
61 6c 52 75 6e 6e 69 6e  67 52 65 66 2e 63 75 72
72 65 6e 74 20 7c 7c 20  21 69 64 29 20 72 65 74
75 72 6e 20 74 72 75 65  3b 0a 20 20 20 20 2f 2f
20 4d 61 72 6b 20 72 75  6e 6e 69 6e 67 20 69 6d
6d 65 64 69 61 74 65 6c  79 20 74 6f 20 70 72 65
76 65 6e 74 20 63 6f 6e  63 75 72 72 65 6e 74 20
73 74 61 72 74 73 0a 20  20 20 20 6c 6f 63 61 6c
52 75 6e 6e 69 6e 67 52  65 66 2e 63 75 72 72 65
6e 74 20 3d 20 74 72 75  65 3b 0a 20 20 20 20 74
72 79 20 7b 0a 20 20 20  20 20 20 63 6f 6e 73 74
20 72 65 73 20 3d 20 61  77 61 69 74 20 66 65 74
63 68 28 22 2f 61 70 69  2f 61 67 65 6e 74 73 2f
73 74 61 72 74 22 2c 20  7b 0a 20 20 20 20 20 20
20 20 6d 65 74 68 6f 64  3a 20 22 50 4f 53 54 22
2c 0a 20 20 20 20 20 20  20 20 68 65 61 64 65 72
73 3a 20 7b 20 22 43 6f  6e 74 65 6e 74 2d 54 79
70 65 22 3a 20 22 61 70  70 6c 69 63 61 74 69 6f
6e 2f 6a 73 6f 6e 22 20  7d 2c 0a 20 20 20 20 20
20 20 20 62 6f 64 79 3a  20 4a 53 4f 4e 2e 73 74
72 69 6e 67 69 66 79 28  7b 0a 20 20 20 20 20 20
20 20 20 20 69 64 2c 0a  20 20 20 20 20 20 20 20
20 20 6d 6f 64 65 6c 3a  20 63 75 72 72 65 6e 74
4d 6f 64 65 6c 20 7c 7c  20 22 22 2c 0a 20 20 20
20 20 20 20 20 20 20 63  77 64 3a 20 22 22 2c 0a
20 20 20 20 20 20 20 20  20 20 63 6f 6c 73 3a 20
74 65 72 6d 52 65 66 2e  63 75 72 72 65 6e 74 3f
2e 63 6f 6c 73 2c 0a 20  20 20 20 20 20 20 20 20
20 72 6f 77 73 3a 20 74  65 72 6d 52 65 66 2e 63
75 72 72 65 6e 74 3f 2e  72 6f 77 73 2c 0a 20 20
20 20 20 20 20 20 7d 29  2c 0a 20 20 20 20 20 20
7d 29 3b 0a 20 20 20 20  20 20 69 66 20 28 72 65
73 2e 6f 6b 29 20 7b 0a  20 20 20 20 20 20 20 20
73 65 74 4c 6f 63 61 6c  52 75 6e 6e 69 6e 67 28
74 72 75 65 29 3b 0a 20  20 20 20 20 20 20 20 73
75 62 73 63 72 69 62 65  53 74 72 65 61 6d 28 69
64 29 3b 0a 20 20 20 20  20 20 20 20 2f 2f 20 53
79 6e 63 20 50 54 59 20  73 69 7a 65 20 74 6f 20
61 63 74 75 61 6c 20 78  74 65 72 6d 2e 6a 73 20
64 69 6d 65 6e 73 69 6f  6e 73 20 28 50 54 59 20
73 70 61 77 6e 73 20 61  74 20 31 32 30 78 34 30
20 62 75 74 20 78 74 65  72 6d 20 6d 61 79 20 64
69 66 66 65 72 29 0a 20  20 20 20 20 20 20 20 69
66 20 28 74 65 72 6d 52  65 66 2e 63 75 72 72 65
6e 74 29 20 7b 0a 20 20  20 20 20 20 20 20 20 20
63 6f 6e 73 74 20 7b 20  63 6f 6c 73 2c 20 72 6f
77 73 20 7d 20 3d 20 74  65 72 6d 52 65 66 2e 63
75 72 72 65 6e 74 3b 0a  20 20 20 20 20 20 20 20
20 20 66 65 74 63 68 28  22 2f 61 70 69 2f 61 67
65 6e 74 73 2f 72 65 73  69 7a 65 22 2c 20 7b 0a
20 20 20 20 20 20 20 20  20 20 20 20 6d 65 74 68
6f 64 3a 20 22 50 4f 53  54 22 2c 0a 20 20 20 20
20 20 20 20 20 20 20 20  68 65 61 64 65 72 73 3a
20 7b 20 22 43 6f 6e 74  65 6e 74 2d 54 79 70 65
22 3a 20 22 61 70 70 6c  69 63 61 74 69 6f 6e 2f
6a 73 6f 6e 22 20 7d 2c  0a 20 20 20 20 20 20 20
20 20 20 20 20 62 6f 64  79 3a 20 4a 53 4f 4e 2e
73 74 72 69 6e 67 69 66  79 28 7b 20 69 64 2c 20
63 6f 6c 73 2c 20 72 6f  77 73 20 7d 29 2c 0a 20
20 20 20 20 20 20 20 20  20 7d 29 2e 63 61 74 63
68 28 28 29 20 3d 3e 20  7b 7d 29 3b 0a 20 20 20
20 20 20 20 20 7d 0a 20  20 20 20 20 20 20 20 72
65 74 75 72 6e 20 74 72  75 65 3b 0a 20 20 20 20
20 20 7d 20 65 6c 73 65  20 7b 0a 20 20 20 20 20
20 20 20 6c 6f 63 61 6c  52 75 6e 6e 69 6e 67 52
65 66 2e 63 75 72 72 65  6e 74 20 3d 20 66 61 6c
73 65 3b 0a 20 20 20 20  20 20 20 20 63 6f 6e 73
74 20 64 61 74 61 20 3d  20 61 77 61 69 74 20 72
65 73 2e 6a 73 6f 6e 28  29 2e 63 61 74 63 68 28
28 29 20 3d 3e 20 28 7b  7d 29 29 3b 0a 20 20 20
20 20 20 20 20 69 66 20  28 74 65 72 6d 52 65 66
2e 63 75 72 72 65 6e 74  29 0a 20 20 20 20 20 20
20 20 20 20 74 65 72 6d  52 65 66 2e 63 75 72 72
65 6e 74 2e 77 72 69 74  65 28 0a 20 20 20 20 20
20 20 20 20 20 20 20 22  5c 72 5c 6e e2 9d 8c 20
22 20 2b 20 28 64 61 74  61 2e 65 72 72 6f 72 20
7c 7c 20 22 47 61 67 61  6c 20 73 74 61 72 74 20
61 67 65 6e 74 22 29 20  2b 20 22 5c 72 5c 6e 22
2c 0a 20 20 20 20 20 20  20 20 20 20 29 3b 0a 20
20 20 20 20 20 20 20 72  65 74 75 72 6e 20 66 61
6c 73 65 3b 0a 20 20 20  20 20 20 7d 0a 20 20 20
20 7d 20 63 61 74 63 68  20 28 65 29 20 7b 0a 20
20 20 20 20 20 6c 6f 63  61 6c 52 75 6e 6e 69 6e
67 52 65 66 2e 63 75 72  72 65 6e 74 20 3d 20 66
61 6c 73 65 3b 0a 20 20  20 20 20 20 69 66 20 28
74 65 72 6d 52 65 66 2e  63 75 72 72 65 6e 74 29
0a 20 20 20 20 20 20 20  20 74 65 72 6d 52 65 66
2e 63 75 72 72 65 6e 74  2e 77 72 69 74 65 28 22
5c 72 5c 6e e2 9d 8c 20  22 20 2b 20 65 2e 6d 65
73 73 61 67 65 20 2b 20  22 5c 72 5c 6e 22 29 3b
0a 20 20 20 20 20 20 72  65 74 75 72 6e 20 66 61
6c 73 65 3b 0a 20 20 20  20 7d 0a 20 20 7d 3b 0a
0a 20 20 2f 2f 20 53 74  6f 70 20 61 67 65 6e 74
0a 20 20 63 6f 6e 73 74  20 68 61 6e 64 6c 65 53
74 6f 70 20 3d 20 61 73  79 6e 63 20 28 29 20 3d
3e 20 7b 0a 20 20 20 20  74 72 79 20 7b 0a 20 20
20 20 20 20 61 77 61 69  74 20 66 65 74 63 68 28
22 2f 61 70 69 2f 61 67  65 6e 74 73 2f 73 74 6f
70 22 2c 20 7b 0a 20 20  20 20 20 20 20 20 6d 65
74 68 6f 64 3a 20 22 50  4f 53 54 22 2c 0a 20 20
20 20 20 20 20 20 68 65  61 64 65 72 73 3a 20 7b
20 22 43 6f 6e 74 65 6e  74 2d 54 79 70 65 22 3a
20 22 61 70 70 6c 69 63  61 74 69 6f 6e 2f 6a 73
6f 6e 22 20 7d 2c 0a 20  20 20 20 20 20 20 20 62
6f 64 79 3a 20 4a 53 4f  4e 2e 73 74 72 69 6e 67
69 66 79 28 7b 20 69 64  3a 20 73 65 6c 65 63 74
65 64 20 7d 29 2c 0a 20  20 20 20 20 20 7d 29 3b
0a 20 20 20 20 7d 20 63  61 74 63 68 20 28 5f 29
20 7b 7d 0a 20 20 20 20  73 65 74 4c 6f 63 61 6c
52 75 6e 6e 69 6e 67 28  66 61 6c 73 65 29 3b 0a
20 20 20 20 69 66 20 28  65 73 52 65 66 2e 63 75
72 72 65 6e 74 29 20 7b  0a 20 20 20 20 20 20 74
72 79 20 7b 0a 20 20 20  20 20 20 20 20 65 73 52
65 66 2e 63 75 72 72 65  6e 74 2e 63 6c 6f 73 65
28 29 3b 0a 20 20 20 20  20 20 7d 20 63 61 74 63
68 20 28 5f 29 20 7b 7d  0a 20 20 20 20 20 20 65
73 52 65 66 2e 63 75 72  72 65 6e 74 20 3d 20 6e
75 6c 6c 3b 0a 20 20 20  20 7d 0a 20 20 7d 3b 0a
0a 20 20 2f 2f 20 49 6e  73 74 61 6c 6c 20 43 4c
49 0a 20 20 63 6f 6e 73  74 20 68 61 6e 64 6c 65
49 6e 73 74 61 6c 6c 20  3d 20 61 73 79 6e 63 20
28 29 20 3d 3e 20 7b 0a  20 20 20 20 73 65 74 49
6e 73 74 61 6c 6c 69 6e  67 28 74 72 75 65 29 3b
0a 20 20 20 20 73 65 74  49 6e 73 74 61 6c 6c 4d
73 67 28 22 49 6e 73 74  61 6c 6c 69 6e 67 2e 2e
2e 22 29 3b 0a 20 20 20  20 74 72 79 20 7b 0a 20
20 20 20 20 20 63 6f 6e  73 74 20 72 65 73 20 3d
20 61 77 61 69 74 20 66  65 74 63 68 28 22 2f 61
70 69 2f 61 67 65 6e 74  73 2f 69 6e 73 74 61 6c
6c 22 2c 20 7b 0a 20 20  20 20 20 20 20 20 6d 65
74 68 6f 64 3a 20 22 50  4f 53 54 22 2c 0a 20 20
20 20 20 20 20 20 68 65  61 64 65 72 73 3a 20 7b
20 22 43 6f 6e 74 65 6e  74 2d 54 79 70 65 22 3a
20 22 61 70 70 6c 69 63  61 74 69 6f 6e 2f 6a 73
6f 6e 22 20 7d 2c 0a 20  20 20 20 20 20 20 20 62
6f 64 79 3a 20 4a 53 4f  4e 2e 73 74 72 69 6e 67
69 66 79 28 7b 20 69 64  3a 20 73 65 6c 65 63 74
65 64 20 7d 29 2c 0a 20  20 20 20 20 20 7d 29 3b
0a 20 20 20 20 20 20 63  6f 6e 73 74 20 64 61 74
61 20 3d 20 61 77 61 69  74 20 72 65 73 2e 6a 73
6f 6e 28 29 3b 0a 20 20  20 20 20 20 69 66 20 28
64 61 74 61 2e 6f 6b 29  20 7b 0a 20 20 20 20 20
20 20 20 73 65 74 49 6e  73 74 61 6c 6c 4d 73 67
28 22 e2 9c 85 20 49 6e  73 74 61 6c 6c 65 64 20
73 75 63 63 65 73 73 66  75 6c 6c 79 21 22 29 3b
0a 20 20 20 20 20 20 20  20 73 65 74 54 69 6d 65
6f 75 74 28 28 29 20 3d  3e 20 6f 6e 4c 6f 61 64
41 67 65 6e 74 73 28 29  2c 20 35 30 30 29 3b 0a
20 20 20 20 20 20 7d 20  65 6c 73 65 20 7b 0a 20
20 20 20 20 20 20 20 73  65 74 49 6e 73 74 61 6c
6c 4d 73 67 28 22 e2 9d  8c 20 22 20 2b 20 28 64
61 74 61 2e 65 72 72 6f  72 20 7c 7c 20 22 49 6e
73 74 61 6c 6c 20 66 61  69 6c 65 64 22 29 29 3b
0a 20 20 20 20 20 20 7d  0a 20 20 20 20 7d 20 63
61 74 63 68 20 28 65 29  20 7b 0a 20 20 20 20 20
20 73 65 74 49 6e 73 74  61 6c 6c 4d 73 67 28 22
e2 9d 8c 20 22 20 2b 20  65 2e 6d 65 73 73 61 67
65 29 3b 0a 20 20 20 20  7d 0a 20 20 20 20 73 65
74 49 6e 73 74 61 6c 6c  69 6e 67 28 66 61 6c 73
65 29 3b 0a 20 20 7d 3b  0a 0a 20 20 63 6f 6e 73
74 20 66 73 41 67 65 6e  74 20 3d 20 66 75 6c 6c
53 63 72 65 65 6e 41 67  65 6e 74 3b 0a 20 20 63
6f 6e 73 74 20 66 73 49  64 20 3d 20 66 73 41 67
65 6e 74 20 3f 20 66 73  41 67 65 6e 74 2e 69 64
20 7c 7c 20 66 73 41 67  65 6e 74 2e 6e 61 6d 65
20 3a 20 22 22 3b 0a 20  20 63 6f 6e 73 74 20 66
73 41 76 61 69 6c 61 62  6c 65 20 3d 20 66 73 41
67 65 6e 74 20 3f 20 66  73 41 67 65 6e 74 2e 61
76 61 69 6c 61 62 6c 65  20 3a 20 66 61 6c 73 65
3b 0a 0a 20 20 72 65 74  75 72 6e 20 28 0a 20 20
20 20 3c 64 69 76 0a 20  20 20 20 20 20 63 6c 61
73 73 4e 61 6d 65 3d 22  68 75 62 22 0a 20 20 20
20 20 20 73 74 79 6c 65  3d 7b 7b 0a 20 20 20 20
20 20 20 20 62 61 63 6b  67 72 6f 75 6e 64 3a 0a
20 20 20 20 20 20 20 20  20 20 22 72 61 64 69 61
6c 2d 67 72 61 64 69 65  6e 74 28 31 32 30 30 70
78 20 36 30 30 70 78 20  61 74 20 38 30 25 20 2d
31 30 25 2c 20 72 67 62  61 28 31 33 39 2c 31 30
39 2c 32 35 35 2c 30 2e  30 36 29 2c 20 74 72 61
6e 73 70 61 72 65 6e 74  20 36 30 25 29 2c 20 72
61 64 69 61 6c 2d 67 72  61 64 69 65 6e 74 28 31
30 30 30 70 78 20 35 30  30 70 78 20 61 74 20 31
30 25 20 31 31 30 25 2c  20 72 67 62 61 28 35 39
2c 31 33 30 2c 32 34 36  2c 30 2e 30 35 29 2c 20
74 72 61 6e 73 70 61 72  65 6e 74 20 35 35 25 29
2c 20 76 61 72 28 2d 2d  62 67 29 22 2c 0a 20 20
20 20 20 20 7d 7d 0a 20  20 20 20 3e 0a 20 20 20
20 20 20 7b 66 73 41 67  65 6e 74 20 3f 20 28 0a
20 20 20 20 20 20 20 20  2f 2a 20 e2 95 90 e2 95
90 e2 95 90 e2 95 90 e2  95 90 e2 95 90 e2 95 90
e2 95 90 e2 95 90 e2 95  90 e2 95 90 20 46 55 4c
4c 2d 53 43 52 45 45 4e  20 41 47 45 4e 54 20 56
49 45 57 20 e2 95 90 e2  95 90 e2 95 90 e2 95 90
e2 95 90 e2 95 90 e2 95  90 e2 95 90 e2 95 90 e2
95 90 e2 95 90 20 2a 2f  0a 20 20 20 20 20 20 20
20 3c 64 69 76 20 63 6c  61 73 73 4e 61 6d 65 3d
22 61 72 2d 66 75 6c 6c  73 63 72 65 65 6e 22 3e
0a 20 20 20 20 20 20 20  20 20 20 7b 2f 2a 20 48
65 61 64 65 72 20 2a 2f  7d 0a 20 20 20 20 20 20
20 20 20 20 3c 68 65 61  64 65 72 20 63 6c 61 73
73 4e 61 6d 65 3d 22 61  72 2d 66 73 2d 68 65 61
64 65 72 22 3e 0a 20 20  20 20 20 20 20 20 20 20
20 20 7b 74 79 70 65 6f  66 20 66 73 41 67 65 6e
74 2e 69 63 6f 6e 20 3d  3d 3d 20 22 73 74 72 69
6e 67 22 20 26 26 0a 20  20 20 20 20 20 20 20 20
20 20 20 28 66 73 41 67  65 6e 74 2e 69 63 6f 6e
2e 73 74 61 72 74 73 57  69 74 68 28 22 64 61 74
61 3a 22 29 20 7c 7c 0a  20 20 20 20 20 20 20 20
20 20 20 20 20 20 2f 5c  2e 28 70 6e 67 7c 73 76
67 7c 6a 70 67 7c 6a 70  65 67 7c 67 69 66 7c 77
65 62 70 7c 69 63 6f 29  24 2f 69 2e 74 65 73 74
28 66 73 41 67 65 6e 74  2e 69 63 6f 6e 29 29 20
3f 20 28 0a 20 20 20 20  20 20 20 20 20 20 20 20
20 20 3c 69 6d 67 0a 20  20 20 20 20 20 20 20 20
20 20 20 20 20 20 20 63  6c 61 73 73 4e 61 6d 65
3d 22 61 72 2d 66 73 2d  69 63 6f 6e 22 0a 20 20
20 20 20 20 20 20 20 20  20 20 20 20 20 20 73 72
63 3d 7b 66 73 41 67 65  6e 74 2e 69 63 6f 6e 7d
0a 20 20 20 20 20 20 20  20 20 20 20 20 20 20 20
20 61 6c 74 3d 7b 66 73  41 67 65 6e 74 2e 6e 61
6d 65 20 7c 7c 20 22 22  7d 0a 20 20 20 20 20 20
20 20 20 20 20 20 20 20  2f 3e 0a 20 20 20 20 20
20 20 20 20 20 20 20 29  20 3a 20 28 0a 20 20 20
20 20 20 20 20 20 20 20  20 20 20 3c 73 70 61 6e
0a 20 20 20 20 20 20 20  20 20 20 20 20 20 20 20
20 63 6c 61 73 73 4e 61  6d 65 3d 22 61 72 2d 66
73 2d 69 63 6f 6e 22 0a  20 20 20 20 20 20 20 20
20 20 20 20 20 20 20 20  73 74 79 6c 65 3d 7b 28
28 69 64 29 20 3d 3e 0a  20 20 20 20 20 20 20 20
20 20 20 20 20 20 20 20  20 20 69 64 20 3d 3d 3d
20 22 71 75 61 6e 74 75  6d 22 0a 20 20 20 20 20
20 20 20 20 20 20 20 20  20 20 20 20 20 20 20 3f
20 7b 0a 20 20 20 20 20  20 20 20 20 20 20 20 20
20 20 20 20 20 20 20 20  20 20 20 62 61 63 6b 67
72 6f 75 6e 64 3a 20 22  72 67 62 61 28 31 33 39
2c 31 30 39 2c 32 35 35  2c 30 2e 31 32 29 22 2c
0a 20 20 20 20 20 20 20  20 20 20 20 20 20 20 20
20 20 20 20 20 20 20 20  20 63 6f 6c 6f 72 3a 20
22 23 38 62 36 64 66 66  22 2c 0a 20 20 20 20 20
20 20 20 20 20 20 20 20  20 20 20 20 20 20 20 20
20 20 20 70 61 64 64 69  6e 67 3a 20 22 36 70 78
22 2c 0a 20 20 20 20 20  20 20 20 20 20 20 20 20
20 20 20 20 20 20 20 20  20 20 20 62 6f 72 64 65
72 52 61 64 69 75 73 3a  20 22 38 70 78 22 2c 0a
20 20 20 20 20 20 20 20  20 20 20 20 20 20 20 20
20 20 20 20 20 20 20 20  64 69 73 70 6c 61 79 3a
20 22 69 6e 6c 69 6e 65  2d 66 6c 65 78 22 2c 0a
20 20 20 20 20 20 20 20  20 20 20 20 20 20 20 20
20 20 20 20 20 20 7d 0a  20 20 20 20 20 20 20 20
20 20 20 20 20 20 20 20  20 20 20 20 3a 20 69 64
20 3d 3d 3d 20 22 6f 70  65 6e 63 6f 64 65 22 0a
20 20 20 20 20 20 20 20  20 20 20 20 20 20 20 20
20 20 20 20 20 20 3f 20  7b 0a 20 20 20 20 20 20
20 20 20 20 20 20 20 20  20 20 20 20 20 20 20 20
20 20 20 20 62 61 63 6b  67 72 6f 75 6e 64 3a 20
22 72 67 62 61 28 31 36  2c 31 38 35 2c 31 32 39
2c 30 2e 31 32 29 22 2c  0a 20 20 20 20 20 20 20
20 20 20 20 20 20 20 20  20 20 20 20 20 20 20 20
20 20 20 63 6f 6c 6f 72  3a 20 22 23 31 30 62 39
38 31 22 2c 0a 20 20 20  20 20 20 20 20 20 20 20
20 20 20 20 20 20 20 20  20 20 20 20 20 20 20 70
61 64 64 69 6e 67 3a 20  22 36 70 78 22 2c 0a 20
20 20 20 20 20 20 20 20  20 20 20 20 20 20 20 20
20 20 20 20 20 20 20 20  20 62 6f 72 64 65 72 52
61 64 69 75 73 3a 20 22  38 70 78 22 2c 0a 20 20
20 20 20 20 20 20 20 20  20 20 20 20 20 20 20 20
20 20 20 20 20 20 20 20  64 69 73 70 6c 61 79 3a
20 22 69 6e 6c 69 6e 65  2d 66 6c 65 78 22 2c 0a
20 20 20 20 20 20 20 20  20 20 20 20 20 20 20 20
20 20 20 20 20 20 20 20  7d 0a 20 20 20 20 20 20
20 20 20 20 20 20 20 20  20 20 20 20 20 20 20 20
3a 20 69 64 20 3d 3d 3d  20 22 63 6c 61 75 64 65
22 0a 20 20 20 20 20 20  20 20 20 20 20 20 20 20
20 20 20 20 20 20 20 20  20 20 3f 20 7b 0a 20 20
20 20 20 20 20 20 20 20  20 20 20 20 20 20 20 20
20 20 20 20 20 20 20 20  20 20 62 61 63 6b 67 72
6f 75 6e 64 3a 20 22 72  67 62 61 28 32 31 37 2c
31 31 39 2c 38 37 2c 30  2e 31 32 29 22 2c 0a 20
20 20 20 20 20 20 20 20  20 20 20 20 20 20 20 20
20 20 20 20 20 20 20 20  20 20 20 63 6f 6c 6f 72
3a 20 22 23 44 39 37 37  35 37 22 2c 0a 20 20 20
20 20 20 20 20 20 20 20  20 20 20 20 20 20 20 20
20 20 20 20 20 20 20 20  20 70 61 64 64 69 6e 67
3a 20 22 36 70 78 22 2c  0a 20 20 20 20 20 20 20
20 20 20 20 20 20 20 20  20 20 20 20 20 20 20 20
20 20 20 20 20 62 6f 72  64 65 72 52 61 64 69 75
73 3a 20 22 38 70 78 22  2c 0a 20 20 20 20 20 20
20 20 20 20 20 20 20 20  20 20 20 20 20 20 20 20
20 20 20 20 20 20 64 69  73 70 6c 61 79 3a 20 22
69 6e 6c 69 6e 65 2d 66  6c 65 78 22 2c 0a 20 20
20 20 20 20 20 20 20 20  20 20 20 20 20 20 20 20
20 20 20 20 20 20 20 20  7d 0a 20 20 20 20 20 20
20 20 20 20 20 20 20 20  20 20 20 20 20 20 20 20
20 20 3a 20 7b 7d 29 28  66 73 49 64 29 7d 0a 20
20 20 20 20 20 20 20 20  20 20 20 20 20 3e 0a 20
20 20 20 20 20 20 20 20  20 20 20 20 20 20 20 7b
28 28 69 64 29 20 3d 3e  0a 20 20 20 20 20 20 20
20 20 20 20 20 20 20 20  20 20 20 69 64 20 3d 3d
3d 20 22 71 75 61 6e 74  75 6d 22 0a 20 20 20 20
20 20 20 20 20 20 20 20  20 20 20 20 20 20 20 20
3f 20 53 42 2e 71 75 61  6e 74 75 6d 41 67 65 6e
74 0a 20 20 20 20 20 20  20 20 20 20 20 20 20 20
20 20 20 20 20 20 3a 20  69 64 20 3d 3d 3d 20 22
6f 70 65 6e 63 6f 64 65  22 0a 20 20 20 20 20 20
20 20 20 20 20 20 20 20  20 20 20 20 20 20 20 20
3f 20 53 42 2e 6f 70 65  6e 63 6f 64 65 0a 20 20
20 20 20 20 20 20 20 20  20 20 20 20 20 20 20 20
20 20 20 20 3a 20 69 64  20 3d 3d 3d 20 22 63 6c
61 75 64 65 22 0a 20 20  20 20 20 20 20 20 20 20
20 20 20 20 20 20 20 20  20 20 20 20 20 20 3f 20
53 42 2e 63 6c 61 75 64  65 0a 20 20 20 20 20 20
20 20 20 20 20 20 20 20  20 20 20 20 20 20 20 20
20 20 3a 20 53 42 2e 72  75 6e 6e 65 72 29 28 66
73 49 64 29 28 7b 20 77  69 64 74 68 3a 20 32 32
2c 20 68 65 69 67 68 74  3a 20 32 32 20 7d 29 7d
0a 20 20 20 20 20 20 20  20 20 20 20 20 20 20 3c
2f 73 70 61 6e 3e 0a 20  20 20 20 20 20 20 20 20
20 20 20 29 7d 0a 20 20  20 20 20 20 20 20 20 20
20 20 3c 73 70 61 6e 20  63 6c 61 73 73 4e 61 6d
65 3d 22 61 72 2d 66 73  2d 6e 61 6d 65 22 3e 7b
66 73 41 67 65 6e 74 2e  6e 61 6d 65 20 7c 7c 20
66 73 49 64 7d 3c 2f 73  70 61 6e 3e 0a 20 20 20
20 20 20 20 20 20 20 20  20 3c 73 70 61 6e 0a 20
20 20 20 20 20 20 20 20  20 20 20 20 20 63 6c 61
73 73 4e 61 6d 65 3d 7b  0a 20 20 20 20 20 20 20
20 20 20 20 20 20 20 20  20 22 61 72 2d 66 73 2d
73 74 61 74 75 73 20 22  20 2b 0a 20 20 20 20 20
20 20 20 20 20 20 20 20  20 20 20 28 6c 6f 63 61
6c 52 75 6e 6e 69 6e 67  20 3f 20 22 72 75 6e 6e
69 6e 67 22 20 3a 20 66  73 41 76 61 69 6c 61 62
6c 65 20 3f 20 22 72 65  61 64 79 22 20 3a 20 22
22 29 0a 20 20 20 20 20  20 20 20 20 20 20 20 20
20 7d 0a 20 20 20 20 20  20 20 20 20 20 20 20 3e
0a 20 20 20 20 20 20 20  20 20 20 20 20 20 20 3c
73 70 61 6e 20 63 6c 61  73 73 4e 61 6d 65 3d 22
61 72 2d 66 73 2d 64 6f  74 22 20 2f 3e 0a 20 20
20 20 20 20 20 20 20 20  20 20 20 20 7b 6c 6f 63
61 6c 52 75 6e 6e 69 6e  67 0a 20 20 20 20 20 20
20 20 20 20 20 20 20 20  20 20 3f 20 22 52 75 6e
6e 69 6e 67 22 0a 20 20  20 20 20 20 20 20 20 20
20 20 20 20 20 20 3a 20  66 73 41 76 61 69 6c 61
62 6c 65 0a 20 20 20 20  20 20 20 20 20 20 20 20
20 20 20 20 20 20 3f 20  22 52 65 61 64 79 22 0a
20 20 20 20 20 20 20 20  20 20 20 20 20 20 20 20
20 20 3a 20 22 4e 6f 74  20 69 6e 73 74 61 6c 6c
65 64 22 7d 0a 20 20 20  20 20 20 20 20 20 20 20
20 3c 2f 73 70 61 6e 3e  0a 20 20 20 20 20 20 20
20 20 20 20 20 3c 64 69  76 20 63 6c 61 73 73 4e
61 6d 65 3d 22 74 62 2d  73 70 61 63 65 72 22 20
2f 3e 0a 20 20 20 20 20  20 20 20 20 20 20 20 7b
6c 6f 63 61 6c 52 75 6e  6e 69 6e 67 20 26 26 20
28 0a 20 20 20 20 20 20  20 20 20 20 20 20 20 20
3c 62 75 74 74 6f 6e 20  63 6c 61 73 73 4e 61 6d
65 3d 22 61 72 2d 66 73  2d 73 74 6f 70 2d 62 74
6e 22 20 6f 6e 43 6c 69  63 6b 3d 7b 68 61 6e 64
6c 65 53 74 6f 70 7d 3e  0a 20 20 20 20 20 20 20
20 20 20 20 20 20 20 20  20 e2 96 a0 20 53 74 6f
70 0a 20 20 20 20 20 20  20 20 20 20 20 20 20 20
3c 2f 62 75 74 74 6f 6e  3e 0a 20 20 20 20 20 20
20 20 20 20 20 20 29 7d  0a 20 20 20 20 20 20 20
20 20 20 3c 2f 68 65 61  64 65 72 3e 0a 0a 20 20
20 20 20 20 20 20 20 20  7b 2f 2a 20 42 6f 64 79
3a 20 78 74 65 72 6d 2e  6a 73 20 74 65 72 6d 69
6e 61 6c 20 2a 2f 7d 0a  20 20 20 20 20 20 20 20
20 20 3c 64 69 76 20 63  6c 61 73 73 4e 61 6d 65
3d 22 61 72 2d 66 73 2d  62 6f 64 79 22 3e 0a 20
20 20 20 20 20 20 20 20  20 20 20 3c 64 69 76 0a
20 20 20 20 20 20 20 20  20 20 20 20 20 20 63 6c
61 73 73 4e 61 6d 65 3d  22 61 72 2d 66 73 2d 74
65 72 6d 69 6e 61 6c 22  0a 20 20 20 20 20 20 20
20 20 20 20 20 20 20 72  65 66 3d 7b 78 74 65 72
6d 52 65 66 7d 0a 20 20  20 20 20 20 20 20 20 20
20 20 20 20 73 74 79 6c  65 3d 7b 7b 20 66 6c 65
78 3a 20 31 2c 20 70 61  64 64 69 6e 67 3a 20 30
2c 20 6f 76 65 72 66 6c  6f 77 3a 20 22 68 69 64
64 65 6e 22 20 7d 7d 0a  20 20 20 20 20 20 20 20
20 20 20 20 2f 3e 0a 20  20 20 20 20 20 20 20 20
20 20 20 7b 2f 2a 20 e2  94 80 e2 94 80 20 4d 49
4e 49 20 53 49 44 45 42  41 52 20 e2 94 80 e2 94
80 20 2a 2f 7d 0a 20 20  20 20 20 20 20 20 20 20
20 20 3c 64 69 76 20 63  6c 61 73 73 4e 61 6d 65
3d 22 61 72 2d 66 73 2d  73 69 64 65 62 61 72 2d
6d 69 6e 69 22 3e 0a 20  20 20 20 20 20 20 20 20
20 20 20 20 20 3c 64 69  76 20 63 6c 61 73 73 4e
61 6d 65 3d 22 61 72 2d  66 73 2d 73 65 63 74 69
6f 6e 22 3e 0a 20 20 20  20 20 20 20 20 20 20 20
20 20 20 20 20 3c 64 69  76 20 63 6c 61 73 73 4e
61 6d 65 3d 22 61 72 2d  66 73 2d 73 65 63 74 69
6f 6e 2d 6c 61 62 65 6c  22 3e 53 74 61 74 75 73
3c 2f 64 69 76 3e 0a 20  20 20 20 20 20 20 20 20
20 20 20 20 20 20 20 3c  64 69 76 20 63 6c 61 73
73 4e 61 6d 65 3d 22 61  72 2d 66 73 2d 73 74 61
74 75 73 2d 72 6f 77 22  3e 0a 20 20 20 20 20 20
20 20 20 20 20 20 20 20  20 20 20 20 3c 73 70 61
6e 0a 20 20 20 20 20 20  20 20 20 20 20 20 20 20
20 20 20 20 20 20 63 6c  61 73 73 4e 61 6d 65 3d
7b 22 61 72 2d 66 73 2d  62 61 64 67 65 20 22 20
2b 20 28 66 73 41 76 61  69 6c 61 62 6c 65 20 3f
20 22 6f 6b 22 20 3a 20  22 77 61 72 6e 22 29 7d
0a 20 20 20 20 20 20 20  20 20 20 20 20 20 20 20
20 20 20 3e 0a 20 20 20  20 20 20 20 20 20 20 20
20 20 20 20 20 20 20 20  20 7b 66 73 41 76 61 69
6c 61 62 6c 65 20 3f 20  22 e2 9c 85 20 49 6e 73
74 61 6c 6c 65 64 22 20  3a 20 22 e2 9a a0 20 4e
6f 74 20 69 6e 73 74 61  6c 6c 65 64 22 7d 0a 20
20 20 20 20 20 20 20 20  20 20 20 20 20 20 20 20
20 3c 2f 73 70 61 6e 3e  0a 20 20 20 20 20 20 20
20 20 20 20 20 20 20 20  20 20 20 7b 21 66 73 41
76 61 69 6c 61 62 6c 65  20 26 26 20 28 0a 20 20
20 20 20 20 20 20 20 20  20 20 20 20 20 20 20 20
20 20 3c 62 75 74 74 6f  6e 0a 20 20 20 20 20 20
20 20 20 20 20 20 20 20  20 20 20 20 20 20 20 20
63 6c 61 73 73 4e 61 6d  65 3d 22 61 72 2d 66 73
2d 69 6e 73 74 61 6c 6c  2d 62 74 6e 22 0a 20 20
20 20 20 20 20 20 20 20  20 20 20 20 20 20 20 20
20 20 20 20 6f 6e 43 6c  69 63 6b 3d 7b 68 61 6e
64 6c 65 49 6e 73 74 61  6c 6c 7d 0a 20 20 20 20
20 20 20 20 20 20 20 20  20 20 20 20 20 20 20 20
20 20 64 69 73 61 62 6c  65 64 3d 7b 69 6e 73 74
61 6c 6c 69 6e 67 7d 0a  20 20 20 20 20 20 20 20
20 20 20 20 20 20 20 20  20 20 20 20 3e 0a 20 20
20 20 20 20 20 20 20 20  20 20 20 20 20 20 20 20
20 20 20 20 7b 69 6e 73  74 61 6c 6c 69 6e 67 20
3f 20 22 49 6e 73 74 61  6c 6c 69 6e 67 2e 2e 2e
22 20 3a 20 22 49 6e 73  74 61 6c 6c 20 43 4c 49
22 7d 0a 20 20 20 20 20  20 20 20 20 20 20 20 20
20 20 20 20 20 20 20 3c  2f 62 75 74 74 6f 6e 3e
0a 20 20 20 20 20 20 20  20 20 20 20 20 20 20 20
20 20 20 29 7d 0a 20 20  20 20 20 20 20 20 20 20
20 20 20 20 20 20 3c 2f  64 69 76 3e 0a 20 20 20
20 20 20 20 20 20 20 20  20 20 20 20 20 7b 69 6e
73 74 61 6c 6c 4d 73 67  20 26 26 20 28 0a 20 20
20 20 20 20 20 20 20 20  20 20 20 20 20 20 20 20
3c 64 69 76 20 63 6c 61  73 73 4e 61 6d 65 3d 22
61 72 2d 66 73 2d 69 6e  73 74 61 6c 6c 2d 6d 73
67 22 3e 7b 69 6e 73 74  61 6c 6c 4d 73 67 7d 3c
2f 64 69 76 3e 0a 20 20  20 20 20 20 20 20 20 20
20 20 20 20 20 20 29 7d  0a 20 20 20 20 20 20 20
20 20 20 20 20 20 20 3c  2f 64 69 76 3e 0a 20 20
20 20 20 20 20 20 20 20  20 20 3c 2f 64 69 76 3e
0a 20 20 20 20 20 20 20  20 20 20 3c 2f 64 69 76
3e 0a 20 20 20 20 20 20  20 20 3c 2f 64 69 76 3e
0a 20 20 20 20 20 20 29  20 3a 20 28 0a 20 20 20
20 20 20 20 20 2f 2a 20  e2 95 90 e2 95 90 e2 95
90 e2 95 90 e2 95 90 e2  95 90 e2 95 90 e2 95 90
e2 95 90 e2 95 90 e2 95  90 20 47 52 49 44 20 56
49 45 57 20 e2 95 90 e2  95 90 e2 95 90 e2 95 90
e2 95 90 e2 95 90 e2 95  90 e2 95 90 e2 95 90 e2
95 90 e2 95 90 20 2a 2f  0a 20 20 20 20 20 20 20
20 3c 3e 0a 20 20 20 20  20 20 20 20 20 20 7b 2f
2a 20 48 65 61 64 65 72  20 2a 2f 7d 0a 20 20 20
20 20 20 20 20 20 20 3c  68 65 61 64 65 72 20 63
6c 61 73 73 4e 61 6d 65  3d 22 68 75 62 2d 68 65
61 64 65 72 22 3e 0a 20  20 20 20 20 20 20 20 20
20 20 20 3c 64 69 76 20  63 6c 61 73 73 4e 61 6d
65 3d 22 68 75 62 2d 74  69 74 6c 65 2d 67 72 6f
75 70 22 3e 0a 20 20 20  20 20 20 20 20 20 20 20
20 20 20 3c 73 70 61 6e  0a 20 20 20 20 20 20 20
20 20 20 20 20 20 20 20  20 63 6c 61 73 73 4e 61
6d 65 3d 22 68 75 62 2d  68 66 2d 6d 61 72 6b 22
0a 20 20 20 20 20 20 20  20 20 20 20 20 20 20 20
20 73 74 79 6c 65 3d 7b  7b 0a 20 20 20 20 20 20
20 20 20 20 20 20 20 20  20 20 20 20 62 61 63 6b
67 72 6f 75 6e 64 3a 20  22 6c 69 6e 65 61 72 2d
67 72 61 64 69 65 6e 74  28 31 33 35 64 65 67 2c
23 38 62 36 64 66 66 2c  23 36 64 34 61 66 66 29
22 2c 0a 20 20 20 20 20  20 20 20 20 20 20 20 20
20 20 20 7d 7d 0a 20 20  20 20 20 20 20 20 20 20
20 20 20 20 3e 0a 20 20  20 20 20 20 20 20 20 20
20 20 20 20 20 20 7b 53  42 2e 72 75 6e 6e 65 72
28 7b 20 77 69 64 74 68  3a 20 31 36 2c 20 68 65
69 67 68 74 3a 20 31 36  20 7d 29 7d 0a 20 20 20
20 20 20 20 20 20 20 20  20 20 20 3c 2f 73 70 61
6e 3e 0a 20 20 20 20 20  20 20 20 20 20 20 20 20
20 3c 73 70 61 6e 20 63  6c 61 73 73 4e 61 6d 65
3d 22 68 75 62 2d 74 69  74 6c 65 22 3e 41 67 65
6e 74 20 52 75 6e 6e 65  72 3c 2f 73 70 61 6e 3e
0a 20 20 20 20 20 20 20  20 20 20 20 20 20 20 3c
73 70 61 6e 20 63 6c 61  73 73 4e 61 6d 65 3d 22
68 75 62 2d 73 75 62 74  69 74 6c 65 22 3e 4d 75
6c 74 69 2d 61 67 65 6e  74 20 68 6f 73 74 3c 2f
73 70 61 6e 3e 0a 20 20  20 20 20 20 20 20 20 20
20 20 3c 2f 64 69 76 3e  0a 20 20 20 20 20 20 20
20 20 20 20 20 3c 64 69  76 20 63 6c 61 73 73 4e
61 6d 65 3d 22 74 62 2d  73 70 61 63 65 72 22 20
2f 3e 0a 20 20 20 20 20  20 20 20 20 20 3c 2f 68
65 61 64 65 72 3e 0a 0a  20 20 20 20 20 20 20 20
20 20 7b 2f 2a 20 42 6f  64 79 20 2a 2f 7d 0a 20
20 20 20 20 20 20 20 20  20 3c 64 69 76 20 63 6c
61 73 73 4e 61 6d 65 3d  22 68 75 62 2d 62 6f 64
79 22 3e 0a 20 20 20 20  20 20 20 20 20 20 20 20
3c 64 69 76 20 63 6c 61  73 73 4e 61 6d 65 3d 22
68 75 62 2d 69 6e 6e 65  72 22 3e 0a 20 20 20 20
20 20 20 20 20 20 20 20  20 20 3c 64 69 76 0a 20
20 20 20 20 20 20 20 20  20 20 20 20 20 20 20 63
6c 61 73 73 4e 61 6d 65  3d 22 61 67 65 6e 74 2d
72 75 6e 6e 65 72 2d 76  69 65 77 22 0a 20 20 20
20 20 20 20 20 20 20 20  20 20 20 20 20 73 74 79
6c 65 3d 7b 7b 20 70 61  64 64 69 6e 67 3a 20 22
30 22 2c 20 68 65 69 67  68 74 3a 20 22 61 75 74
6f 22 2c 20 6f 76 65 72  66 6c 6f 77 3a 20 22 76
69 73 69 62 6c 65 22 20  7d 7d 0a 20 20 20 20 20
20 20 20 20 20 20 20 20  20 3e 0a 20 20 20 20 20
20 20 20 20 20 20 20 20  20 20 20 3c 64 69 76 3e
0a 20 20 20 20 20 20 20  20 20 20 20 20 20 20 20
20 20 20 3c 64 69 76 20  63 6c 61 73 73 4e 61 6d
65 3d 22 61 67 65 6e 74  2d 72 75 6e 6e 65 72 2d
73 65 63 74 69 6f 6e 2d  6c 61 62 65 6c 22 3e 50
69 6c 69 68 20 41 67 65  6e 74 3c 2f 64 69 76 3e
0a 20 20 20 20 20 20 20  20 20 20 20 20 20 20 20
20 20 20 7b 72 75 6e 6e  65 72 41 67 65 6e 74 73
2e 6c 65 6e 67 74 68 20  3d 3d 3d 20 30 20 3f 20
28 0a 20 20 20 20 20 20  20 20 20 20 20 20 20 20
20 20 20 20 20 20 3c 64  69 76 20 63 6c 61 73 73
4e 61 6d 65 3d 22 61 67  65 6e 74 2d 72 75 6e 6e
65 72 2d 65 6d 70 74 79  22 3e 0a 20 20 20 20 20
20 20 20 20 20 20 20 20  20 20 20 20 20 20 20 20
20 42 65 6c 75 6d 20 61  64 61 20 61 67 65 6e 74
20 74 65 72 73 65 64 69  61 2e 20 50 61 73 74 69
6b 61 6e 20 62 61 63 6b  65 6e 64 20 2f 61 70 69
2f 61 67 65 6e 74 73 0a  20 20 20 20 20 20 20 20
20 20 20 20 20 20 20 20  20 20 20 20 20 20 62 65
72 6a 61 6c 61 6e 2e 0a  20 20 20 20 20 20 20 20
20 20 20 20 20 20 20 20  20 20 20 20 3c 2f 64 69
76 3e 0a 20 20 20 20 20  20 20 20 20 20 20 20 20
20 20 20 20 20 29 20 3a  20 28 0a 20 20 20 20 20
20 20 20 20 20 20 20 20  20 20 20 20 20 20 20 3c
64 69 76 20 63 6c 61 73  73 4e 61 6d 65 3d 22 61
67 65 6e 74 2d 72 75 6e  6e 65 72 2d 67 72 69 64
22 3e 0a 20 20 20 20 20  20 20 20 20 20 20 20 20
20 20 20 20 20 20 20 20  20 7b 72 75 6e 6e 65 72
41 67 65 6e 74 73 2e 6d  61 70 28 28 61 29 20 3d
3e 20 7b 0a 20 20 20 20  20 20 20 20 20 20 20 20
20 20 20 20 20 20 20 20  20 20 20 20 63 6f 6e 73
74 20 69 64 20 3d 20 61  2e 69 64 20 7c 7c 20 61
2e 6e 61 6d 65 3b 0a 20  20 20 20 20 20 20 20 20
20 20 20 20 20 20 20 20  20 20 20 20 20 20 20 72
65 74 75 72 6e 20 28 0a  20 20 20 20 20 20 20 20
20 20 20 20 20 20 20 20  20 20 20 20 20 20 20 20
20 20 3c 64 69 76 0a 20  20 20 20 20 20 20 20 20
20 20 20 20 20 20 20 20  20 20 20 20 20 20 20 20
20 20 20 6b 65 79 3d 7b  69 64 7d 0a 20 20 20 20
20 20 20 20 20 20 20 20  20 20 20 20 20 20 20 20
20 20 20 20 20 20 20 20  63 6c 61 73 73 4e 61 6d
65 3d 7b 22 61 67 65 6e  74 2d 72 75 6e 6e 65 72
2d 63 61 72 64 22 7d 0a  20 20 20 20 20 20 20 20
20 20 20 20 20 20 20 20  20 20 20 20 20 20 20 20
20 20 20 20 6f 6e 43 6c  69 63 6b 3d 7b 28 29 20
3d 3e 20 6f 70 65 6e 46  75 6c 6c 53 63 72 65 65
6e 28 61 29 7d 0a 20 20  20 20 20 20 20 20 20 20
20 20 20 20 20 20 20 20  20 20 20 20 20 20 20 20
3e 0a 20 20 20 20 20 20  20 20 20 20 20 20 20 20
20 20 20 20 20 20 20 20  20 20 20 20 20 20 3c 64
69 76 20 63 6c 61 73 73  4e 61 6d 65 3d 22 61 67
65 6e 74 2d 72 75 6e 6e  65 72 2d 63 61 72 64 2d
68 65 61 64 22 3e 0a 20  20 20 20 20 20 20 20 20
20 20 20 20 20 20 20 20  20 20 20 20 20 20 20 20
20 20 20 20 20 3c 73 70  61 6e 0a 20 20 20 20 20
20 20 20 20 20 20 20 20  20 20 20 20 20 20 20 20
20 20 20 20 20 20 20 20  20 20 20 63 6c 61 73 73
4e 61 6d 65 3d 7b 0a 20  20 20 20 20 20 20 20 20
20 20 20 20 20 20 20 20  20 20 20 20 20 20 20 20
20 20 20 20 20 20 20 20  20 22 61 67 65 6e 74 2d
72 75 6e 6e 65 72 2d 63  61 72 64 2d 69 63 6f 6e
22 20 2b 0a 20 20 20 20  20 20 20 20 20 20 20 20
20 20 20 20 20 20 20 20  20 20 20 20 20 20 20 20
20 20 20 20 20 20 28 69  64 20 3d 3d 3d 20 22 71
75 61 6e 74 75 6d 22 0a  20 20 20 20 20 20 20 20
20 20 20 20 20 20 20 20  20 20 20 20 20 20 20 20
20 20 20 20 20 20 20 20  20 20 20 20 3f 20 22 20
61 67 65 6e 74 2d 71 75  61 6e 74 75 6d 22 0a 20
20 20 20 20 20 20 20 20  20 20 20 20 20 20 20 20
20 20 20 20 20 20 20 20  20 20 20 20 20 20 20 20
20 20 20 3a 20 69 64 20  3d 3d 3d 20 22 6f 70 65
6e 63 6f 64 65 22 0a 20  20 20 20 20 20 20 20 20
20 20 20 20 20 20 20 20  20 20 20 20 20 20 20 20
20 20 20 20 20 20 20 20  20 20 20 20 20 3f 20 22
20 61 67 65 6e 74 2d 6f  70 65 6e 63 6f 64 65 22
0a 20 20 20 20 20 20 20  20 20 20 20 20 20 20 20
20 20 20 20 20 20 20 20  20 20 20 20 20 20 20 20
20 20 20 20 20 20 20 3a  20 69 64 20 3d 3d 3d 20
22 63 6c 61 75 64 65 22  0a 20 20 20 20 20 20 20
20 20 20 20 20 20 20 20  20 20 20 20 20 20 20 20
20 20 20 20 20 20 20 20  20 20 20 20 20 20 20 20
20 3f 20 22 20 61 67 65  6e 74 2d 63 6c 61 75 64
65 22 0a 20 20 20 20 20  20 20 20 20 20 20 20 20
20 20 20 20 20 20 20 20  20 20 20 20 20 20 20 20
20 20 20 20 20 20 20 20  20 20 20 3a 20 22 22 29
0a 20 20 20 20 20 20 20  20 20 20 20 20 20 20 20
20 20 20 20 20 20 20 20  20 20 20 20 20 20 20 20
20 7d 0a 20 20 20 20 20  20 20 20 20 20 20 20 20
20 20 20 20 20 20 20 20  20 20 20 20 20 20 20 20
20 3e 0a 20 20 20 20 20  20 20 20 20 20 20 20 20
20 20 20 20 20 20 20 20  20 20 20 20 20 20 20 20
20 20 20 7b 28 28 69 64  29 20 3d 3e 0a 20 20 20
20 20 20 20 20 20 20 20  20 20 20 20 20 20 20 20
20 20 20 20 20 20 20 20  20 20 20 20 20 20 20 69
64 20 3d 3d 3d 20 22 71  75 61 6e 74 75 6d 22 0a
20 20 20 20 20 20 20 20  20 20 20 20 20 20 20 20
20 20 20 20 20 20 20 20  20 20 20 20 20 20 20 20
20 20 20 20 3f 20 53 42  2e 71 75 61 6e 74 75 6d
41 67 65 6e 74 0a 20 20  20 20 20 20 20 20 20 20
20 20 20 20 20 20 20 20  20 20 20 20 20 20 20 20
20 20 20 20 20 20 20 20  20 20 3a 20 69 64 20 3d
3d 3d 20 22 6f 70 65 6e  63 6f 64 65 22 0a 20 20
20 20 20 20 20 20 20 20  20 20 20 20 20 20 20 20
20 20 20 20 20 20 20 20  20 20 20 20 20 20 20 20
20 20 20 20 3f 20 53 42  2e 6f 70 65 6e 63 6f 64
65 0a 20 20 20 20 20 20  20 20 20 20 20 20 20 20
20 20 20 20 20 20 20 20  20 20 20 20 20 20 20 20
20 20 20 20 20 20 20 20  3a 20 69 64 20 3d 3d 3d
20 22 63 6c 61 75 64 65  22 0a 20 20 20 20 20 20
20 20 20 20 20 20 20 20  20 20 20 20 20 20 20 20
20 20 20 20 20 20 20 20  20 20 20 20 20 20 20 20
20 20 3f 20 53 42 2e 63  6c 61 75 64 65 0a 20 20
20 20 20 20 20 20 20 20  20 20 20 20 20 20 20 20
20 20 20 20 20 20 20 20  20 20 20 20 20 20 20 20
20 20 20 20 20 20 3a 20  53 42 2e 72 75 6e 6e 65
72 29 28 69 64 29 28 7b  0a 20 20 20 20 20 20 20
20 20 20 20 20 20 20 20  20 20 20 20 20 20 20 20
20 20 20 20 20 20 20 20  20 20 20 77 69 64 74 68
3a 20 31 38 2c 0a 20 20  20 20 20 20 20 20 20 20
20 20 20 20 20 20 20 20  20 20 20 20 20 20 20 20
20 20 20 20 20 20 20 20  68 65 69 67 68 74 3a 20
31 38 2c 0a 20 20 20 20  20 20 20 20 20 20 20 20
20 20 20 20 20 20 20 20  20 20 20 20 20 20 20 20
20 20 20 20 7d 29 7d 0a  20 20 20 20 20 20 20 20
20 20 20 20 20 20 20 20  20 20 20 20 20 20 20 20
20 20 20 20 20 20 3c 2f  73 70 61 6e 3e 0a 20 20
20 20 20 20 20 20 20 20  20 20 20 20 20 20 20 20
20 20 20 20 20 20 20 20  20 20 20 20 3c 73 70 61
6e 20 63 6c 61 73 73 4e  61 6d 65 3d 22 61 67 65
6e 74 2d 72 75 6e 6e 65  72 2d 63 61 72 64 2d 6e
61 6d 65 22 3e 0a 20 20  20 20 20 20 20 20 20 20
20 20 20 20 20 20 20 20  20 20 20 20 20 20 20 20
20 20 20 20 20 20 7b 61  2e 6e 61 6d 65 20 7c 7c
20 69 64 7d 0a 20 20 20  20 20 20 20 20 20 20 20
20 20 20 20 20 20 20 20  20 20 20 20 20 20 20 20
20 20 20 3c 2f 73 70 61  6e 3e 0a 20 20 20 20 20
20 20 20 20 20 20 20 20  20 20 20 20 20 20 20 20
20 20 20 20 20 20 20 20  20 7b 61 2e 61 76 61 69
6c 61 62 6c 65 20 3f 20  28 0a 20 20 20 20 20 20
20 20 20 20 20 20 20 20  20 20 20 20 20 20 20 20
20 20 20 20 20 20 20 20  20 20 3c 73 70 61 6e 20
63 6c 61 73 73 4e 61 6d  65 3d 22 61 72 2d 63 61
72 64 2d 62 61 64 67 65  22 3e 61 76 61 69 6c 61
62 6c 65 3c 2f 73 70 61  6e 3e 0a 20 20 20 20 20
20 20 20 20 20 20 20 20  20 20 20 20 20 20 20 20
20 20 20 20 20 20 20 20  20 29 20 3a 20 28 0a 20
20 20 20 20 20 20 20 20  20 20 20 20 20 20 20 20
20 20 20 20 20 20 20 20  20 20 20 20 20 20 20 3c
73 70 61 6e 0a 20 20 20  20 20 20 20 20 20 20 20
20 20 20 20 20 20 20 20  20 20 20 20 20 20 20 20
20 20 20 20 20 20 20 63  6c 61 73 73 4e 61 6d 65
3d 22 61 72 2d 63 61 72  64 2d 62 61 64 67 65 22
0a 20 20 20 20 20 20 20  20 20 20 20 20 20 20 20
20 20 20 20 20 20 20 20  20 20 20 20 20 20 20 20
20 20 20 73 74 79 6c 65  3d 7b 7b 20 63 6f 6c 6f
72 3a 20 22 76 61 72 28  2d 2d 74 65 78 74 2d 66
61 69 6e 74 29 22 20 7d  7d 0a 20 20 20 20 20 20
20 20 20 20 20 20 20 20  20 20 20 20 20 20 20 20
20 20 20 20 20 20 20 20  20 20 3e 0a 20 20 20 20
20 20 20 20 20 20 20 20  20 20 20 20 20 20 20 20
20 20 20 20 20 20 20 20  20 20 20 20 20 20 6e 6f
74 20 69 6e 73 74 61 6c  6c 65 64 0a 20 20 20 20
20 20 20 20 20 20 20 20  20 20 20 20 20 20 20 20
20 20 20 20 20 20 20 20  20 20 20 20 3c 2f 73 70
61 6e 3e 0a 20 20 20 20  20 20 20 20 20 20 20 20
20 20 20 20 20 20 20 20  20 20 20 20 20 20 20 20
20 20 29 7d 0a 20 20 20  20 20 20 20 20 20 20 20
20 20 20 20 20 20 20 20  20 20 20 20 20 20 20 20
20 3c 2f 64 69 76 3e 0a  20 20 20 20 20 20 20 20
20 20 20 20 20 20 20 20  20 20 20 20 20 20 20 20
20 20 20 20 3c 64 69 76  20 63 6c 61 73 73 4e 61
6d 65 3d 22 61 67 65 6e  74 2d 72 75 6e 6e 65 72
2d 63 61 72 64 2d 64 65  73 63 22 3e 0a 20 20 20
20 20 20 20 20 20 20 20  20 20 20 20 20 20 20 20
20 20 20 20 20 20 20 20  20 20 20 7b 61 2e 64 65
73 63 72 69 70 74 69 6f  6e 20 7c 7c 20 61 2e 64
65 73 63 20 7c 7c 20 22  e2 80 94 22 7d 0a 20 20
20 20 20 20 20 20 20 20  20 20 20 20 20 20 20 20
20 20 20 20 20 20 20 20  20 20 3c 2f 64 69 76 3e
0a 20 20 20 20 20 20 20  20 20 20 20 20 20 20 20
20 20 20 20 20 20 20 20  20 20 20 20 20 7b 61 2e
6d 6f 64 65 6c 20 26 26  20 28 0a 20 20 20 20 20
20 20 20 20 20 20 20 20  20 20 20 20 20 20 20 20
20 20 20 20 20 20 20 20  20 3c 64 69 76 20 63 6c
61 73 73 4e 61 6d 65 3d  22 61 67 65 6e 74 2d 72
75 6e 6e 65 72 2d 63 61  72 64 2d 6d 6f 64 65 6c
22 3e 0a 20 20 20 20 20  20 20 20 20 20 20 20 20
20 20 20 20 20 20 20 20  20 20 20 20 20 20 20 20
20 20 20 4d 6f 64 65 6c  3a 20 7b 61 2e 6d 6f 64
65 6c 7d 0a 20 20 20 20  20 20 20 20 20 20 20 20
20 20 20 20 20 20 20 20  20 20 20 20 20 20 20 20
20 20 3c 2f 64 69 76 3e  0a 20 20 20 20 20 20 20
20 20 20 20 20 20 20 20  20 20 20 20 20 20 20 20
20 20 20 20 20 29 7d 0a  20 20 20 20 20 20 20 20
20 20 20 20 20 20 20 20  20 20 20 20 20 20 20 20
20 20 3c 2f 64 69 76 3e  0a 20 20 20 20 20 20 20
20 20 20 20 20 20 20 20  20 20 20 20 20 20 20 20
20 29 3b 0a 20 20 20 20  20 20 20 20 20 20 20 20
20 20 20 20 20 20 20 20  20 20 7d 29 7d 0a 20 20
20 20 20 20 20 20 20 20  20 20 20 20 20 20 20 20
20 20 3c 2f 64 69 76 3e  0a 20 20 20 20 20 20 20
20 20 20 20 20 20 20 20  20 20 20 29 7d 0a 20 20
20 20 20 20 20 20 20 20  20 20 20 20 20 20 3c 2f
64 69 76 3e 0a 20 20 20  20 20 20 20 20 20 20 20
20 20 20 3c 2f 64 69 76  3e 0a 20 20 20 20 20 20
20 20 20 20 20 20 3c 2f  64 69 76 3e 0a 20 20 20
20 20 20 20 20 20 20 3c  2f 64 69 76 3e 0a 20 20
20 20 20 20 20 20 3c 2f  3e 0a 20 20 20 20 20 20
29 7d 0a 20 20 20 20 3c  2f 64 69 76 3e 0a 20 20
29 3b 0a 7d 0a 0a 2f 2a  20 3d 3d 3d 3d 3d 3d 3d
3d 3d 3d 3d 3d 3d 3d 3d  3d 3d 3d 3d 3d 3d 3d 3d
3d 3d 3d 3d 3d 3d 3d 3d  3d 3d 3d 3d 3d 3d 3d 3d
3d 3d 3d 3d 3d 3d 3d 3d  3d 3d 3d 3d 3d 3d 3d 3d
3d 3d 3d 3d 3d 0a 20 20  20 73 68 61 64 63 6e 2f
75 69 2d 73 74 79 6c 65  20 43 6f 6d 70 6f 6e 65
6e 74 73 20 28 7a 65 72  6f 2d 64 65 70 2c 20 54
61 69 6c 77 69 6e 64 20  63 6c 61 73 73 65 73 29
0a 20 20 20 3d 3d 3d 3d  3d 3d 3d 3d 3d 3d 3d 3d
3d 3d 3d 3d 3d 3d 3d 3d  3d 3d 3d 3d 3d 3d 3d 3d
3d 3d 3d 3d 3d 3d 3d 3d  3d 3d 3d 3d 3d 3d 3d 3d
3d 3d 3d 3d 3d 3d 3d 3d  3d 3d 3d 3d 3d 3d 3d 3d
20 2a 2f 0a 0a 2f 2a 20  2d 2d 2d 20 42 61 64 67
65 20 2d 2d 2d 20 2a 2f  0a 66 75 6e 63 74 69 6f
6e 20 42 61 64 67 65 28  7b 20 76 61 72 69 61 6e
74 20 3d 20 22 64 65 66  61 75 6c 74 22 2c 20 63
6c 61 73 73 4e 61 6d 65  20 3d 20 22 22 2c 20 63
68 69 6c 64 72 65 6e 2c  20 2e 2e 2e 70 72 6f 70
73 20 7d 29 20 7b 0a 20  20 63 6f 6e 73 74 20 76
61 72 69 61 6e 74 73 20  3d 20 7b 0a 20 20 20 20
64 65 66 61 75 6c 74 3a  20 22 62 67 2d 70 72 69
6d 61 72 79 20 74 65 78  74 2d 70 72 69 6d 61 72
79 2d 66 6f 72 65 67 72  6f 75 6e 64 22 2c 0a 20
20 20 20 73 65 63 6f 6e  64 61 72 79 3a 20 22 62
67 2d 73 65 63 6f 6e 64  61 72 79 20 74 65 78 74
2d 73 65 63 6f 6e 64 61  72 79 2d 66 6f 72 65 67
72 6f 75 6e 64 22 2c 0a  20 20 20 20 64 65 73 74
72 75 63 74 69 76 65 3a  20 22 62 67 2d 64 65 73
74 72 75 63 74 69 76 65  20 74 65 78 74 2d 64 65
73 74 72 75 63 74 69 76  65 2d 66 6f 72 65 67 72
6f 75 6e 64 22 2c 0a 20  20 20 20 6f 75 74 6c 69
6e 65 3a 20 22 62 6f 72  64 65 72 20 62 6f 72 64
65 72 2d 62 6f 72 64 65  72 20 74 65 78 74 2d 66
6f 72 65 67 72 6f 75 6e  64 22 2c 0a 20 20 20 20
73 75 63 63 65 73 73 3a  20 22 62 67 2d 65 6d 65
72 61 6c 64 2d 35 30 30  2f 31 35 20 74 65 78 74
2d 65 6d 65 72 61 6c 64  2d 34 30 30 20 62 6f 72
64 65 72 20 62 6f 72 64  65 72 2d 65 6d 65 72 61
6c 64 2d 35 30 30 2f 33  30 22 2c 0a 20 20 20 20
6d 75 74 65 64 3a 20 22  62 67 2d 6d 75 74 65 64
20 74 65 78 74 2d 6d 75  74 65 64 2d 66 6f 72 65
67 72 6f 75 6e 64 22 2c  0a 20 20 7d 3b 0a 20 20
72 65 74 75 72 6e 20 28  0a 20 20 20 20 3c 73 70
61 6e 0a 20 20 20 20 20  20 63 6c 61 73 73 4e 61
6d 65 3d 7b 60 69 6e 6c  69 6e 65 2d 66 6c 65 78
20 69 74 65 6d 73 2d 63  65 6e 74 65 72 20 67 61
70 2d 31 20 72 6f 75 6e  64 65 64 2d 66 75 6c 6c
20 70 78 2d 32 2e 35 20  70 79 2d 30 2e 35 20 74
65 78 74 2d 78 73 20 66  6f 6e 74 2d 6d 65 64 69
75 6d 20 24 7b 76 61 72  69 61 6e 74 73 5b 76 61
72 69 61 6e 74 5d 20 7c  7c 20 76 61 72 69 61 6e
74 73 2e 64 65 66 61 75  6c 74 7d 20 24 7b 63 6c
61 73 73 4e 61 6d 65 7d  60 7d 0a 20 20 20 20 20
20 7b 2e 2e 2e 70 72 6f  70 73 7d 0a 20 20 20 20
3e 0a 20 20 20 20 20 20  7b 63 68 69 6c 64 72 65
6e 7d 0a 20 20 20 20 3c  2f 73 70 61 6e 3e 0a 20
20 29 3b 0a 7d 0a 0a 2f  2a 20 2d 2d 2d 20 43 61
72 64 20 2d 2d 2d 20 2a  2f 0a 66 75 6e 63 74 69
6f 6e 20 43 61 72 64 28  7b 20 63 6c 61 73 73 4e
61 6d 65 20 3d 20 22 22  2c 20 63 68 69 6c 64 72
65 6e 2c 20 2e 2e 2e 70  72 6f 70 73 20 7d 29 20
7b 0a 20 20 72 65 74 75  72 6e 20 28 0a 20 20 20
20 3c 64 69 76 0a 20 20  20 20 20 20 63 6c 61 73
73 4e 61 6d 65 3d 7b 60  72 6f 75 6e 64 65 64 2d
6c 67 20 62 6f 72 64 65  72 20 62 6f 72 64 65 72
2d 62 6f 72 64 65 72 20  62 67 2d 63 61 72 64 20
74 65 78 74 2d 63 61 72  64 2d 66 6f 72 65 67 72
6f 75 6e 64 20 73 68 61  64 6f 77 2d 73 6d 20 24
7b 63 6c 61 73 73 4e 61  6d 65 7d 60 7d 0a 20 20
20 20 20 20 7b 2e 2e 2e  70 72 6f 70 73 7d 0a 20
20 20 20 3e 0a 20 20 20  20 20 20 7b 63 68 69 6c
64 72 65 6e 7d 0a 20 20  20 20 3c 2f 64 69 76 3e
0a 20 20 29 3b 0a 7d 0a  66 75 6e 63 74 69 6f 6e
20 43 61 72 64 48 65 61  64 65 72 28 7b 20 63 6c
61 73 73 4e 61 6d 65 20  3d 20 22 22 2c 20 63 68
69 6c 64 72 65 6e 2c 20  2e 2e 2e 70 72 6f 70 73
20 7d 29 20 7b 0a 20 20  72 65 74 75 72 6e 20 28
0a 20 20 20 20 3c 64 69  76 20 63 6c 61 73 73 4e
61 6d 65 3d 7b 60 66 6c  65 78 20 66 6c 65 78 2d
63 6f 6c 20 73 70 61 63  65 2d 79 2d 31 2e 35 20
70 2d 34 20 24 7b 63 6c  61 73 73 4e 61 6d 65 7d
60 7d 20 7b 2e 2e 2e 70  72 6f 70 73 7d 3e 0a 20
20 20 20 20 20 7b 63 68  69 6c 64 72 65 6e 7d 0a
20 20 20 20 3c 2f 64 69  76 3e 0a 20 20 29 3b 0a
7d 0a 66 75 6e 63 74 69  6f 6e 20 43 61 72 64 54
69 74 6c 65 28 7b 20 63  6c 61 73 73 4e 61 6d 65
20 3d 20 22 22 2c 20 63  68 69 6c 64 72 65 6e 2c
20 2e 2e 2e 70 72 6f 70  73 20 7d 29 20 7b 0a 20
20 72 65 74 75 72 6e 20  28 0a 20 20 20 20 3c 68
33 0a 20 20 20 20 20 20  63 6c 61 73 73 4e 61 6d
65 3d 7b 60 74 65 78 74  2d 62 61 73 65 20 66 6f
6e 74 2d 73 65 6d 69 62  6f 6c 64 20 6c 65 61 64
69 6e 67 2d 6e 6f 6e 65  20 74 72 61 63 6b 69 6e
67 2d 74 69 67 68 74 20  24 7b 63 6c 61 73 73 4e
61 6d 65 7d 60 7d 0a 20  20 20 20 20 20 7b 2e 2e
2e 70 72 6f 70 73 7d 0a  20 20 20 20 3e 0a 20 20
20 20 20 20 7b 63 68 69  6c 64 72 65 6e 7d 0a 20
20 20 20 3c 2f 68 33 3e  0a 20 20 29 3b 0a 7d 0a
66 75 6e 63 74 69 6f 6e  20 43 61 72 64 44 65 73
63 72 69 70 74 69 6f 6e  28 7b 20 63 6c 61 73 73
4e 61 6d 65 20 3d 20 22  22 2c 20 63 68 69 6c 64
72 65 6e 2c 20 2e 2e 2e  70 72 6f 70 73 20 7d 29
20 7b 0a 20 20 72 65 74  75 72 6e 20 28 0a 20 20
20 20 3c 70 20 63 6c 61  73 73 4e 61 6d 65 3d 7b
60 74 65 78 74 2d 73 6d  20 74 65 78 74 2d 6d 75
74 65 64 2d 66 6f 72 65  67 72 6f 75 6e 64 20 24
7b 63 6c 61 73 73 4e 61  6d 65 7d 60 7d 20 7b 2e
2e 2e 70 72 6f 70 73 7d  3e 0a 20 20 20 20 20 20
7b 63 68 69 6c 64 72 65  6e 7d 0a 20 20 20 20 3c
2f 70 3e 0a 20 20 29 3b  0a 7d 0a 66 75 6e 63 74
69 6f 6e 20 43 61 72 64  43 6f 6e 74 65 6e 74 28
7b 20 63 6c 61 73 73 4e  61 6d 65 20 3d 20 22 22
2c 20 63 68 69 6c 64 72  65 6e 2c 20 2e 2e 2e 70
72 6f 70 73 20 7d 29 20  7b 0a 20 20 72 65 74 75
72 6e 20 28 0a 20 20 20  20 3c 64 69 76 20 63 6c
61 73 73 4e 61 6d 65 3d  7b 60 70 2d 34 20 70 74
2d 30 20 24 7b 63 6c 61  73 73 4e 61 6d 65 7d 60
7d 20 7b 2e 2e 2e 70 72  6f 70 73 7d 3e 0a 20 20
20 20 20 20 7b 63 68 69  6c 64 72 65 6e 7d 0a 20
20 20 20 3c 2f 64 69 76  3e 0a 20 20 29 3b 0a 7d
0a 66 75 6e 63 74 69 6f  6e 20 43 61 72 64 46 6f
6f 74 65 72 28 7b 20 63  6c 61 73 73 4e 61 6d 65
20 3d 20 22 22 2c 20 63  68 69 6c 64 72 65 6e 2c
20 2e 2e 2e 70 72 6f 70  73 20 7d 29 20 7b 0a 20
20 72 65 74 75 72 6e 20  28 0a 20 20 20 20 3c 64
69 76 20 63 6c 61 73 73  4e 61 6d 65 3d 7b 60 66
6c 65 78 20 69 74 65 6d  73 2d 63 65 6e 74 65 72
20 70 2d 34 20 70 74 2d  30 20 24 7b 63 6c 61 73
73 4e 61 6d 65 7d 60 7d  20 7b 2e 2e 2e 70 72 6f
70 73 7d 3e 0a 20 20 20  20 20 20 7b 63 68 69 6c
64 72 65 6e 7d 0a 20 20  20 20 3c 2f 64 69 76 3e
0a 20 20 29 3b 0a 7d 0a  0a 2f 2a 20 2d 2d 2d 20
54 61 62 73 20 2d 2d 2d  20 2a 2f 0a 66 75 6e 63
74 69 6f 6e 20 54 61 62  73 28 7b 20 74 61 62 73
2c 20 61 63 74 69 76 65  2c 20 6f 6e 43 68 61 6e
67 65 2c 20 63 6c 61 73  73 4e 61 6d 65 20 3d 20
22 22 20 7d 29 20 7b 0a  20 20 72 65 74 75 72 6e
20 28 0a 20 20 20 20 3c  64 69 76 0a 20 20 20 20
20 20 63 6c 61 73 73 4e  61 6d 65 3d 7b 60 69 6e
6c 69 6e 65 2d 66 6c 65  78 20 68 2d 39 20 69 74
65 6d 73 2d 63 65 6e 74  65 72 20 6a 75 73 74 69
66 79 2d 63 65 6e 74 65  72 20 72 6f 75 6e 64 65
64 2d 6c 67 20 62 67 2d  6d 75 74 65 64 20 70 2d
31 20 74 65 78 74 2d 6d  75 74 65 64 2d 66 6f 72
65 67 72 6f 75 6e 64 20  24 7b 63 6c 61 73 73 4e
61 6d 65 7d 60 7d 0a 20  20 20 20 3e 0a 20 20 20
20 20 20 7b 74 61 62 73  2e 6d 61 70 28 28 74 29
20 3d 3e 20 28 0a 20 20  20 20 20 20 20 20 3c 62
75 74 74 6f 6e 0a 20 20  20 20 20 20 20 20 20 20
6b 65 79 3d 7b 74 2e 76  61 6c 75 65 7d 0a 20 20
20 20 20 20 20 20 20 20  6f 6e 43 6c 69 63 6b 3d
7b 28 29 20 3d 3e 20 6f  6e 43 68 61 6e 67 65 28
74 2e 76 61 6c 75 65 29  7d 0a 20 20 20 20 20 20
20 20 20 20 63 6c 61 73  73 4e 61 6d 65 3d 7b 60
69 6e 6c 69 6e 65 2d 66  6c 65 78 20 69 74 65 6d
73 2d 63 65 6e 74 65 72  20 6a 75 73 74 69 66 79
2d 63 65 6e 74 65 72 20  77 68 69 74 65 73 70 61
63 65 2d 6e 6f 77 72 61  70 20 72 6f 75 6e 64 65
64 2d 6d 64 20 70 78 2d  33 20 70 79 2d 31 20 74
65 78 74 2d 73 6d 20 66  6f 6e 74 2d 6d 65 64 69
75 6d 20 74 72 61 6e 73  69 74 69 6f 6e 2d 61 6c
6c 20 24 7b 0a 20 20 20  20 20 20 20 20 20 20 20
20 61 63 74 69 76 65 20  3d 3d 3d 20 74 2e 76 61
6c 75 65 0a 20 20 20 20  20 20 20 20 20 20 20 20
20 20 3f 20 22 62 67 2d  62 61 63 6b 67 72 6f 75
6e 64 20 74 65 78 74 2d  66 6f 72 65 67 72 6f 75
6e 64 20 73 68 61 64 6f  77 2d 73 6d 22 0a 20 20
20 20 20 20 20 20 20 20  20 20 20 20 3a 20 22 68
6f 76 65 72 3a 74 65 78  74 2d 66 6f 72 65 67 72
6f 75 6e 64 22 0a 20 20  20 20 20 20 20 20 20 20
7d 60 7d 0a 20 20 20 20  20 20 20 20 3e 0a 20 20
20 20 20 20 20 20 20 20  7b 74 2e 69 63 6f 6e 20
3f 20 3c 73 70 61 6e 20  63 6c 61 73 73 4e 61 6d
65 3d 22 6d 72 2d 31 2e  35 22 3e 7b 74 2e 69 63
6f 6e 7d 3c 2f 73 70 61  6e 3e 20 3a 20 6e 75 6c
6c 7d 0a 20 20 20 20 20  20 20 20 20 20 7b 74 2e
6c 61 62 65 6c 7d 0a 20  20 20 20 20 20 20 20 3c
2f 62 75 74 74 6f 6e 3e  0a 20 20 20 20 20 20 29
29 7d 0a 20 20 20 20 3c  2f 64 69 76 3e 0a 20 20
29 3b 0a 7d 0a 0a 2f 2a  20 2d 2d 2d 20 44 72 6f
70 64 6f 77 6e 20 2d 2d  2d 20 2a 2f 0a 66 75 6e
63 74 69 6f 6e 20 44 72  6f 70 64 6f 77 6e 28 7b
20 74 72 69 67 67 65 72  2c 20 69 74 65 6d 73 2c
20 61 6c 69 67 6e 20 3d  20 22 6c 65 66 74 22 2c
20 63 6c 61 73 73 4e 61  6d 65 20 3d 20 22 22 20
7d 29 20 7b 0a 20 20 63  6f 6e 73 74 20 5b 6f 70
65 6e 2c 20 73 65 74 4f  70 65 6e 5d 20 3d 20 75
73 65 53 74 61 74 65 28  66 61 6c 73 65 29 3b 0a
20 20 63 6f 6e 73 74 20  72 65 66 20 3d 20 75 73
65 52 65 66 28 6e 75 6c  6c 29 3b 0a 20 20 75 73
65 45 66 66 65 63 74 28  28 29 20 3d 3e 20 7b 0a
20 20 20 20 63 6f 6e 73  74 20 68 61 6e 64 6c 65
72 20 3d 20 28 65 29 20  3d 3e 20 7b 0a 20 20 20
20 20 20 69 66 20 28 72  65 66 2e 63 75 72 72 65
6e 74 20 26 26 20 21 72  65 66 2e 63 75 72 72 65
6e 74 2e 63 6f 6e 74 61  69 6e 73 28 65 2e 74 61
72 67 65 74 29 29 20 73  65 74 4f 70 65 6e 28 66
61 6c 73 65 29 3b 0a 20  20 20 20 7d 3b 0a 20 20
20 20 64 6f 63 75 6d 65  6e 74 2e 61 64 64 45 76
65 6e 74 4c 69 73 74 65  6e 65 72 28 22 6d 6f 75
73 65 64 6f 77 6e 22 2c  20 68 61 6e 64 6c 65 72
29 3b 0a 20 20 20 20 72  65 74 75 72 6e 20 28 29
20 3d 3e 20 64 6f 63 75  6d 65 6e 74 2e 72 65 6d
6f 76 65 45 76 65 6e 74  4c 69 73 74 65 6e 65 72
28 22 6d 6f 75 73 65 64  6f 77 6e 22 2c 20 68 61
6e 64 6c 65 72 29 3b 0a  20 20 7d 2c 20 5b 5d 29
3b 0a 20 20 72 65 74 75  72 6e 20 28 0a 20 20 20
20 3c 64 69 76 20 63 6c  61 73 73 4e 61 6d 65 3d
7b 60 72 65 6c 61 74 69  76 65 20 69 6e 6c 69 6e
65 2d 62 6c 6f 63 6b 20  24 7b 63 6c 61 73 73 4e
61 6d 65 7d 60 7d 20 72  65 66 3d 7b 72 65 66 7d
3e 0a 20 20 20 20 20 20  3c 64 69 76 20 6f 6e 43
6c 69 63 6b 3d 7b 28 29  20 3d 3e 20 73 65 74 4f
70 65 6e 28 21 6f 70 65  6e 29 7d 3e 7b 74 72 69
67 67 65 72 7d 3c 2f 64  69 76 3e 0a 20 20 20 20
20 20 7b 6f 70 65 6e 20  26 26 20 28 0a 20 20 20
20 20 20 20 20 3c 64 69  76 0a 20 20 20 20 20 20
20 20 20 20 63 6c 61 73  73 4e 61 6d 65 3d 7b 60
61 62 73 6f 6c 75 74 65  20 7a 2d 35 30 20 6d 74
2d 31 20 6d 69 6e 2d 77  2d 5b 31 32 72 65 6d 5d
20 6f 76 65 72 66 6c 6f  77 2d 68 69 64 64 65 6e
20 72 6f 75 6e 64 65 64  2d 6c 67 20 62 6f 72 64
65 72 20 62 6f 72 64 65  72 2d 62 6f 72 64 65 72
20 62 67 2d 70 6f 70 6f  76 65 72 20 70 2d 31 20
74 65 78 74 2d 70 6f 70  6f 76 65 72 2d 66 6f 72
65 67 72 6f 75 6e 64 20  73 68 61 64 6f 77 2d 6d
64 20 24 7b 61 6c 69 67  6e 20 3d 3d 3d 20 22 72
69 67 68 74 22 20 3f 20  22 72 69 67 68 74 2d 30
22 20 3a 20 22 6c 65 66  74 2d 30 22 7d 60 7d 0a
20 20 20 20 20 20 20 20  3e 0a 20 20 20 20 20 20
20 20 20 20 7b 69 74 65  6d 73 2e 6d 61 70 28 28
69 74 65 6d 2c 20 69 29  20 3d 3e 0a 20 20 20 20
20 20 20 20 20 20 20 20  69 74 65 6d 2e 73 65 70
61 72 61 74 6f 72 20 3f  20 28 0a 20 20 20 20 20
20 20 20 20 20 20 20 20  20 3c 64 69 76 20 6b 65
79 3d 7b 69 7d 20 63 6c  61 73 73 4e 61 6d 65 3d
22 6d 79 2d 31 20 68 2d  70 78 20 62 67 2d 62 6f
72 64 65 72 22 20 2f 3e  0a 20 20 20 20 20 20 20
20 20 20 20 20 29 20 3a  20 28 0a 20 20 20 20 20
20 20 20 20 20 20 20 20  20 3c 62 75 74 74 6f 6e
0a 20 20 20 20 20 20 20  20 20 20 20 20 20 20 20
20 6b 65 79 3d 7b 69 7d  0a 20 20 20 20 20 20 20
20 20 20 20 20 20 20 20  20 6f 6e 43 6c 69 63 6b
3d 7b 28 29 20 3d 3e 20  7b 0a 20 20 20 20 20 20
20 20 20 20 20 20 20 20  20 20 20 20 73 65 74 4f
70 65 6e 28 66 61 6c 73  65 29 3b 0a 20 20 20 20
20 20 20 20 20 20 20 20  20 20 20 20 20 20 69 74
65 6d 2e 6f 6e 43 6c 69  63 6b 3f 2e 28 29 3b 0a
20 20 20 20 20 20 20 20  20 20 20 20 20 20 20 20
7d 7d 0a 20 20 20 20 20  20 20 20 20 20 20 20 20
20 20 20 63 6c 61 73 73  4e 61 6d 65 3d 7b 60 72
65 6c 61 74 69 76 65 20  66 6c 65 78 20 77 2d 66
75 6c 6c 20 63 75 72 73  6f 72 2d 70 6f 69 6e 74
65 72 20 73 65 6c 65 63  74 2d 6e 6f 6e 65 20 69
74 65 6d 73 2d 63 65 6e  74 65 72 20 67 61 70 2d
32 20 72 6f 75 6e 64 65  64 2d 73 6d 20 70 78 2d
32 20 70 79 2d 31 2e 35  20 74 65 78 74 2d 73 6d
20 6f 75 74 6c 69 6e 65  2d 6e 6f 6e 65 20 74 72
61 6e 73 69 74 69 6f 6e  2d 63 6f 6c 6f 72 73 20
68 6f 76 65 72 3a 62 67  2d 61 63 63 65 6e 74 20
68 6f 76 65 72 3a 74 65  78 74 2d 61 63 63 65 6e
74 2d 66 6f 72 65 67 72  6f 75 6e 64 20 24 7b 0a
20 20 20 20 20 20 20 20  20 20 20 20 20 20 20 20
20 20 69 74 65 6d 2e 64  69 73 61 62 6c 65 64 20
3f 20 22 6f 70 61 63 69  74 79 2d 35 30 20 70 6f
69 6e 74 65 72 2d 65 76  65 6e 74 73 2d 6e 6f 6e
65 22 20 3a 20 22 22 0a  20 20 20 20 20 20 20 20
20 20 20 20 20 20 20 20  7d 20 24 7b 69 74 65 6d
2e 61 63 74 69 76 65 20  3f 20 22 62 67 2d 61 63
63 65 6e 74 2f 35 30 22  20 3a 20 22 22 7d 60 7d
0a 20 20 20 20 20 20 20  20 20 20 20 20 20 20 3e
0a 20 20 20 20 20 20 20  20 20 20 20 20 20 20 20
20 7b 69 74 65 6d 2e 69  63 6f 6e 20 3f 20 28 0a
20 20 20 20 20 20 20 20  20 20 20 20 20 20 20 20
20 20 3c 73 70 61 6e 20  63 6c 61 73 73 4e 61 6d
65 3d 22 74 65 78 74 2d  62 61 73 65 22 3e 7b 69
74 65 6d 2e 69 63 6f 6e  7d 3c 2f 73 70 61 6e 3e
0a 20 20 20 20 20 20 20  20 20 20 20 20 20 20 20
20 29 20 3a 20 6e 75 6c  6c 7d 0a 20 20 20 20 20
20 20 20 20 20 20 20 20  20 20 20 3c 73 70 61 6e
20 63 6c 61 73 73 4e 61  6d 65 3d 22 66 6c 65 78
2d 31 20 74 65 78 74 2d  6c 65 66 74 22 3e 7b 69
74 65 6d 2e 6c 61 62 65  6c 7d 3c 2f 73 70 61 6e
3e 0a 20 20 20 20 20 20  20 20 20 20 20 20 20 20
20 20 7b 69 74 65 6d 2e  62 61 64 67 65 20 3f 20
28 0a 20 20 20 20 20 20  20 20 20 20 20 20 20 20
20 20 20 20 3c 42 61 64  67 65 20 76 61 72 69 61
6e 74 3d 22 6d 75 74 65  64 22 20 63 6c 61 73 73
4e 61 6d 65 3d 22 74 65  78 74 2d 78 73 22 3e 0a
20 20 20 20 20 20 20 20  20 20 20 20 20 20 20 20
20 20 20 20 7b 69 74 65  6d 2e 62 61 64 67 65 7d
0a 20 20 20 20 20 20 20  20 20 20 20 20 20 20 20
20 20 20 3c 2f 42 61 64  67 65 3e 0a 20 20 20 20
20 20 20 20 20 20 20 20  20 20 20 20 29 20 3a 20
6e 75 6c 6c 7d 0a 20 20  20 20 20 20 20 20 20 20
20 20 20 20 3c 2f 62 75  74 74 6f 6e 3e 0a 20 20
20 20 20 20 20 20 20 20  20 20 29 2c 0a 20 20 20
20 20 20 20 20 20 20 29  7d 0a 20 20 20 20 20 20
20 20 3c 2f 64 69 76 3e  0a 20 20 20 20 20 20 29
7d 0a 20 20 20 20 3c 2f  64 69 76 3e 0a 20 20 29
3b 0a 7d 0a 0a 2f 2a 20  2d 2d 2d 20 44 69 61 6c
6f 67 20 2d 2d 2d 20 2a  2f 0a 66 75 6e 63 74 69
6f 6e 20 44 69 61 6c 6f  67 28 7b 0a 20 20 6f 70
65 6e 2c 0a 20 20 6f 6e  43 6c 6f 73 65 2c 0a 20
20 74 69 74 6c 65 2c 0a  20 20 64 65 73 63 72 69
70 74 69 6f 6e 2c 0a 20  20 63 68 69 6c 64 72 65
6e 2c 0a 20 20 66 6f 6f  74 65 72 2c 0a 20 20 63
6c 61 73 73 4e 61 6d 65  20 3d 20 22 22 2c 0a 7d
29 20 7b 0a 20 20 75 73  65 45 66 66 65 63 74 28
28 29 20 3d 3e 20 7b 0a  20 20 20 20 69 66 20 28
21 6f 70 65 6e 29 20 72  65 74 75 72 6e 3b 0a 20
20 20 20 63 6f 6e 73 74  20 68 61 6e 64 6c 65 72
20 3d 20 28 65 29 20 3d  3e 20 7b 0a 20 20 20 20
20 20 69 66 20 28 65 2e  6b 65 79 20 3d 3d 3d 20
22 45 73 63 61 70 65 22  29 20 6f 6e 43 6c 6f 73
65 3f 2e 28 29 3b 0a 20  20 20 20 7d 3b 0a 20 20
20 20 64 6f 63 75 6d 65  6e 74 2e 61 64 64 45 76
65 6e 74 4c 69 73 74 65  6e 65 72 28 22 6b 65 79
64 6f 77 6e 22 2c 20 68  61 6e 64 6c 65 72 29 3b
0a 20 20 20 20 72 65 74  75 72 6e 20 28 29 20 3d
3e 20 64 6f 63 75 6d 65  6e 74 2e 72 65 6d 6f 76
65 45 76 65 6e 74 4c 69  73 74 65 6e 65 72 28 22
6b 65 79 64 6f 77 6e 22  2c 20 68 61 6e 64 6c 65
72 29 3b 0a 20 20 7d 2c  20 5b 6f 70 65 6e 2c 20
6f 6e 43 6c 6f 73 65 5d  29 3b 0a 20 20 69 66 20
28 21 6f 70 65 6e 29 20  72 65 74 75 72 6e 20 6e
75 6c 6c 3b 0a 20 20 72  65 74 75 72 6e 20 28 0a
20 20 20 20 3c 64 69 76  20 63 6c 61 73 73 4e 61
6d 65 3d 22 66 69 78 65  64 20 69 6e 73 65 74 2d
30 20 7a 2d 35 30 20 66  6c 65 78 20 69 74 65 6d
73 2d 63 65 6e 74 65 72  20 6a 75 73 74 69 66 79
2d 63 65 6e 74 65 72 22  3e 0a 20 20 20 20 20 20
3c 64 69 76 0a 20 20 20  20 20 20 20 20 63 6c 61
73 73 4e 61 6d 65 3d 22  61 62 73 6f 6c 75 74 65
20 69 6e 73 65 74 2d 30  20 62 67 2d 62 6c 61 63
6b 2f 36 30 20 62 61 63  6b 64 72 6f 70 2d 62 6c
75 72 2d 73 6d 22 0a 20  20 20 20 20 20 20 20 6f
6e 43 6c 69 63 6b 3d 7b  6f 6e 43 6c 6f 73 65 7d
0a 20 20 20 20 20 20 2f  3e 0a 20 20 20 20 20 20
3c 64 69 76 0a 20 20 20  20 20 20 20 20 63 6c 61
73 73 4e 61 6d 65 3d 7b  60 72 65 6c 61 74 69 76
65 20 7a 2d 35 30 20 77  2d 66 75 6c 6c 20 6d 61
78 2d 77 2d 6c 67 20 72  6f 75 6e 64 65 64 2d 6c
67 20 62 6f 72 64 65 72  20 62 6f 72 64 65 72 2d
62 6f 72 64 65 72 20 62  67 2d 63 61 72 64 20 70
2d 36 20 73 68 61 64 6f  77 2d 6c 67 20 24 7b 63
6c 61 73 73 4e 61 6d 65  7d 60 7d 0a 20 20 20 20
20 20 3e 0a 20 20 20 20  20 20 20 20 7b 74 69 74
6c 65 20 26 26 20 28 0a  20 20 20 20 20 20 20 20
20 20 3c 68 32 20 63 6c  61 73 73 4e 61 6d 65 3d
22 74 65 78 74 2d 6c 67  20 66 6f 6e 74 2d 73 65
6d 69 62 6f 6c 64 20 74  65 78 74 2d 66 6f 72 65
67 72 6f 75 6e 64 22 3e  7b 74 69 74 6c 65 7d 3c
2f 68 32 3e 0a 20 20 20  20 20 20 20 20 29 7d 0a
20 20 20 20 20 20 20 20  7b 64 65 73 63 72 69 70
74 69 6f 6e 20 26 26 20  28 0a 20 20 20 20 20 20
20 20 20 20 3c 70 20 63  6c 61 73 73 4e 61 6d 65
3d 22 6d 74 2d 31 2e 35  20 74 65 78 74 2d 73 6d
20 74 65 78 74 2d 6d 75  74 65 64 2d 66 6f 72 65
67 72 6f 75 6e 64 22 3e  7b 64 65 73 63 72 69 70
74 69 6f 6e 7d 3c 2f 70  3e 0a 20 20 20 20 20 20
20 20 29 7d 0a 20 20 20  20 20 20 20 20 7b 63 68
69 6c 64 72 65 6e 20 26  26 20 3c 64 69 76 20 63
6c 61 73 73 4e 61 6d 65  3d 22 6d 74 2d 34 22 3e
7b 63 68 69 6c 64 72 65  6e 7d 3c 2f 64 69 76 3e
7d 0a 20 20 20 20 20 20  20 20 7b 66 6f 6f 74 65
72 20 26 26 20 3c 64 69  76 20 63 6c 61 73 73 4e
61 6d 65 3d 22 6d 74 2d  36 20 66 6c 65 78 20 6a
75 73 74 69 66 79 2d 65  6e 64 20 67 61 70 2d 32
22 3e 7b 66 6f 6f 74 65  72 7d 3c 2f 64 69 76 3e
7d 0a 20 20 20 20 20 20  3c 2f 64 69 76 3e 0a 20
20 20 20 3c 2f 64 69 76  3e 0a 20 20 29 3b 0a 7d
0a 0a 2f 2a 20 2d 2d 2d  20 54 6f 6f 6c 74 69 70
20 2d 2d 2d 20 2a 2f 0a  66 75 6e 63 74 69 6f 6e
20 54 6f 6f 6c 74 69 70  28 7b 20 63 6f 6e 74 65
6e 74 2c 20 63 68 69 6c  64 72 65 6e 2c 20 73 69
64 65 20 3d 20 22 74 6f  70 22 2c 20 63 6c 61 73
73 4e 61 6d 65 20 3d 20  22 22 20 7d 29 20 7b 0a
20 20 63 6f 6e 73 74 20  5b 73 68 6f 77 2c 20 73
65 74 53 68 6f 77 5d 20  3d 20 75 73 65 53 74 61
74 65 28 66 61 6c 73 65  29 3b 0a 20 20 63 6f 6e
73 74 20 73 69 64 65 73  20 3d 20 7b 0a 20 20 20
20 74 6f 70 3a 20 22 62  6f 74 74 6f 6d 2d 66 75
6c 6c 20 6c 65 66 74 2d  31 2f 32 20 2d 74 72 61
6e 73 6c 61 74 65 2d 78  2d 31 2f 32 20 6d 62 2d
31 2e 35 22 2c 0a 20 20  20 20 62 6f 74 74 6f 6d
3a 20 22 74 6f 70 2d 66  75 6c 6c 20 6c 65 66 74
2d 31 2f 32 20 2d 74 72  61 6e 73 6c 61 74 65 2d
78 2d 31 2f 32 20 6d 74  2d 31 2e 35 22 2c 0a 20
20 20 20 6c 65 66 74 3a  20 22 72 69 67 68 74 2d
66 75 6c 6c 20 74 6f 70  2d 31 2f 32 20 2d 74 72
61 6e 73 6c 61 74 65 2d  79 2d 31 2f 32 20 6d 72
2d 31 2e 35 22 2c 0a 20  20 20 20 72 69 67 68 74
3a 20 22 6c 65 66 74 2d  66 75 6c 6c 20 74 6f 70
2d 31 2f 32 20 2d 74 72  61 6e 73 6c 61 74 65 2d
79 2d 31 2f 32 20 6d 6c  2d 31 2e 35 22 2c 0a 20
20 7d 3b 0a 20 20 72 65  74 75 72 6e 20 28 0a 20
20 20 20 3c 64 69 76 0a  20 20 20 20 20 20 63 6c
61 73 73 4e 61 6d 65 3d  22 72 65 6c 61 74 69 76
65 20 69 6e 6c 69 6e 65  2d 66 6c 65 78 22 0a 20
20 20 20 20 20 6f 6e 4d  6f 75 73 65 45 6e 74 65
72 3d 7b 28 29 20 3d 3e  20 73 65 74 53 68 6f 77
28 74 72 75 65 29 7d 0a  20 20 20 20 20 20 6f 6e
4d 6f 75 73 65 4c 65 61  76 65 3d 7b 28 29 20 3d
3e 20 73 65 74 53 68 6f  77 28 66 61 6c 73 65 29
7d 0a 20 20 20 20 3e 0a  20 20 20 20 20 20 7b 63
68 69 6c 64 72 65 6e 7d  0a 20 20 20 20 20 20 7b
73 68 6f 77 20 26 26 20  63 6f 6e 74 65 6e 74 20
26 26 20 28 0a 20 20 20  20 20 20 20 20 3c 64 69
76 0a 20 20 20 20 20 20  20 20 20 20 63 6c 61 73
73 4e 61 6d 65 3d 7b 60  61 62 73 6f 6c 75 74 65
20 7a 2d 35 30 20 77 68  69 74 65 73 70 61 63 65
2d 6e 6f 77 72 61 70 20  72 6f 75 6e 64 65 64 2d
6d 64 20 62 67 2d 70 6f  70 6f 76 65 72 20 70 78
2d 32 2e 35 20 70 79 2d  31 2e 35 20 74 65 78 74
2d 78 73 20 74 65 78 74  2d 70 6f 70 6f 76 65 72
2d 66 6f 72 65 67 72 6f  75 6e 64 20 62 6f 72 64
65 72 20 62 6f 72 64 65  72 2d 62 6f 72 64 65 72
20 73 68 61 64 6f 77 2d  6d 64 20 70 6f 69 6e 74
65 72 2d 65 76 65 6e 74  73 2d 6e 6f 6e 65 20 24
7b 73 69 64 65 73 5b 73  69 64 65 5d 7d 20 24 7b
63 6c 61 73 73 4e 61 6d  65 7d 60 7d 0a 20 20 20
20 20 20 20 20 3e 0a 20  20 20 20 20 20 20 20 20
20 7b 63 6f 6e 74 65 6e  74 7d 0a 20 20 20 20 20
20 20 20 3c 2f 64 69 76  3e 0a 20 20 20 20 20 20
29 7d 0a 20 20 20 20 3c  2f 64 69 76 3e 0a 20 20
29 3b 0a 7d 0a 0a 2f 2a  20 2d 2d 2d 20 42 75 74
74 6f 6e 20 28 73 68 61  64 63 6e 20 76 61 72 69
61 6e 74 73 29 20 2d 2d  2d 20 2a 2f 0a 66 75 6e
63 74 69 6f 6e 20 42 75  74 74 6f 6e 28 7b 0a 20
20 76 61 72 69 61 6e 74  20 3d 20 22 64 65 66 61
75 6c 74 22 2c 0a 20 20  73 69 7a 65 20 3d 20 22
64 65 66 61 75 6c 74 22  2c 0a 20 20 63 6c 61 73
73 4e 61 6d 65 20 3d 20  22 22 2c 0a 20 20 63 68
69 6c 64 72 65 6e 2c 0a  20 20 2e 2e 2e 70 72 6f
70 73 0a 7d 29 20 7b 0a  20 20 63 6f 6e 73 74 20
76 61 72 69 61 6e 74 73  20 3d 20 7b 0a 20 20 20
20 64 65 66 61 75 6c 74  3a 20 22 62 67 2d 70 72
69 6d 61 72 79 20 74 65  78 74 2d 70 72 69 6d 61
72 79 2d 66 6f 72 65 67  72 6f 75 6e 64 20 68 6f
76 65 72 3a 62 67 2d 70  72 69 6d 61 72 79 2f 39
30 22 2c 0a 20 20 20 20  64 65 73 74 72 75 63 74
69 76 65 3a 0a 20 20 20  20 20 20 22 62 67 2d 64
65 73 74 72 75 63 74 69  76 65 20 74 65 78 74 2d
64 65 73 74 72 75 63 74  69 76 65 2d 66 6f 72 65
67 72 6f 75 6e 64 20 68  6f 76 65 72 3a 62 67 2d
64 65 73 74 72 75 63 74  69 76 65 2f 39 30 22 2c
0a 20 20 20 20 6f 75 74  6c 69 6e 65 3a 0a 20 20
20 20 20 20 22 62 6f 72  64 65 72 20 62 6f 72 64
65 72 2d 62 6f 72 64 65  72 20 62 67 2d 62 61 63
6b 67 72 6f 75 6e 64 20  68 6f 76 65 72 3a 62 67
2d 61 63 63 65 6e 74 20  68 6f 76 65 72 3a 74 65
78 74 2d 61 63 63 65 6e  74 2d 66 6f 72 65 67 72
6f 75 6e 64 22 2c 0a 20  20 20 20 73 65 63 6f 6e
64 61 72 79 3a 20 22 62  67 2d 73 65 63 6f 6e 64
61 72 79 20 74 65 78 74  2d 73 65 63 6f 6e 64 61
72 79 2d 66 6f 72 65 67  72 6f 75 6e 64 20 68 6f
76 65 72 3a 62 67 2d 73  65 63 6f 6e 64 61 72 79
2f 38 30 22 2c 0a 20 20  20 20 67 68 6f 73 74 3a
20 22 68 6f 76 65 72 3a  62 67 2d 61 63 63 65 6e
74 20 68 6f 76 65 72 3a  74 65 78 74 2d 61 63 63
65 6e 74 2d 66 6f 72 65  67 72 6f 75 6e 64 22 2c
0a 20 20 20 20 6c 69 6e  6b 3a 20 22 74 65 78 74
2d 70 72 69 6d 61 72 79  20 75 6e 64 65 72 6c 69
6e 65 2d 6f 66 66 73 65  74 2d 34 20 68 6f 76 65
72 3a 75 6e 64 65 72 6c  69 6e 65 22 2c 0a 20 20
7d 3b 0a 20 20 63 6f 6e  73 74 20 73 69 7a 65 73
20 3d 20 7b 0a 20 20 20  20 64 65 66 61 75 6c 74
3a 20 22 68 2d 39 20 70  78 2d 34 20 70 79 2d 32
22 2c 0a 20 20 20 20 73  6d 3a 20 22 68 2d 38 20
72 6f 75 6e 64 65 64 2d  6d 64 20 70 78 2d 33 20
74 65 78 74 2d 78 73 22  2c 0a 20 20 20 20 6c 67
3a 20 22 68 2d 31 30 20  72 6f 75 6e 64 65 64 2d
6d 64 20 70 78 2d 38 22  2c 0a 20 20 20 20 69 63
6f 6e 3a 20 22 68 2d 39  20 77 2d 39 22 2c 0a 20
20 7d 3b 0a 20 20 72 65  74 75 72 6e 20 28 0a 20
20 20 20 3c 62 75 74 74  6f 6e 0a 20 20 20 20 20
20 63 6c 61 73 73 4e 61  6d 65 3d 7b 60 69 6e 6c
69 6e 65 2d 66 6c 65 78  20 69 74 65 6d 73 2d 63
65 6e 74 65 72 20 6a 75  73 74 69 66 79 2d 63 65
6e 74 65 72 20 67 61 70  2d 31 2e 35 20 77 68 69
74 65 73 70 61 63 65 2d  6e 6f 77 72 61 70 20 72
6f 75 6e 64 65 64 2d 6d  64 20 74 65 78 74 2d 73
6d 20 66 6f 6e 74 2d 6d  65 64 69 75 6d 20 74 72
61 6e 73 69 74 69 6f 6e  2d 63 6f 6c 6f 72 73 20
66 6f 63 75 73 2d 76 69  73 69 62 6c 65 3a 6f 75
74 6c 69 6e 65 2d 6e 6f  6e 65 20 66 6f 63 75 73
2d 76 69 73 69 62 6c 65  3a 72 69 6e 67 2d 32 20
66 6f 63 75 73 2d 76 69  73 69 62 6c 65 3a 72 69
6e 67 2d 72 69 6e 67 20  64 69 73 61 62 6c 65 64
3a 70 6f 69 6e 74 65 72  2d 65 76 65 6e 74 73 2d
6e 6f 6e 65 20 64 69 73  61 62 6c 65 64 3a 6f 70
61 63 69 74 79 2d 35 30  20 24 7b 76 61 72 69 61
6e 74 73 5b 76 61 72 69  61 6e 74 5d 7d 20 24 7b
73 69 7a 65 73 5b 73 69  7a 65 5d 7d 20 24 7b 63
6c 61 73 73 4e 61 6d 65  7d 60 7d 0a 20 20 20 20
20 20 7b 2e 2e 2e 70 72  6f 70 73 7d 0a 20 20 20
20 3e 0a 20 20 20 20 20  20 7b 63 68 69 6c 64 72
65 6e 7d 0a 20 20 20 20  3c 2f 62 75 74 74 6f 6e
3e 0a 20 20 29 3b 0a 7d  0a 0a 2f 2a 20 2d 2d 2d
20 49 6e 70 75 74 20 2d  2d 2d 20 2a 2f 0a 66 75
6e 63 74 69 6f 6e 20 49  6e 70 75 74 28 7b 20 63
6c 61 73 73 4e 61 6d 65  20 3d 20 22 22 2c 20 2e
2e 2e 70 72 6f 70 73 20  7d 29 20 7b 0a 20 20 72
65 74 75 72 6e 20 28 0a  20 20 20 20 3c 69 6e 70
75 74 0a 20 20 20 20 20  20 63 6c 61 73 73 4e 61
6d 65 3d 7b 60 66 6c 65  78 20 68 2d 39 20 77 2d
66 75 6c 6c 20 72 6f 75  6e 64 65 64 2d 6d 64 20
62 6f 72 64 65 72 20 62  6f 72 64 65 72 2d 69 6e
70 75 74 20 62 67 2d 62  61 63 6b 67 72 6f 75 6e
64 20 70 78 2d 33 20 70  79 2d 31 20 74 65 78 74
2d 73 6d 20 74 65 78 74  2d 66 6f 72 65 67 72 6f
75 6e 64 20 73 68 61 64  6f 77 2d 73 6d 20 74 72
61 6e 73 69 74 69 6f 6e  2d 63 6f 6c 6f 72 73 20
70 6c 61 63 65 68 6f 6c  64 65 72 3a 74 65 78 74
2d 6d 75 74 65 64 2d 66  6f 72 65 67 72 6f 75 6e
64 20 66 6f 63 75 73 2d  76 69 73 69 62 6c 65 3a
6f 75 74 6c 69 6e 65 2d  6e 6f 6e 65 20 66 6f 63
75 73 2d 76 69 73 69 62  6c 65 3a 72 69 6e 67 2d
32 20 66 6f 63 75 73 2d  76 69 73 69 62 6c 65 3a
72 69 6e 67 2d 72 69 6e  67 20 64 69 73 61 62 6c
65 64 3a 63 75 72 73 6f  72 2d 6e 6f 74 2d 61 6c
6c 6f 77 65 64 20 64 69  73 61 62 6c 65 64 3a 6f
70 61 63 69 74 79 2d 35  30 20 24 7b 63 6c 61 73
73 4e 61 6d 65 7d 60 7d  0a 20 20 20 20 20 20 7b
2e 2e 2e 70 72 6f 70 73  7d 0a 20 20 20 20 2f 3e
0a 20 20 29 3b 0a 7d 0a  0a 2f 2a 20 2d 2d 2d 20
53 65 70 61 72 61 74 6f  72 20 2d 2d 2d 20 2a 2f
0a 66 75 6e 63 74 69 6f  6e 20 53 65 70 61 72 61
74 6f 72 28 7b 20 6f 72  69 65 6e 74 61 74 69 6f
6e 20 3d 20 22 68 6f 72  69 7a 6f 6e 74 61 6c 22
2c 20 63 6c 61 73 73 4e  61 6d 65 20 3d 20 22 22
20 7d 29 20 7b 0a 20 20  72 65 74 75 72 6e 20 28
0a 20 20 20 20 3c 64 69  76 0a 20 20 20 20 20 20
63 6c 61 73 73 4e 61 6d  65 3d 7b 60 24 7b 6f 72
69 65 6e 74 61 74 69 6f  6e 20 3d 3d 3d 20 22 68
6f 72 69 7a 6f 6e 74 61  6c 22 20 3f 20 22 68 2d
70 78 20 77 2d 66 75 6c  6c 22 20 3a 20 22 77 2d
70 78 20 68 2d 66 75 6c  6c 22 7d 20 62 67 2d 62
6f 72 64 65 72 20 24 7b  63 6c 61 73 73 4e 61 6d
65 7d 60 7d 0a 20 20 20  20 2f 3e 0a 20 20 29 3b
0a 7d 0a 0a 2f 2a 20 2d  2d 2d 20 53 63 72 6f 6c
6c 41 72 65 61 20 2d 2d  2d 20 2a 2f 0a 66 75 6e
63 74 69 6f 6e 20 53 63  72 6f 6c 6c 41 72 65 61
28 7b 20 63 6c 61 73 73  4e 61 6d 65 20 3d 20 22
22 2c 20 63 68 69 6c 64  72 65 6e 2c 20 2e 2e 2e
70 72 6f 70 73 20 7d 29  20 7b 0a 20 20 72 65 74
75 72 6e 20 28 0a 20 20  20 20 3c 64 69 76 20 63
6c 61 73 73 4e 61 6d 65  3d 7b 60 6f 76 65 72 66
6c 6f 77 2d 61 75 74 6f  20 24 7b 63 6c 61 73 73
4e 61 6d 65 7d 60 7d 20  7b 2e 2e 2e 70 72 6f 70
73 7d 3e 0a 20 20 20 20  20 20 7b 63 68 69 6c 64
72 65 6e 7d 0a 20 20 20  20 3c 2f 64 69 76 3e 0a
20 20 29 3b 0a 7d 0a 0a  2f 2a 20 2d 2d 2d 20 41
76 61 74 61 72 20 2d 2d  2d 20 2a 2f 0a 66 75 6e
63 74 69 6f 6e 20 41 76  61 74 61 72 28 7b 20 73
72 63 2c 20 66 61 6c 6c  62 61 63 6b 2c 20 63 6c
61 73 73 4e 61 6d 65 20  3d 20 22 22 2c 20 73 69
7a 65 20 3d 20 22 64 65  66 61 75 6c 74 22 20 7d
29 20 7b 0a 20 20 63 6f  6e 73 74 20 5b 65 72 72
2c 20 73 65 74 45 72 72  5d 20 3d 20 75 73 65 53
74 61 74 65 28 66 61 6c  73 65 29 3b 0a 20 20 63
6f 6e 73 74 20 73 69 7a  65 73 20 3d 20 7b 0a 20
20 20 20 73 6d 3a 20 22  68 2d 36 20 77 2d 36 20
74 65 78 74 2d 78 73 22  2c 0a 20 20 20 20 64 65
66 61 75 6c 74 3a 20 22  68 2d 38 20 77 2d 38 20
74 65 78 74 2d 73 6d 22  2c 0a 20 20 20 20 6c 67
3a 20 22 68 2d 31 30 20  77 2d 31 30 20 74 65 78
74 2d 62 61 73 65 22 2c  0a 20 20 7d 3b 0a 20 20
72 65 74 75 72 6e 20 28  0a 20 20 20 20 3c 64 69
76 0a 20 20 20 20 20 20  63 6c 61 73 73 4e 61 6d
65 3d 7b 60 72 65 6c 61  74 69 76 65 20 66 6c 65
78 20 73 68 72 69 6e 6b  2d 30 20 69 74 65 6d 73
2d 63 65 6e 74 65 72 20  6a 75 73 74 69 66 79 2d
63 65 6e 74 65 72 20 6f  76 65 72 66 6c 6f 77 2d
68 69 64 64 65 6e 20 72  6f 75 6e 64 65 64 2d 66
75 6c 6c 20 62 67 2d 6d  75 74 65 64 20 24 7b 73
69 7a 65 73 5b 73 69 7a  65 5d 7d 20 24 7b 63 6c
61 73 73 4e 61 6d 65 7d  60 7d 0a 20 20 20 20 3e
0a 20 20 20 20 20 20 7b  73 72 63 20 26 26 20 21
65 72 72 20 3f 20 28 0a  20 20 20 20 20 20 20 20
3c 69 6d 67 0a 20 20 20  20 20 20 20 20 20 20 73
72 63 3d 7b 73 72 63 7d  0a 20 20 20 20 20 20 20
20 20 20 6f 6e 45 72 72  6f 72 3d 7b 28 29 20 3d
3e 20 73 65 74 45 72 72  28 74 72 75 65 29 7d 0a
20 20 20 20 20 20 20 20  20 20 63 6c 61 73 73 4e
61 6d 65 3d 22 68 2d 66  75 6c 6c 20 77 2d 66 75
6c 6c 20 6f 62 6a 65 63  74 2d 63 6f 76 65 72 22
0a 20 20 20 20 20 20 20  20 2f 3e 0a 20 20 20 20
20 20 29 20 3a 20 28 0a  20 20 20 20 20 20 20 20
3c 73 70 61 6e 20 63 6c  61 73 73 4e 61 6d 65 3d
22 66 6f 6e 74 2d 6d 65  64 69 75 6d 20 74 65 78
74 2d 6d 75 74 65 64 2d  66 6f 72 65 67 72 6f 75
6e 64 22 3e 7b 66 61 6c  6c 62 61 63 6b 7d 3c 2f
73 70 61 6e 3e 0a 20 20  20 20 20 20 29 7d 0a 20
20 20 20 3c 2f 64 69 76  3e 0a 20 20 29 3b 0a 7d
0a 0a 52 65 61 63 74 44  4f 4d 2e 63 72 65 61 74
65 52 6f 6f 74 28 64 6f  63 75 6d 65 6e 74 2e 67
65 74 45 6c 65 6d 65 6e  74 42 79 49 64 28 22 72
6f 6f 74 22 29 29 2e 72  65 6e 64 65 72 28 3c 41
70 70 20 2f 3e 29 3b 0a
